slug,name,country,region,timezone,lat,lng,population
shanghai,Shanghai,CN,,Asia/Shanghai,31.22,121.46,24874500
beijing,Beijing,CN,,Asia/Shanghai,39.91,116.4,18960744
shenzhen,Shenzhen,CN,,Asia/Shanghai,22.55,114.07,17494398
guangzhou,Guangzhou,CN,,Asia/Shanghai,23.12,113.25,16096724
kinshasa,Kinshasa,CD,,Africa/Kinshasa,-4.33,15.31,16000000
istanbul,Istanbul,TR,,Europe/Istanbul,41.01,28.95,15701602
lagos,Lagos,NG,,Africa/Lagos,6.45,3.39,15388000
hochiminhcity,Ho Chi Minh City,VN,,Asia/Ho_Chi_Minh,10.82,106.63,14002598
chengdu,Chengdu,CN,,Asia/Shanghai,30.67,104.07,13568357
lahore,Lahore,PK,,Asia/Karachi,31.56,74.35,13004135
mumbai,Mumbai,IN,,Asia/Kolkata,19.07,72.88,12691836
saopaulo,São Paulo,BR,,America/Sao_Paulo,-23.55,-46.64,12400232
mexicocity,Mexico City,MX,,America/Mexico_City,19.43,-99.13,12294193
karachi,Karachi,PK,,Asia/Karachi,24.86,67.01,11624219
tianjin,Tianjin,CN,,Asia/Shanghai,39.14,117.18,11090314
delhi,Delhi,IN,,Asia/Kolkata,28.65,77.23,11034555
wuhan,Wuhan,CN,,Asia/Shanghai,30.58,114.27,10392693
moscow,Moscow,RU,,Europe/Moscow,55.75,37.62,10381222
dhaka,Dhaka,BD,,Asia/Dhaka,23.71,90.41,10356500
seoul,Seoul,KR,,Asia/Seoul,37.57,126.98,10349312
tokyo,Tokyo,JP,,Asia/Tokyo,35.69,139.69,9733276
dongguan,Dongguan,CN,,Asia/Shanghai,23.02,113.75,9644871
cairo,Cairo,EG,,Africa/Cairo,30.06,31.25,9606916
xian,Xi’an,CN,,Asia/Shanghai,34.26,108.93,9600000
johannesburg,Johannesburg,ZA,,Africa/Johannesburg,-26.2,28.04,9418183
nanjing,Nanjing,CN,,Asia/Shanghai,32.06,118.78,9314685
hangzhou,Hangzhou,CN,,Asia/Shanghai,30.29,120.16,9236032
foshan,Foshan,CN,,Asia/Shanghai,23.03,113.13,9042509
london,London,GB,,Europe/London,51.51,-0.13,8961989
newyorkcity,New York City,US,,America/New_York,40.71,-74.01,8804190
jakarta,Jakarta,ID,,Asia/Jakarta,-6.21,106.85,8540121
bengaluru,Bengaluru,IN,,Asia/Kolkata,12.97,77.59,8495492
hanoi,Hanoi,VN,,Asia/Bangkok,21.02,105.84,8053663
taipei,Taipei,TW,,Asia/Taipei,25.05,121.53,7871900
lima,Lima,PE,,America/Lima,-12.04,-77.03,7737002
bogota,Bogotá,CO,,America/Bogota,4.61,-74.08,7674366
chongqing,Chongqing,CN,,Asia/Shanghai,29.56,106.56,7457599
hongkong,Hong Kong,HK,,Asia/Hong_Kong,22.28,114.17,7396076
baghdad,Baghdad,IQ,,Asia/Baghdad,33.34,44.4,7216000
wuzhong,Wuzhong,CN,,Asia/Shanghai,37.99,106.2,7202654
qingdao,Qingdao,CN,,Asia/Shanghai,36.06,120.38,7172451
tehran,Tehran,IR,,Asia/Tehran,35.69,51.42,7153309
shenyang,Shenyang,CN,,Asia/Shanghai,41.79,123.43,7050000
hyderabad,Hyderabad,IN,,Asia/Kolkata,17.38,78.46,6993262
riodejaneiro,Rio de Janeiro,BR,,America/Sao_Paulo,-22.91,-43.18,6747815
suzhou,Suzhou,CN,04,Asia/Shanghai,31.3,120.6,6715559
ahmedabad,Ahmedabad,IN,,Asia/Kolkata,23.03,72.59,6357693
abidjan,Abidjan,CI,,Africa/Abidjan,5.35,-4,6321017
pudong,Pudong,CN,,Asia/Shanghai,31.24,121.5,5681512
singapore,Singapore,SG,,Asia/Singapore,1.29,103.85,5638700
sydney,Sydney,AU,,Australia/Sydney,-33.87,151.21,5557233
daressalaam,Dar es Salaam,TZ,,Africa/Dar_es_Salaam,-6.82,39.27,5383728
saintpetersburg,Saint Petersburg,RU,,Europe/Moscow,59.94,30.31,5351935
melbourne,Melbourne,AU,,Australia/Melbourne,-37.81,144.96,5350705
alexandria,Alexandria,EG,,Africa/Cairo,31.2,29.92,5263542
harbin,Harbin,CN,,Asia/Shanghai,45.75,126.65,5242897
bangkok,Bangkok,TH,,Asia/Bangkok,13.75,100.5,5104476
hefei,Hefei,CN,,Asia/Shanghai,31.86,117.28,5050000
dalian,Dalian,CN,,Asia/Shanghai,38.91,121.6,4913879
kano,Kano,NG,,Africa/Lagos,12,8.52,4910000
santiago,Santiago,CL,,America/Santiago,-33.46,-70.65,4837295
capetown,Cape Town,ZA,,Africa/Johannesburg,-33.93,18.42,4772846
peshawar,Peshawar,PK,,Asia/Karachi,34.01,71.58,4758762
changchun,Changchun,CN,,Asia/Shanghai,43.88,125.32,4714996
jeddah,Jeddah,SA,,Asia/Riyadh,21.49,39.19,4697000
chennai,Chennai,IN,,Asia/Kolkata,13.09,80.28,4681087
kolkata,Kolkata,IN,,Asia/Kolkata,22.56,88.36,4631392
xiamen,Xiamen,CN,,Asia/Shanghai,24.48,118.08,4617251
surat,Surat,IN,,Asia/Kolkata,21.2,72.83,4591246
yangon,Yangon,MM,,Asia/Yangon,16.81,96.16,4477638
baoan,Bao'an,CN,,Asia/Shanghai,22.55,113.88,4476554
kabul,Kabul,AF,,Asia/Kabul,34.53,69.17,4434550
nairobi,Nairobi,KE,,Africa/Nairobi,-1.28,36.82,4397073
wuxi,Wuxi,CN,,Asia/Shanghai,31.57,120.29,4396835
giza,Giza,EG,,Africa/Cairo,30.01,31.21,4367343
jinan,Jinan,CN,,Asia/Shanghai,36.67,117,4335989
taiyuan,Taiyuan,CN,,Asia/Shanghai,37.87,112.56,4303673
zhengzhou,Zhengzhou,CN,,Asia/Shanghai,34.76,113.65,4253913
bamako,Bamako,ML,,Africa/Bamako,12.61,-7.98,4227569
riyadh,Riyadh,SA,,Asia/Riyadh,24.69,46.72,4205961
newtaipeicity,New Taipei City,TW,,Asia/Taipei,25.06,121.46,4004367
newterritories,New Territories,HK,,Asia/Hong_Kong,22.42,114.11,3984077
shijiazhuang,Shijiazhuang,CN,,Asia/Shanghai,38.04,114.48,3938513
chattogram,Chattogram,BD,,Asia/Dhaka,22.34,91.83,3920222
addisababa,Addis Ababa,ET,,Africa/Addis_Ababa,9.02,38.75,3860000
kunming,Kunming,CN,,Asia/Shanghai,25.04,102.72,3855346
zhongshan,Zhongshan,CN,,Asia/Shanghai,22.52,113.38,3841873
nanning,Nanning,CN,,Asia/Shanghai,22.82,108.32,3839800
shantou,Shantou,CN,,Asia/Shanghai,23.35,116.68,3838900
losangeles,Los Angeles,US,,America/Los_Angeles,34.05,-118.24,3820914
faisalabad,Faisalabad,PK,,Asia/Karachi,31.42,73.09,3800193
dubai,Dubai,AE,,Asia/Dubai,25.08,55.31,3790000
yokohama,Yokohama,JP,,Asia/Tokyo,35.43,139.65,3777491
fuzhou,Fuzhou,CN,07,Asia/Shanghai,26.06,119.31,3740000
ningbo,Ningbo,CN,,Asia/Shanghai,29.88,121.55,3731203
casablanca,Casablanca,MA,,Africa/Casablanca,33.59,-7.61,3665954
ibadan,Ibadan,NG,,Africa/Lagos,7.38,3.91,3649000
puyang,Puyang,CN,02,Asia/Shanghai,29.46,119.89,3590000
ankara,Ankara,TR,,Europe/Istanbul,39.92,32.85,3517182
shiyan,Shiyan,CN,,Asia/Shanghai,32.65,110.78,3460000
berlin,Berlin,DE,,Europe/Berlin,52.52,13.41,3426354
tangshan,Tangshan,CN,,Asia/Shanghai,39.64,118.18,3372102
rawalpindi,Rawalpindi,PK,,Asia/Karachi,33.6,73.05,3357612
lueliang,Lüliang,CN,,Asia/Shanghai,37.52,111.14,3346500
durban,Durban,ZA,,Africa/Johannesburg,-29.86,31.03,3338026
changzhou,Changzhou,CN,,Asia/Shanghai,31.77,119.95,3290918
busan,Busan,KR,,Asia/Seoul,35.1,129.03,3285147
madrid,Madrid,ES,,Europe/Madrid,40.42,-3.7,3255944
pyongyang,Pyongyang,KP,,Asia/Pyongyang,39.03,125.75,3222000
zibo,Zibo,CN,,Asia/Shanghai,36.79,118.06,3129228
pune,Pune,IN,,Asia/Kolkata,18.52,73.86,3124458
bursa,Bursa,TR,,Europe/Istanbul,40.2,29.06,3101833
changsha,Changsha,CN,11,Asia/Shanghai,28.2,112.97,3093980
quezoncity,Quezon City,PH,,Asia/Manila,14.65,121.05,3084270
jaipur,Jaipur,IN,,Asia/Kolkata,26.92,75.79,3046163
guiyang,Guiyang,CN,,Asia/Shanghai,26.58,106.72,3037159
ueruemqi,Ürümqi,CN,,Asia/Urumqi,43.8,87.6,3029372
surabaya,Surabaya,ID,,Asia/Jakarta,-7.25,112.75,3018022
incheon,Incheon,KR,,Asia/Seoul,37.46,126.71,3015482
lanzhou,Lanzhou,CN,,Asia/Shanghai,36.06,103.84,3000000
caracas,Caracas,VE,,America/Caracas,10.49,-66.88,3000000
kyiv,Kyiv,UA,,Europe/Kyiv,50.45,30.52,2952301
izmir,İzmir,TR,,Europe/Istanbul,38.41,27.14,2938292
huizhou,Huizhou,CN,,Asia/Shanghai,23.11,114.42,2900113
buenosaires,Buenos Aires,AR,,America/Argentina/Buenos_Aires,-34.61,-58.38,2891082
haikou,Haikou,CN,31,Asia/Shanghai,20.03,110.35,2873358
taichung,Taichung,TW,,Asia/Taipei,24.15,120.68,2850285
kanpur,Kanpur,IN,,Asia/Kolkata,26.47,80.35,2823249
toronto,Toronto,CA,,America/Toronto,43.71,-79.4,2794356
quito,Quito,EC,,America/Guayaquil,-0.23,-78.52,2781641
brisbane,Brisbane,AU,,Australia/Brisbane,-27.47,153.03,2780063
luanda,Luanda,AO,,Africa/Luanda,-8.84,13.23,2776168
osaka,Osaka,JP,,Asia/Tokyo,34.69,135.5,2753862
linyi,Linyi,CN,,Asia/Shanghai,35.06,118.34,2743843
baoding,Baoding,CN,,Asia/Shanghai,38.87,115.46,2739887
kaohsiung,Kaohsiung,TW,,Asia/Taipei,22.62,120.31,2737660
brooklyn,Brooklyn,US,,America/New_York,40.65,-73.95,2736074
guayaquil,Guayaquil,EC,,America/Guayaquil,-2.2,-79.89,2723665
belohorizonte,Belo Horizonte,BR,,America/Sao_Paulo,-19.92,-43.94,2721564
minhang,Minhang,CN,,Asia/Shanghai,31.11,121.37,2716600
bazhong,Bazhong,CN,,Asia/Shanghai,31.87,106.74,2712894
salvador,Salvador,BR,,America/Bahia,-12.98,-38.49,2711840
abuja,Abuja,NG,,Africa/Lagos,9.06,7.5,2690000
gazipur,Gazipur,BD,,Asia/Dhaka,24,90.42,2674697
chicago,Chicago,US,,America/Chicago,41.85,-87.65,2664452
wenzhou,Wenzhou,CN,,Asia/Shanghai,28,120.67,2650000
dakar,Dakar,SN,,Africa/Dakar,14.69,-17.44,2646503
haiphong,Haiphong,VN,,Asia/Bangkok,20.86,106.68,2625200
yunfu,Yunfu,CN,,Asia/Shanghai,22.93,112.04,2612800
navimumbai,Navi Mumbai,IN,,Asia/Kolkata,19.04,73.02,2600000
mogadishu,Mogadishu,SO,,Africa/Mogadishu,2.04,45.34,2587183
bekasi,Bekasi,ID,,Asia/Jakarta,-6.23,106.99,2564940
kumasi,Kumasi,GH,,Africa/Accra,6.69,-1.62,2544530
bandung,Bandung,ID,,Asia/Jakarta,-6.92,107.61,2528163
gujranwala,Gujranwala,PK,,Asia/Karachi,32.16,74.19,2511118
huaian,Huai'an,CN,,Asia/Shanghai,33.59,119.02,2494013
medan,Medan,ID,,Asia/Jakarta,3.58,98.67,2486283
lucknow,Lucknow,IN,,Asia/Kolkata,26.84,80.92,2472011
ouagadougou,Ouagadougou,BF,,Africa/Ouagadougou,12.37,-1.53,2415266
nagpur,Nagpur,IN,,Asia/Kolkata,21.15,79.08,2405665
fortaleza,Fortaleza,BR,,America/Fortaleza,-3.72,-38.54,2400000
cali,Cali,CO,,America/Bogota,3.43,-76.52,2392877
daegu,Daegu,KR,,Asia/Seoul,35.87,128.59,2365523
algiers,Algiers,DZ,,Africa/Algiers,36.73,3.09,2364230
nanchang,Nanchang,CN,,Asia/Shanghai,28.68,115.85,2357839
baku,Baku,AZ,,Asia/Baku,40.38,49.89,2351300
hohhot,Hohhot,CN,,Asia/Shanghai,40.81,111.65,2350000
nagoya,Nagoya,JP,,Asia/Tokyo,35.18,136.91,2332176
rome,Rome,IT,,Europe/Rome,41.89,12.51,2318895
queens,Queens,US,,America/New_York,40.68,-73.84,2316841
houston,Houston,US,,America/Chicago,29.76,-95.36,2314157
perth,Perth,AU,,Australia/Perth,-31.95,115.86,2309338
mashhad,Mashhad,IR,,Asia/Tehran,36.3,59.61,2307177
shaoxing,Shaoxing,CN,,Asia/Shanghai,30,120.58,2300000
nantong,Nantong,CN,,Asia/Shanghai,32.03,120.87,2273326
baoshan,Baoshan,CN,23,Asia/Shanghai,31.41,121.49,2265900
kowloon,Kowloon,HK,,Asia/Hong_Kong,22.32,114.18,2232339
yantai,Yantai,CN,,Asia/Shanghai,37.48,121.44,2227733
gaziantep,Gaziantep,TR,,Europe/Istanbul,37.06,37.38,2222415
lubumbashi,Lubumbashi,CD,,Africa/Lubumbashi,-11.66,27.48,2221925
manaus,Manaus,BR,,America/Manaus,-3.1,-60.02,2219580
lusaka,Lusaka,ZM,,Africa/Lusaka,-15.41,28.29,2212301
brasilia,Brasília,BR,,America/Sao_Paulo,-15.78,-47.93,2207718
zhuhai,Zhuhai,CN,,Asia/Shanghai,22.28,113.57,2207090
santodomingo,Santo Domingo,DO,,America/Santo_Domingo,18.47,-69.89,2201941
lome,Lomé,TG,,Africa/Lome,6.13,1.22,2188376
multan,Multan,PK,,Asia/Karachi,30.2,71.48,2169915
havana,Havana,CU,,America/Havana,23.13,-82.38,2163824
baotou,Baotou,CN,,Asia/Shanghai,40.65,109.84,2150000
depok,Depok,ID,30,Asia/Jakarta,-6.4,106.82,2145400
paris,Paris,FR,,Europe/Paris,48.85,2.35,2138551
coimbatore,Coimbatore,IN,,Asia/Kolkata,11.01,76.97,2136916
qingyang,Qingyang,CN,,Asia/Shanghai,35.71,107.64,2125400
portharcourt,Port Harcourt,NG,,Africa/Lagos,4.78,7.01,2120000
pretoria,Pretoria,ZA,,Africa/Johannesburg,-25.74,28.19,2112693
cordoba,Córdoba,AR,,America/Argentina/Cordoba,-31.41,-64.19,2106734
mbujimayi,Mbuji-Mayi,CD,,Africa/Lubumbashi,-6.14,23.59,2101332
aleppo,Aleppo,SY,,Asia/Damascus,36.2,37.16,2098210
kunshan,Kunshan,CN,,Asia/Shanghai,31.38,120.95,2092496
almawsilaljadidah,Al Mawşil al Jadīdah,IQ,,Asia/Baghdad,36.33,43.11,2065597
weifang,Weifang,CN,,Asia/Shanghai,36.71,119.1,2044028
zunyi,Zunyi,CN,,Asia/Shanghai,27.69,106.91,2037775
albasrahalqadimah,Al Başrah al Qadīmah,IQ,,Asia/Baghdad,30.5,47.82,2015483
lapaz,La Paz,BO,,America/La_Paz,-16.5,-68.15,2004652
lianyungang,Lianyungang,CN,,Asia/Shanghai,34.6,119.22,2001009
medellin,Medellín,CO,,America/Bogota,6.25,-75.57,1999979
indore,Indore,IN,,Asia/Kolkata,22.72,75.83,1994397
brazzaville,Brazzaville,CG,,Africa/Brazzaville,-4.27,15.28,1982000
tashkent,Tashkent,UZ,,Asia/Tashkent,41.26,69.22,1978028
ganzhou,Ganzhou,CN,,Asia/Shanghai,25.85,114.93,1977253
almaty,Almaty,KZ,,Asia/Almaty,43.25,76.91,1977011
khartoum,Khartoum,SD,,Africa/Khartoum,15.55,32.53,1974647
hamburg,Hamburg,DE,,Europe/Berlin,53.55,9.99,1973896
sapporo,Sapporo,JP,,Asia/Tokyo,43.07,141.35,1973832
songjiang,Songjiang,CN,,Asia/Shanghai,31.03,121.22,1973500
accra,Accra,GH,,Africa/Accra,5.56,-0.2,1963264
curitiba,Curitiba,BR,,America/Sao_Paulo,-25.43,-49.27,1948626
ordos,Ordos,CN,,Asia/Shanghai,39.61,109.78,1940653
sanaa,Sanaa,YE,,Asia/Aden,15.35,44.21,1937451
conakry,Conakry,GN,,Africa/Conakry,9.54,-13.68,1928389
tijuana,Tijuana,MX,,America/Tijuana,32.5,-117,1922523
hyderabad_pk,Hyderabad,PK,,Asia/Karachi,25.4,68.38,1921275
beirut,Beirut,LB,,Asia/Beirut,33.89,35.5,1916100
tangerang,Tangerang,ID,,Asia/Jakarta,-6.18,106.63,1912679
jieyang,Jieyang,CN,,Asia/Shanghai,23.54,116.37,1899394
jilin,Jilin,CN,,Asia/Shanghai,43.85,126.56,1895865
jiading,Jiading,CN,,Asia/Shanghai,31.39,121.24,1886100
bucharest,Bucharest,RO,,Europe/Bucharest,44.43,26.11,1877155
camayenne,Camayenne,GN,,Africa/Conakry,9.54,-13.69,1871242
kakamega,Kakamega,KE,,Africa/Nairobi,0.28,34.75,1867579
shangqiu,Shangqiu,CN,,Asia/Shanghai,34.41,115.66,1859723
nanchong,Nanchong,CN,,Asia/Shanghai,30.8,106.08,1858875
tainan,Tainan,TW,,Asia/Taipei,22.99,120.21,1856642
datong,Datong,CN,,Asia/Shanghai,40.09,113.29,1850000
kaduna,Kaduna,NG,,Africa/Lagos,10.53,7.44,1850000
omdurman,Omdurman,SD,,Africa/Khartoum,15.64,32.48,1849659
davao,Davao,PH,,Asia/Manila,7.07,125.61,1848947
thane,Thāne,IN,,Asia/Kolkata,19.2,72.96,1841488
iztapalapa,Iztapalapa,MX,,America/Mexico_City,19.36,-99.06,1835486
diyarbakir,Diyarbakır,TR,,Europe/Istanbul,37.91,40.22,1833684
santacruzdelasierra,Santa Cruz de la Sierra,BO,,America/La_Paz,-17.79,-63.18,1831434
vadodara,Vadodara,IN,,Asia/Kolkata,22.3,73.21,1822221
adana,Adana,TR,,Europe/Istanbul,36.99,35.33,1816750
nanyang,Nanyang,CN,,Asia/Shanghai,33.01,112.55,1811812
abudhabi,Abu Dhabi,AE,,Asia/Dubai,24.45,54.4,1807000
palembang,Palembang,ID,,Asia/Jakarta,-2.92,104.75,1801367
sharjah,Sharjah,AE,,Asia/Dubai,25.33,55.41,1800000
bhopal,Bhopal,IN,,Asia/Kolkata,23.25,77.4,1798218
jiangmen,Jiangmen,CN,,Asia/Shanghai,22.58,113.08,1795459
benincity,Benin City,NG,,Africa/Lagos,6.34,5.63,1782000
jiangyin,Jiangyin,CN,,Asia/Shanghai,31.91,120.26,1779515
fuyang,Fuyang,CN,,Asia/Shanghai,32.9,115.82,1768947
montreal,Montréal,CA,,America/Toronto,45.51,-73.59,1762949
bayannur,Bayan Nur,CN,,Asia/Shanghai,40.74,107.39,1760000
maracaibo,Maracaibo,VE,,America/Caracas,10.64,-71.61,1752602
chaozhou,Chaozhou,CN,,Asia/Shanghai,23.65,116.62,1750945
minsk,Minsk,BY,,Europe/Minsk,53.9,27.57,1742124
budapest,Budapest,HU,,Europe/Budapest,47.5,19.04,1741041
qingyuan,Qingyuan,CN,,Asia/Shanghai,23.7,113.03,1738424
taian,Tai’an,CN,,Asia/Shanghai,36.19,117.12,1735425
rasapudipalem,Rasapūdipalem,IN,,Asia/Kolkata,17.73,83.32,1728128
pimprichinchwad,Pimpri-Chinchwad,IN,,Asia/Kolkata,18.62,73.8,1727692
caloocan,Caloocan,PH,,Asia/Manila,14.65,120.97,1712945
warsaw,Warsaw,PL,,Europe/Warsaw,52.23,21.01,1702139
soweto,Soweto,ZA,,Africa/Johannesburg,-26.27,27.86,1695047
semarang,Semarang,ID,,Asia/Jakarta,-6.99,110.42,1694740
puebla,Puebla,MX,,America/Mexico_City,19.05,-98.21,1692181
vienna,Vienna,AT,,Europe/Vienna,48.21,16.37,1691468
barcelona,Barcelona,ES,,Europe/Madrid,41.39,2.16,1686208
patna,Patna,IN,,Asia/Kolkata,25.59,85.14,1684297
mosul,Mosul,IQ,,Asia/Baghdad,36.34,43.12,1683000
kallakurichi,Kallakurichi,IN,,Asia/Kolkata,11.73,78.96,1682687
kampala,Kampala,UG,,Africa/Kampala,0.32,32.58,1680600
xining,Xining,CN,,Asia/Shanghai,36.63,101.76,1677177
changshu,Changshu,CN,,Asia/Shanghai,31.65,120.74,1677050
huainan,Huainan,CN,,Asia/Shanghai,32.63,117,1666826
rabat,Rabat,MA,,Africa/Casablanca,34.01,-6.83,1655753
recife,Recife,BR,,America/Recife,-8.05,-34.88,1653461
phoenix,Phoenix,US,,America/Phoenix,33.45,-112.07,1650070
suzhou_cn_01,Suzhou,CN,01,Asia/Shanghai,33.64,116.98,1647642
ecatepecdemorelos,Ecatepec de Morelos,MX,,America/Mexico_City,19.6,-99.06,1645352
luan,Lu’an,CN,,Asia/Shanghai,31.74,116.52,1644344
valencia,Valencia,VE,,America/Caracas,10.16,-68,1619470
ludhiana,Ludhiana,IN,,Asia/Kolkata,30.91,75.85,1618879
yancheng,Yancheng,CN,,Asia/Shanghai,33.36,120.16,1615717
novosibirsk,Novosibirsk,RU,,Asia/Novosibirsk,55.02,82.93,1612833
erbil,Erbil,IQ,,Asia/Baghdad,36.19,44.01,1612700
fukuoka,Fukuoka,JP,,Asia/Tokyo,33.6,130.42,1612392
taizhou,Taizhou,CN,04,Asia/Shanghai,32.49,119.91,1607108
daqing,Daqing,CN,,Asia/Shanghai,46.58,125,1604027
manila,Manila,PH,,Asia/Manila,14.6,120.98,1600000
wuhu,Wuhu,CN,,Asia/Shanghai,31.35,118.43,1598165
santiagodequeretaro,Santiago de Querétaro,MX,,America/Mexico_City,20.59,-100.39,1594212
dazhou,Dazhou,CN,,Asia/Shanghai,31.21,107.46,1589435
yangzhou,Yangzhou,CN,,Asia/Shanghai,32.4,119.44,1584237
leondelosaldama,León de los Aldama,MX,,America/Mexico_City,21.12,-101.68,1579803
makkah,Makkah,SA,,Asia/Riyadh,21.43,39.83,1578722
philadelphia,Philadelphia,US,,America/New_York,39.95,-75.16,1573916
phnompenh,Phnom Penh,KH,,Asia/Phnom_Penh,11.56,104.92,1573544
guilin,Guilin,CN,,Asia/Shanghai,25.28,110.3,1572300
damascus,Damascus,SY,,Asia/Damascus,33.51,36.29,1569394
quetta,Quetta,PK,,Asia/Karachi,30.18,67,1565546
zhaoqing,Zhaoqing,CN,,Asia/Shanghai,23.05,112.46,1553109
onitsha,Onitsha,NG,,Africa/Lagos,6.15,6.79,1553000
mianyang,Mianyang,CN,,Asia/Shanghai,31.47,104.68,1550000
auckland,Auckland,NZ,,Pacific/Auckland,-36.85,174.76,1547200
isfahan,Isfahan,IR,,Asia/Tehran,32.65,51.67,1547164
wanzhou,Wanzhou,CN,,Asia/Shanghai,30.76,108.4,1545900
harare,Harare,ZW,,Africa/Harare,-17.83,31.05,1542813
monrovia,Monrovia,LR,,Africa/Monrovia,6.3,-10.8,1542549
putian,Putian,CN,,Asia/Shanghai,25.44,119.01,1539389
kawasaki,Kawasaki,JP,,Asia/Tokyo,35.52,139.72,1538262
goiania,Goiânia,BR,,America/Sao_Paulo,-16.68,-49.25,1536097
sanantonio,San Antonio,US,,America/Chicago,29.42,-98.49,1526656
kobe,Kobe,JP,,Asia/Tokyo,34.69,135.18,1525152
stockholm,Stockholm,SE,,Europe/Stockholm,59.33,18.07,1515017
ciudadjuarez,Ciudad Juárez,MX,,America/Ciudad_Juarez,31.72,-106.46,1512450
cantho,Cần Thơ,VN,,Asia/Ho_Chi_Minh,10.04,105.79,1507187
munich,Munich,DE,,Europe/Berlin,48.14,11.58,1505005
khulna,Khulna,BD,,Asia/Dhaka,22.81,89.56,1500689
belem,Belém,BR,,America/Belem,-1.46,-48.5,1499641
yekaterinburg,Yekaterinburg,RU,,Asia/Yekaterinburg,56.86,60.62,1495066
portoalegre,Porto Alegre,BR,,America/Sao_Paulo,-30.03,-51.23,1488252
yinchuan,Yinchuan,CN,,Asia/Shanghai,38.47,106.27,1487579
manhattan,Manhattan,US,,America/New_York,40.78,-73.97,1487536
nashik,Nashik,IN,,Asia/Kolkata,20,73.79,1486053
taizhou_cn_02,Taizhou,CN,02,Asia/Shanghai,28.66,121.43,1485502
asuncion,Asunción,PY,,America/Asuncion,-25.29,-57.65,1482200
yiwu,Yiwu,CN,,Asia/Shanghai,29.32,120.08,1481384
zapopan,Zapopan,MX,,America/Mexico_City,20.72,-103.39,1476491
makassar,Makassar,ID,,Asia/Makassar,-5.15,119.43,1474393
adelaide,Adelaide,AU,,Australia/Adelaide,-34.93,138.6,1469163
quanzhou,Quanzhou,CN,,Asia/Shanghai,24.91,118.59,1469157
madurai,Madurai,IN,,Asia/Kolkata,9.92,78.12,1465625
jinhua,Jinhua,CN,,Asia/Shanghai,29.11,119.64,1463990
kyoto,Kyoto,JP,,Asia/Tokyo,35.02,135.75,1463723
cixi,Cixi,CN,,Asia/Shanghai,30.18,121.25,1457510
changde,Changde,CN,,Asia/Shanghai,29.03,111.7,1457419
kualalumpur,Kuala Lumpur,MY,,Asia/Kuala_Lumpur,3.14,101.69,1453975
kayseri,Kayseri,TR,,Europe/Istanbul,38.73,35.49,1452458
kaifeng,Kaifeng,CN,,Asia/Shanghai,34.8,114.31,1451741
anshan,Anshan,CN,,Asia/Shanghai,41.12,122.99,1450000
karaj,Karaj,IR,,Asia/Tehran,35.83,50.99,1448075
kathmandu,Kathmandu,NP,,Asia/Kathmandu,27.7,85.32,1442271
daejeon,Daejeon,KR,,Asia/Seoul,36.35,127.38,1441203
baoji,Baoji,CN,,Asia/Shanghai,34.37,107.24,1437802
suqian,Suqian,CN,,Asia/Shanghai,33.95,118.3,1437685
liuzhou,Liuzhou,CN,,Asia/Shanghai,24.32,109.41,1436599
tirunelveli,Tirunelveli,IN,,Asia/Kolkata,8.73,77.68,1435844
konya,Konya,TR,,Europe/Istanbul,37.87,32.48,1433861
zhangjiagang,Zhangjiagang,CN,,Asia/Shanghai,31.87,120.54,1432044
agra,Agra,IN,,Asia/Kolkata,27.18,78.02,1430055
tabriz,Tabriz,IR,,Asia/Tehran,38.08,46.29,1424641
kharkiv,Kharkiv,UA,,Europe/Kyiv,49.98,36.25,1421125
jinjiang,Jinjiang,CN,,Asia/Shanghai,24.82,118.57,1416151
faridabad,Faridabad,IN,,Asia/Kolkata,28.41,77.31,1414050
bozhou,Bozhou,CN,,Asia/Shanghai,33.88,115.77,1409436
qujing,Qujing,CN,,Asia/Shanghai,25.48,103.78,1408500
southtangerang,South Tangerang,ID,,Asia/Jakarta,-6.29,106.72,1404785
sandiego,San Diego,US,,America/Los_Angeles,32.72,-117.16,1404452
gwangju,Gwangju,KR,,Asia/Seoul,35.15,126.92,1401235
zhanjiang,Zhanjiang,CN,,Asia/Shanghai,21.23,110.39,1400709
fushun,Fushun,CN,,Asia/Shanghai,41.89,123.94,1400646
rajkot,Rājkot,IN,,Asia/Kolkata,22.29,70.79,1390640
luoyang,Luoyang,CN,09,Asia/Shanghai,34.67,112.44,1390581
guadalajara,Guadalajara,MX,,America/Mexico_City,20.68,-103.35,1385629
thebronx,The Bronx,US,,America/New_York,40.85,-73.87,1385108
guankou,Guankou,CN,,Asia/Shanghai,28.16,113.63,1380000
hue,Huế,VN,,Asia/Bangkok,16.46,107.6,1380000
milan,Milan,IT,,Europe/Rome,45.46,9.19,1371498
najafgarh,Najafgarh,IN,,Asia/Kolkata,28.61,76.98,1365000
ndjamena,N'Djamena,TD,,Africa/Ndjamena,12.11,15.04,1359526
handan,Handan,CN,,Asia/Shanghai,36.61,114.49,1358318
bannu,Bannu,PK,,Asia/Karachi,32.99,70.6,1357890
yichang,Yichang,CN,,Asia/Shanghai,30.71,111.28,1350150
antananarivo,Antananarivo,MG,,Indian/Antananarivo,-18.91,47.54,1349501
heze,Heze,CN,,Asia/Shanghai,35.24,115.47,1346717
abobo,Abobo,CI,,Africa/Abidjan,5.42,-4.02,1340083
jamshedpur,Jamshedpur,IN,,Asia/Kolkata,22.8,86.19,1339438
douala,Douala,CM,,Africa/Douala,4.05,9.7,1338082
antalya,Antalya,TR,,Europe/Istanbul,36.91,30.7,1335002
basrah,Basrah,IQ,,Asia/Baghdad,30.51,47.78,1326564
dallas,Dallas,US,,America/Chicago,32.78,-96.81,1326087
saitama,Saitama,JP,,Asia/Tokyo,35.91,139.66,1324854
gorakhpur,Gorakhpur,IN,10,Asia/Kolkata,29.45,75.67,1324570
niamey,Niamey,NE,,Africa/Niamey,13.51,2.11,1323691
liupanshui,Liupanshui,CN,,Asia/Shanghai,26.59,104.83,1320825
taguig,Taguig,PH,,Asia/Manila,14.52,121.08,1308085
maoming,Maoming,CN,,Asia/Shanghai,21.67,110.91,1307802
calgary,Calgary,CA,,America/Edmonton,51.05,-114.09,1306784
tripoli,Tripoli,LY,,Africa/Tripoli,32.89,13.19,1302947
callao,Callao,PE,,America/Lima,-12.05,-77.13,1300000
madinah,Madinah,SA,,Asia/Riyadh,24.47,39.61,1300000
yaounde,Yaoundé,CM,,Africa/Douala,3.87,11.52,1299369
qinzhou,Qinzhou,CN,,Asia/Shanghai,21.98,108.65,1296300
luohe,Luohe,CN,,Asia/Shanghai,33.57,114.03,1294974
xiangyang,Xiangyang,CN,,Asia/Shanghai,32.04,112.14,1294733
yangjiang,Yangjiang,CN,,Asia/Shanghai,21.86,111.96,1292987
yixing,Yixing,CN,,Asia/Shanghai,31.36,119.82,1285785
pimpri,Pimpri,IN,,Asia/Kolkata,18.62,73.81,1284606
danang,Da Nang,VN,,Asia/Ho_Chi_Minh,16.07,108.22,1276000
amman,Amman,JO,,Asia/Amman,31.96,35.95,1275857
budta,Budta,PH,,Asia/Manila,7.2,124.44,1273715
belgrade,Belgrade,RS,,Europe/Belgrade,44.8,20.47,1273651
bienhoa,Biên Hòa,VN,,Asia/Ho_Chi_Minh,10.94,106.82,1272235
qingpu,Qingpu,CN,,Asia/Shanghai,31.15,121.11,1271424
montevideo,Montevideo,UY,,America/Montevideo,-34.9,-56.19,1270737
xuchang,Xuchang,CN,,Asia/Shanghai,34.03,113.86,1265536
kalyan,Kalyān,IN,,Asia/Kolkata,19.24,73.14,1262255
zigong,Zigong,CN,,Asia/Shanghai,29.34,104.78,1262064
nizhniynovgorod,Nizhniy Novgorod,RU,,Europe/Moscow,56.33,44,1259013
jepara,Jepara,ID,,Asia/Jakarta,-6.59,110.67,1257912
maputo,Maputo,MZ,,Africa/Maputo,-25.97,32.58,1254837
xuzhou,Xuzhou,CN,,Asia/Shanghai,34.2,117.28,1253991
dammam,Dammam,SA,,Asia/Riyadh,26.43,50.1,1252523
rasbayrut,Ra’s Bayrūt,LB,,Asia/Beirut,33.9,35.48,1251739
neijiang,Neijiang,CN,,Asia/Shanghai,29.58,105.06,1251095
shiraz,Shiraz,IR,,Asia/Tehran,29.61,52.53,1249942
heshan,Heshan,CN,,Asia/Shanghai,28.57,112.35,1249807
dombivali,Dombivali,IN,,Asia/Kolkata,19.22,73.08,1247327
kananga,Kananga,CD,,Africa/Lubumbashi,-5.9,22.42,1247168
kazan,Kazan,RU,,Europe/Moscow,55.79,49.12,1243500
jining,Jining,CN,25,Asia/Shanghai,35.41,116.58,1241012
barquisimeto,Barquisimeto,VE,,America/Caracas,10.06,-69.36,1240714
shubraalkhaymah,Shubrā al Khaymah,EG,,Africa/Cairo,30.13,31.25,1240289
putuo,Putuo,CN,,Asia/Shanghai,31.25,121.39,1239100
portauprince,Port-au-Prince,HT,,America/Port-au-Prince,18.54,-72.34,1234742
suwon,Suwon,KR,,Asia/Seoul,37.29,127.01,1234582
xinyang,Xinyang,CN,,Asia/Shanghai,32.12,114.07,1230042
liaocheng,Liaocheng,CN,,Asia/Shanghai,36.45,116,1229768
jinzhong,Jinzhong,CN,,Asia/Shanghai,37.68,112.75,1226617
meerut,Meerut,IN,,Asia/Kolkata,28.98,77.71,1223184
virar,Virār,IN,,Asia/Kolkata,19.46,72.81,1222390
nowrangapur,Nowrangapur,IN,,Asia/Kolkata,19.23,82.55,1220946
karbala,Karbala,IQ,,Asia/Baghdad,32.62,44.02,1218732
changzhi,Changzhi,CN,24,Asia/Shanghai,36.18,113.11,1214940
tianshui,Tianshui,CN,,Asia/Shanghai,34.58,105.74,1212791
sadrcity,Sadr City,IQ,,Asia/Baghdad,33.39,44.46,1211849
yangpu,Yangpu,CN,,Asia/Shanghai,31.26,121.52,1210800
mombasa,Mombasa,KE,,Africa/Nairobi,-4.05,39.66,1208333
mandalay,Mandalay,MM,,Asia/Yangon,21.97,96.08,1208099
srinagar,Srinagar,IN,,Asia/Kolkata,34.09,74.81,1206419
barranquilla,Barranquilla,CO,,America/Bogota,10.97,-74.78,1206319
chelyabinsk,Chelyabinsk,RU,,Asia/Yekaterinburg,55.16,61.43,1202371
merida,Mérida,MX,,America/Merida,20.97,-89.62,1201000
hiroshima,Hiroshima,JP,,Asia/Tokyo,34.4,132.45,1200754
santiagodeloscaballeros,Santiago de los Caballeros,DO,,America/Santo_Domingo,19.45,-70.69,1200000
shymkent,Shymkent,KZ,,Asia/Almaty,42.31,69.6,1200000
weinan,Weinan,CN,,Asia/Shanghai,34.5,109.51,1199290
ghaziabad,Ghāziābād,IN,,Asia/Kolkata,28.67,77.44,1199191
matola,Matola,MZ,,Africa/Maputo,-25.96,32.46,1198988
dhanbad,Dhanbad,IN,,Asia/Kolkata,23.8,86.43,1196214
hongkongisland,Hong Kong Island,HK,,Asia/Hong_Kong,22.26,114.18,1195529
fes,Fes,MA,,Africa/Casablanca,34.03,-5,1191905
gustavoadolfomadero,Gustavo Adolfo Madero,MX,,America/Mexico_City,19.49,-99.11,1185772
nouakchott,Nouakchott,MR,,Africa/Nouakchott,18.09,-15.98,1184530
kisangani,Kisangani,CD,,Africa/Lubumbashi,0.52,25.19,1181788
jiaxing,Jiaxing,CN,,Asia/Shanghai,30.75,120.75,1180000
aurangabad,Aurangabad,IN,16,Asia/Kolkata,19.88,75.34,1175116
zhongwei,Zhongwei,CN,,Asia/Shanghai,37.51,105.19,1174600
omsk,Omsk,RU,,Asia/Omsk,54.99,73.37,1172070
guarulhos,Guarulhos,BR,,America/Sao_Paulo,-23.46,-46.53,1169577
pekanbaru,Pekanbaru,ID,,Asia/Jakarta,0.52,101.44,1167599
panjin,Panjin,CN,,Asia/Shanghai,41.12,122.07,1166481
bandarlampung,Bandar Lampung,ID,,Asia/Jakarta,-5.43,105.26,1166066
prague,Prague,CZ,,Europe/Prague,50.09,14.42,1165581
varanasi,Varanasi,IN,,Asia/Kolkata,25.32,83.01,1164404
batam,Batam,ID,,Asia/Jakarta,1.15,104.02,1164352
jiujiang,Jiujiang,CN,,Asia/Shanghai,29.7,116,1164268
samara,Samara,RU,,Europe/Samara,53.21,50.14,1163399
aba,Aba,NG,,Africa/Lagos,5.11,7.37,1160000
amritsar,Amritsar,IN,,Asia/Kolkata,31.62,74.88,1159227
birmingham,Birmingham,GB,,Europe/London,52.48,-1.9,1157603
copenhagen,Copenhagen,DK,,Europe/Copenhagen,55.68,12.57,1153615
sofia,Sofia,BG,,Europe/Sofia,42.7,23.32,1152556
anyang,Anyang,CN,,Asia/Shanghai,36.1,114.38,1146839
yerevan,Yerevan,AM,,Asia/Yerevan,40.18,44.51,1144700
luohudistrict,Luohu District,CN,,Asia/Shanghai,22.55,114.13,1143801
vijayawada,Vijayawada,IN,,Asia/Kolkata,16.51,80.65,1143232
fengxiang,Fengxiang,CN,,Asia/Shanghai,30.86,121.47,1140872
bijie,Bijie,CN,,Asia/Shanghai,27.3,105.29,1137383
monterrey,Monterrey,MX,,America/Monterrey,25.68,-100.32,1135512
kigali,Kigali,RW,,Africa/Kigali,-1.95,30.06,1132686
rostovondon,Rostov-on-Don,RU,,Europe/Moscow,47.22,39.71,1130305
zhuzhou,Zhuzhou,CN,,Asia/Shanghai,27.83,113.15,1129687
bogor,Bogor,ID,,Asia/Jakarta,-6.59,106.79,1127408
malingao,Malingao,PH,,Asia/Manila,7.16,124.48,1121974
touba,Touba,SN,,Africa/Dakar,14.86,-15.88,1120824
ufa,Ufa,RU,,Asia/Yekaterinburg,54.74,55.97,1120547
ranchi,Ranchi,IN,,Asia/Kolkata,23.34,85.31,1120374
shangrao,Shangrao,CN,,Asia/Shanghai,28.45,117.94,1116486
lilongwe,Lilongwe,MW,,Africa/Blantyre,-13.97,33.79,1115815
huaibei,Huaibei,CN,,Asia/Shanghai,33.97,116.79,1113321
maiduguri,Maiduguri,NG,,Africa/Lagos,11.85,13.16,1110000
xuhui,Xuhui,CN,,Asia/Shanghai,31.2,121.45,1109800
meishan,Meishan,CN,,Asia/Shanghai,30.04,103.84,1107742
mwanza,Mwanza,TZ,,Africa/Dar_es_Salaam,-2.52,32.9,1104521
ulsan,Ulsan,KR,,Asia/Seoul,35.54,129.32,1098421
sendai,Sendai,JP,,Asia/Tokyo,38.27,140.87,1096704
krasnoyarsk,Krasnoyarsk,RU,,Asia/Krasnoyarsk,56.04,92.93,1090811
fuzhou_cn_03,Fuzhou,CN,03,Asia/Shanghai,27.96,116.33,1089888
guigang,Guigang,CN,,Asia/Shanghai,23.12,109.59,1086327
oslo,Oslo,NO,,Europe/Oslo,59.91,10.75,1082575
jabalpur,Jabalpur,IN,,Asia/Kolkata,23.17,79.95,1081677
ilorin,Ilorin,NG,,Africa/Lagos,8.5,4.54,1080000
aden,Aden,YE,,Asia/Aden,12.78,45.04,1079670
ciudadnezahualcoyotl,Ciudad Nezahualcoyotl,MX,,America/Mexico_City,19.4,-99.01,1077208
hengyang,Hengyang,CN,,Asia/Shanghai,26.89,112.62,1075516
prayagraj,Prayagraj,IN,,Asia/Kolkata,25.44,81.84,1073438
visakhapatnam,Visakhapatnam,IN,,Asia/Kolkata,17.68,83.2,1063178
goyangsi,Goyang-si,KR,,Asia/Seoul,37.66,126.84,1061752
yulin,Yulin,CN,,Asia/Shanghai,22.63,110.15,1056743
jodhpur,Jodhpur,IN,,Asia/Kolkata,26.27,73.01,1056191
gwalior,Gwalior,IN,,Asia/Kolkata,26.23,78.17,1054420
jingzhou,Jingzhou,CN,,Asia/Shanghai,30.35,112.19,1052282
gqeberha,Gqeberha,ZA,,Africa/Johannesburg,-33.96,25.61,1050078
tbilisi,Tbilisi,GE,,Asia/Tbilisi,41.69,44.83,1049498
voronezh,Voronezh,RU,,Europe/Moscow,51.67,39.19,1047549
xinxiang,Xinxiang,CN,,Asia/Shanghai,35.19,113.8,1047088
yichun,Yichun,CN,03,Asia/Shanghai,27.83,114.4,1045952
sokoto,Sokoto,NG,,Africa/Lagos,13.06,5.24,1040000
jos,Jos,NG,,Africa/Lagos,9.93,8.89,1040000
tangier,Tangier,MA,,Africa/Casablanca,35.77,-5.8,1035141
teni,Teni,IN,,Asia/Kolkata,10.01,77.48,1034724
xianyang,Xianyang,CN,,Asia/Shanghai,34.34,108.7,1034081
mexicali,Mexicali,MX,,America/Tijuana,32.63,-115.45,1032686
pointenoire,Pointe-Noire,CG,,Africa/Brazzaville,-4.78,11.86,1032000
maceio,Maceió,BR,,America/Maceio,-9.67,-35.74,1031597
campinas,Campinas,BR,,America/Sao_Paulo,-22.91,-47.06,1031554
sanya,Sanya,CN,,Asia/Shanghai,18.25,109.51,1031396
rangpur,Rangpur,BD,,Asia/Dhaka,25.75,89.25,1031388
kirkuk,Kirkuk,IQ,,Asia/Baghdad,35.47,44.39,1031000
ashgabat,Ashgabat,TM,,Asia/Ashgabat,37.95,58.38,1030063
comilla,Comilla,BD,,Asia/Dhaka,23.46,91.19,1030000
shaoguan,Shaoguan,CN,,Asia/Shanghai,24.8,113.58,1028460
howrah,Howrah,IN,,Asia/Kolkata,22.58,88.32,1027672
raipur,Raipur,IN,,Asia/Kolkata,21.23,81.63,1027264
changwon,Changwon,KR,,Asia/Seoul,35.23,128.68,1025702
longyan,Longyan,CN,,Asia/Shanghai,25.07,117.02,1025087
koeln,Köln,DE,,Europe/Berlin,50.93,6.95,1024621
dublin,Dublin,IE,,Europe/Dublin,53.33,-6.25,1024027
tiruchirappalli,Tiruchirappalli,IN,,Asia/Kolkata,10.82,78.7,1022518
yongzhou,Yongzhou,CN,,Asia/Shanghai,26.42,111.61,1020715
brussels,Brussels,BE,,Europe/Brussels,50.85,4.35,1019022
zamboanga,Zamboanga,PH,,Asia/Manila,6.91,122.07,1018849
ottawa,Ottawa,CA,,America/Toronto,45.41,-75.7,1017449
huzhou,Huzhou,CN,,Asia/Shanghai,30.87,120.09,1015937
volgograd,Volgograd,RU,,Europe/Volgograd,48.71,44.5,1013533
khartoumnorth,Khartoum North,SD,,Africa/Khartoum,15.65,32.53,1012211
edmonton,Edmonton,CA,,America/Edmonton,53.55,-113.47,1010899
odesa,Odesa,UA,,Europe/Kyiv,46.49,30.74,1010537
wuwei,Wuwei,CN,,Asia/Shanghai,37.93,102.63,1010295
jacksonville,Jacksonville,US,,America/New_York,30.33,-81.66,1009833
arequipa,Arequipa,PE,,America/Lima,-16.4,-71.54,1008290
fortworth,Fort Worth,US,,America/Chicago,32.73,-97.32,1008106
hanzhong,Hanzhong,CN,,Asia/Shanghai,33.08,107.02,1006557
hezhou,Hezhou,CN,,Asia/Shanghai,24.4,111.57,1005490
pest,Pest,HU,,Europe/Budapest,47.5,19.08,1001748
kota,Kota,IN,,Asia/Kolkata,25.18,75.84,1001694
zhuchengcity,Zhu Cheng City,CN,,Asia/Shanghai,36,119.4,1000000
shivajinagar,Shivaji Nagar,IN,,Asia/Kolkata,18.53,73.85,1000000
dongying,Dongying,CN,,Asia/Shanghai,37.46,118.49,998968
luzhou,Luzhou,CN,,Asia/Shanghai,28.89,105.43,998900
sanjose,San Jose,US,,America/Los_Angeles,37.34,-121.89,997368
sholapur,Sholapur,IN,,Asia/Kolkata,17.67,75.91,997281
marrakesh,Marrakesh,MA,,Africa/Casablanca,31.63,-8,995871
guatemalacity,Guatemala City,GT,,America/Guatemala,14.64,-90.51,994938
meizhou,Meizhou,CN,,Asia/Shanghai,24.29,116.12,992351
yueyang,Yueyang,CN,,Asia/Shanghai,29.37,113.09,991465
laiwu,Laiwu,CN,,Asia/Shanghai,36.19,117.66,989535
benxi,Benxi,CN,,Asia/Shanghai,41.29,123.77,987717
perm,Perm,RU,,Asia/Yekaterinburg,58.01,56.25,982419
zaria,Zaria,NG,,Africa/Lagos,11.11,7.72,980000
kennedy,Kennedy,CO,,America/Bogota,4.62,-74.15,979914
chiba,Chiba,JP,,Asia/Tokyo,35.6,140.12,979768
pingdingshan,Pingdingshan,CN,,Asia/Shanghai,33.73,113.32,979130
ciudadguayana,Ciudad Guayana,VE,,America/Caracas,8.35,-62.64,978202
sargodha,Sargodha,PK,,Asia/Karachi,32.09,72.67,975886
austin,Austin,US,,America/Chicago,30.27,-97.74,974447
managua,Managua,NI,,America/Managua,12.13,-86.25,973087
bengbu,Bengbu,CN,,Asia/Shanghai,32.94,117.36,972784
sale,Salé,MA,,Africa/Casablanca,34.05,-6.8,972299
jerusalem,Jerusalem,IL,,Asia/Jerusalem,31.77,35.22,971800
chandigarh,Chandigarh,IN,,Asia/Kolkata,30.74,76.79,970602
dnipro,Dnipro,UA,,Europe/Kyiv,48.47,35.04,968502
cebucity,Cebu City,PH,,Asia/Manila,10.32,123.89,965332
sanhe,Sanhe,CN,10,Asia/Shanghai,39.98,117.07,965075
tiruppur,Tiruppur,IN,,Asia/Kolkata,11.12,77.35,963173
guwahati,Guwahati,IN,,Asia/Kolkata,26.18,91.75,962334
xiangtan,Xiangtan,CN,,Asia/Shanghai,27.85,112.9,959303
linfen,Linfen,CN,,Asia/Shanghai,36.09,111.52,959198
victoria,Victoria,HK,,Asia/Hong_Kong,22.29,114.14,956800
zhenjiang,Zhenjiang,CN,,Asia/Shanghai,32.21,119.46,950516
enugu,Enugu,NG,,Africa/Lagos,6.44,7.5,950000
rosario,Rosario,AR,,America/Argentina/Cordoba,-32.95,-60.64,948312
sultanah,Sulţānah,SA,,Asia/Riyadh,24.49,39.59,946697
huludao,Huludao,CN,,Asia/Shanghai,40.75,120.84,944495
hubballi,Hubballi,IN,,Asia/Kolkata,15.35,75.13,943788
kitakyushu,Kitakyushu,JP,,Asia/Tokyo,33.85,130.85,940978
taiz,Taiz,YE,,Asia/Aden,13.58,44.02,940600
setagaya,Setagaya,JP,,Asia/Tokyo,35.64,139.65,940071
kingston,Kingston,JM,,America/Jamaica,18,-76.79,937700
jingan,Jing’an,CN,23,Asia/Shanghai,31.22,121.42,936500
baoshan_cn_29,Baoshan,CN,29,Asia/Shanghai,25.12,99.16,935618
ruian,Rui’an,CN,,Asia/Shanghai,27.78,120.66,927383
chihuahua,Chihuahua,MX,,America/Chihuahua,28.64,-106.09,925762
naypyitaw,Nay Pyi Taw,MM,,Asia/Yangon,19.75,96.13,925000
eskisehir,Eskişehir,TR,,Europe/Istanbul,39.78,30.52,921630
mysuru,Mysuru,IN,,Asia/Kolkata,12.3,76.64,920550
trujillo,Trujillo,PE,,America/Lima,-8.12,-79.03,919899
salem,Salem,IN,,Asia/Kolkata,11.65,78.16,917414
saoluis,São Luís,BR,,America/Fortaleza,-2.53,-44.3,917237
seongnamsi,Seongnam-si,KR,,Asia/Seoul,37.44,127.14,914832
cartagena,Cartagena,CO,,America/Bogota,10.4,-75.49,914552
antipolo,Antipolo,PH,,Asia/Manila,14.63,121.12,913712
columbus,Columbus,US,OH,America/New_York,39.96,-83,913175
sialkot,Sialkot,PK,,Asia/Karachi,32.49,74.53,911817
charlotte,Charlotte,US,,America/New_York,35.23,-80.84,911311
laibin,Laibin,CN,,Asia/Shanghai,23.75,109.22,910282
warri,Warri,NG,,Africa/Lagos,5.52,5.75,910000
naples,Naples,IT,,Europe/Rome,40.85,14.27,909048
padang,Padang,ID,,Asia/Jakarta,-0.95,100.35,909040
xiaogan,Xiaogan,CN,,Asia/Shanghai,30.93,113.92,908266
campogrande,Campo Grande,BR,11,America/Campo_Grande,-20.44,-54.65,906092
ziyang,Ziyang,CN,,Asia/Shanghai,30.12,104.65,905729
bobodioulasso,Bobo-Dioulasso,BF,,Africa/Ouagadougou,11.18,-4.29,904920
bahawalpur,Bahawalpur,PK,,Asia/Karachi,29.4,71.68,903795
quzhou,Quzhou,CN,,Asia/Shanghai,28.96,118.87,902767
blantyre,Blantyre,MW,,Africa/Blantyre,-15.78,35.01,902588
donetsk,Donetsk,UA,,Europe/Kyiv,48.02,37.8,901645
abughurayb,Abū Ghurayb,IQ,,Asia/Baghdad,33.31,44.18,900000
qom,Qom,IR,,Asia/Tehran,34.64,50.88,900000
bishkek,Bishkek,KG,,Asia/Bishkek,42.87,74.59,900000
zaozhuang,Zaozhuang,CN,,Asia/Shanghai,34.86,117.55,899753
krasnodar,Krasnodar,RU,,Europe/Moscow,45.05,38.98,899541
natal,Natal,BR,,America/Fortaleza,-5.79,-35.21,896708
pingxiang,Pingxiang,CN,03,Asia/Shanghai,27.62,113.85,893550
cancun,Cancún,MX,,America/Cancun,21.17,-86.85,888797
indianapolis,Indianapolis,US,,America/Indiana/Indianapolis,39.77,-86.16,887642
gurugram,Gurugram,IN,,Asia/Kolkata,28.46,77.03,886519
bhubaneswar,Bhubaneswar,IN,,Asia/Kolkata,20.27,85.83,885363
zhoushan,Zhoushan,CN,,Asia/Shanghai,29.99,122.2,882932
qiqihar,Qiqihar,CN,,Asia/Shanghai,47.34,123.96,882364
mulenvos,Mulenvos,AO,,Africa/Luanda,-8.87,13.33,882014
sulaymaniyah,Sulaymaniyah,IQ,,Asia/Baghdad,35.56,45.43,878146
marseille,Marseille,FR,,Europe/Paris,43.3,5.38,877215
puning,Puning,CN,,Asia/Shanghai,23.31,116.17,874954
pikine,Pikine,SN,,Africa/Dakar,14.76,-17.39,874062
bhiwandi,Bhiwandi,IN,,Asia/Kolkata,19.3,73.06,874032
soshanguve,Soshanguve,ZA,,Africa/Johannesburg,-25.47,28.1,872309
teresina,Teresina,BR,,America/Fortaleza,-5.09,-42.8,871126
ankang,Ankang,CN,,Asia/Shanghai,32.68,109.02,870126
jalandhar,Jalandhar,IN,,Asia/Kolkata,31.33,75.58,868929
rotterdam,Rotterdam,NL,,Europe/Amsterdam,51.92,4.48,868135
langfang,Langfang,CN,,Asia/Shanghai,39.52,116.71,868066
viana,Viana,AO,,Africa/Luanda,-8.91,13.37,865863
jiaozuo,Jiaozuo,CN,,Asia/Shanghai,35.24,113.24,865413
rohini,Rohini,IN,,Asia/Kolkata,28.74,77.07,860000
wanxian,Wanxian,CN,,Asia/Shanghai,30.82,108.37,859662
guangan,Guang’an,CN,,Asia/Shanghai,30.47,106.64,858159
johorbahru,Johor Bahru,MY,,Asia/Kuala_Lumpur,1.47,103.76,858118
pasigcity,Pasig City,PH,,Asia/Manila,14.59,121.06,853050
cheongjusi,Cheongju-si,KR,,Asia/Seoul,36.64,127.49,852147
kanayannur,Kanayannur,IN,,Asia/Kolkata,9.97,76.27,851406
tegucigalpa,Tegucigalpa,HN,,America/Tegucigalpa,14.08,-87.21,850848
bucheonsi,Bucheon-si,KR,,Asia/Seoul,37.5,126.78,850731
thanhhoa,Thanh Hóa,VN,,Asia/Bangkok,19.8,105.77,850000
turin,Turin,IT,,Europe/Rome,45.07,7.69,847287
malang,Malang,ID,,Asia/Jakarta,-7.98,112.63,847182
alaincity,Al Ain City,AE,,Asia/Dubai,24.19,55.76,846747
libreville,Libreville,GA,,Africa/Libreville,0.39,9.45,846090
saratov,Saratov,RU,,Europe/Saratov,51.54,45.99,844858
ulanbator,Ulan Bator,MN,,Asia/Ulaanbaatar,47.91,106.88,844818
weihai,Weihai,CN,,Asia/Shanghai,37.51,122.11,844310
takeo,Takeo,KH,,Asia/Phnom_Penh,10.99,104.78,843931
cochabamba,Cochabamba,BO,,America/La_Paz,-17.38,-66.16,841276
ahvaz,Ahvaz,IR,,Asia/Tehran,31.32,48.68,841145
vientiane,Vientiane,LA,,Asia/Vientiane,17.97,102.6,840940
zhabei,Zhabei,CN,,Asia/Shanghai,31.26,121.46,840000
xinyu,Xinyu,CN,,Asia/Shanghai,27.8,114.93,839488
pietermaritzburg,Pietermaritzburg,ZA,,Africa/Johannesburg,-29.62,30.39,839327
yibin,Yibin,CN,,Asia/Shanghai,28.76,104.64,836340
naucalpandejuarez,Naucalpan de Juárez,MX,,America/Mexico_City,19.48,-99.24,834434
kampungbarusubang,Kampung Baru Subang,MY,,Asia/Kuala_Lumpur,3.15,101.53,833571
bouake,Bouaké,CI,,Africa/Abidjan,7.69,-5.03,832371
samarinda,Samarinda,ID,,Asia/Makassar,-0.49,117.15,831460
taicang,Taicang,CN,,Asia/Shanghai,31.45,121.09,831113
sanfrancisco,San Francisco,US,,America/Los_Angeles,37.77,-122.42,827526
sakai,Sakai,JP,,Asia/Tokyo,34.58,135.47,826161
valencia_es,Valencia,ES,,Europe/Madrid,39.47,-0.38,824340
novaiguacu,Nova Iguaçu,BR,,America/Sao_Paulo,-22.76,-43.45,823302
jinshan,Jinshan,CN,,Asia/Shanghai,30.84,121.29,822776
chenzhou,Chenzhou,CN,,Asia/Shanghai,25.8,113.03,822534
duquedecaxias,Duque de Caxias,BR,,America/Sao_Paulo,-22.79,-43.31,818329
joaopessoa,João Pessoa,BR,,America/Fortaleza,-7.11,-34.86,817511
bukavu,Bukavu,CD,,Africa/Lubumbashi,-2.49,28.84,816811
barcelona_ve,Barcelona,VE,,America/Caracas,10.14,-64.69,815141
bangui,Bangui,CF,,Africa/Bangui,4.36,18.55,812407
hermosillo,Hermosillo,MX,,America/Hermosillo,29.09,-110.97,812229
bhayandar,Bhayandar,IN,,Asia/Kolkata,19.3,72.85,809378
culiacan,Culiacán,MX,,America/Mazatlan,24.8,-107.39,808416
petalingjaya,Petaling Jaya,MY,,Asia/Kuala_Lumpur,3.11,101.61,807879
anqing,Anqing,CN,,Asia/Shanghai,30.51,117.05,804493
krakow,Kraków,PL,,Europe/Warsaw,50.06,19.94,804237
oran,Oran,DZ,,Africa/Algiers,35.7,-0.64,803329
freetown,Freetown,SL,,Africa/Freetown,8.49,-13.24,802639
sanpedrosula,San Pedro Sula,HN,,America/Tegucigalpa,15.51,-88.03,801259
narela,Narela,IN,,Asia/Kolkata,28.85,77.09,800000
xingtai,Xingtai,CN,,Asia/Shanghai,37.06,114.49,798770
niigata,Niigata,JP,,Asia/Tokyo,37.92,139.04,797591
muscat,Muscat,OM,,Asia/Muscat,23.58,58.41,797000
zarqa,Zarqa,JO,,Asia/Amman,32.07,36.09,792665
cankaya,Çankaya,TR,,Europe/Istanbul,39.92,32.86,792189
hamamatsu,Hamamatsu,JP,,Asia/Tokyo,34.7,137.73,791707
kolwezi,Kolwezi,CD,,Africa/Lubumbashi,-10.71,25.47,790248
vinh,Vinh,VN,,Asia/Bangkok,18.67,105.69,790000
thiruvananthapuram,Thiruvananthapuram,IN,,Asia/Kolkata,8.49,76.95,788271
zhaotong,Zhaotong,CN,,Asia/Shanghai,27.32,103.72,787845
panzhihua,Panzhihua,CN,,Asia/Shanghai,26.59,101.71,787177
chuzhou,Chuzhou,CN,,Asia/Shanghai,32.32,118.3,782671
seattle,Seattle,US,,America/Los_Angeles,47.61,-122.33,780995
portsaid,Port Said,EG,,Africa/Cairo,31.27,32.3,780515
cucuta,Cúcuta,CO,,America/Bogota,7.91,-72.5,777106
homs,Homs,SY,,Asia/Damascus,34.72,36.73,775404
xuancheng,Xuancheng,CN,,Asia/Shanghai,30.95,118.76,774332
ibb,Ibb,YE,,Asia/Aden,13.97,44.18,771514
nampula,Nampula,MZ,,Africa/Maputo,-15.12,39.27,770379
shangyu,Shangyu,CN,,Asia/Shanghai,30.02,120.87,770000
bujumbura,Bujumbura,BI,,Africa/Bujumbura,-3.38,29.36,769317
tyumen,Tyumen,RU,,Asia/Yekaterinburg,57.15,65.53,768358
erzurum,Erzurum,TR,,Europe/Istanbul,39.91,41.28,767848
anshun,Anshun,CN,,Asia/Shanghai,26.25,105.93,765313
dodoma,Dodoma,TZ,,Africa/Dar_es_Salaam,-6.17,35.74,765179
rajshahi,Rajshahi,BD,,Asia/Dhaka,24.37,88.6,763580
deraismailkhan,Dera Ismail Khan,PK,,Asia/Karachi,31.83,70.9,763195
wuzhou,Wuzhou,CN,,Asia/Shanghai,23.48,111.29,761948
ipoh,Ipoh,MY,,Asia/Kuala_Lumpur,4.58,101.08,759952
qinhuangdao,Qinhuangdao,CN,,Asia/Shanghai,39.94,119.59,759718
benghazi,Benghazi,LY,,Africa/Tripoli,32.11,20.07,757490
aligarh,Alīgarh,IN,,Asia/Kolkata,27.88,78.07,753207
shaoyang,Shaoyang,CN,,Asia/Shanghai,27.24,111.46,753194
malatya,Malatya,TR,,Europe/Istanbul,38.35,38.32,750491
winnipeg,Winnipeg,CA,,America/Winnipeg,49.88,-97.15,749607
bagcilar,Bağcılar,TR,,Europe/Istanbul,41.04,28.86,749024
ota,Ōta,JP,40,Asia/Tokyo,35.56,139.72,748081
andijon,Andijon,UZ,,Asia/Tashkent,40.78,72.35,747800
bareilly,Bareilly,IN,,Asia/Kolkata,28.37,79.43,745435
buraydah,Buraydah,SA,,Asia/Riyadh,26.33,43.97,745353
saobernardodocampo,São Bernardo do Campo,BR,,America/Sao_Paulo,-23.69,-46.56,743372
hegang,Hegang,CN,,Asia/Shanghai,47.35,130.29,743307
morelia,Morelia,MX,,America/Mexico_City,19.7,-101.18,743275
riga,Riga,LV,,Europe/Riga,56.95,24.11,742572
tasikmalaya,Tasikmalaya,ID,,Asia/Jakarta,-7.33,108.22,741760
amsterdam,Amsterdam,NL,,Europe/Amsterdam,52.37,4.89,741636
cagayandeoro,Cagayan de Oro,PH,,Asia/Manila,8.48,124.65,741617
maanshan,Ma’anshan,CN,,Asia/Shanghai,31.69,118.51,741531
shahalam,Shah Alam,MY,,Asia/Kuala_Lumpur,3.09,101.53,740750
shizuishan,Shizuishan,CN,,Asia/Shanghai,38.98,106.39,739400
kumamoto,Kumamoto,JP,,Asia/Tokyo,32.81,130.69,738907
oyo,Oyo,NG,,Africa/Lagos,7.85,3.93,736072
serang,Serang,ID,,Asia/Jakarta,-6.12,106.15,735651
torreon,Torreón,MX,,America/Monterrey,25.54,-103.42,735340
deyang,Deyang,CN,,Asia/Shanghai,31.13,104.38,735070
abeokuta,Abeokuta,NG,,Africa/Lagos,7.16,3.35,735000
alhudaydah,Al Ḩudaydah,YE,,Asia/Aden,14.8,42.95,734699
yangquan,Yangquan,CN,,Asia/Shanghai,37.86,113.56,731228
akure,Akure,NG,,Africa/Lagos,7.25,5.19,730000
saojosedoscampos,São José dos Campos,BR,,America/Sao_Paulo,-23.18,-45.89,729737
denver,Denver,US,,America/Denver,39.74,-104.98,729019
osasco,Osasco,BR,,America/Sao_Paulo,-23.53,-46.79,728615
kikolo,Kikolo,AO,,Africa/Luanda,-8.78,13.33,728205
maianga,Maianga,AO,,Africa/Luanda,-8.85,13.24,727681
alvaroobregon,Álvaro Obregón,MX,,America/Mexico_City,19.36,-99.2,726664
aihara,Aihara,JP,,Asia/Tokyo,35.6,139.32,725493
evaton,Evaton,ZA,,Africa/Johannesburg,-26.53,27.85,725468
valenzuela,Valenzuela,PH,,Asia/Manila,14.7,120.97,725173
muzaffarabad,Muzaffarābād,PK,,Asia/Karachi,34.37,73.47,725000
okayama,Okayama,JP,,Asia/Tokyo,34.65,133.93,724691
sanluispotosi,San Luis Potosí,MX,,America/Monterrey,22.15,-100.97,722772
aguascalientes,Aguascalientes,MX,,America/Mexico_City,21.88,-102.28,722250
generalsantos,General Santos,PH,,Asia/Manila,6.11,125.17,722059
zhumadian,Zhumadian,CN,,Asia/Shanghai,32.98,114.03,721670
moradabad,Morādābād,IN,,Asia/Kolkata,28.84,78.78,721139
sagamihara,Sagamihara,JP,,Asia/Tokyo,35.57,139.24,720780
mississauga,Mississauga,CA,,America/Toronto,43.58,-79.66,717961
lviv,Lviv,UA,,Europe/Kyiv,49.84,24.02,717273
namangan,Namangan,UZ,,Asia/Tashkent,41,71.67,713220
ribeiraopreto,Ribeirão Preto,BR,,America/Sao_Paulo,-21.18,-47.81,711825
zaporizhzhya,Zaporizhzhya,UA,,Europe/Kyiv,47.85,35.12,710052
zanzibar,Zanzibar,TZ,,Africa/Dar_es_Salaam,-6.16,39.2,709809
saltillo,Saltillo,MX,,America/Monterrey,25.43,-100.98,709671
latakia,Latakia,SY,,Asia/Damascus,35.53,35.79,709000
subangjaya,Subang Jaya,MY,,Asia/Kuala_Lumpur,3.04,101.58,708296
warangal,Warangal,IN,,Asia/Kolkata,18,79.58,704570
paranaquecity,Paranaque City,PH,,Asia/Manila,14.48,121.02,703245
tolyatti,Tolyatti,RU,,Europe/Samara,53.53,49.35,702879
jaboatao,Jaboatão,BR,,America/Recife,-8.18,-35,702621
santodomingooeste,Santo Domingo Oeste,DO,,America/Santo_Domingo,18.5,-70,701269
santodomingoeste,Santo Domingo Este,DO,,America/Santo_Domingo,18.49,-69.85,700000
dharavi,Dhārāvi,IN,,Asia/Kolkata,19.05,72.87,700000
battagram,Battagram,PK,,Asia/Karachi,34.68,73.02,700000
suez,Suez,EG,,Africa/Cairo,29.97,32.53,699541
changzhi_cn_24,Changzhi,CN,24,Asia/Shanghai,35.21,111.74,699514
agadir,Agadir,MA,,Africa/Casablanca,30.42,-9.6,698310
edogawe,Edogawe,JP,,Asia/Tokyo,35.69,139.87,697932
sarajevo,Sarajevo,BA,,Europe/Sarajevo,43.85,18.36,696731
balikpapan,Balikpapan,ID,,Asia/Makassar,-1.27,116.83,695287
adachi,Adachi,JP,,Asia/Tokyo,35.76,139.81,695043
changning,Changning,CN,,Asia/Shanghai,31.22,121.42,694900
bauchi,Bauchi,NG,,Africa/Lagos,10.31,9.84,693700
shizuoka,Shizuoka,JP,,Asia/Tokyo,34.98,138.38,693389
tunis,Tunis,TN,,Africa/Tunis,36.82,10.17,693210
zhangjiakou,Zhangjiakou,CN,,Asia/Shanghai,40.78,114.87,692602
washington,Washington,US,,America/New_York,38.9,-77.04,689545
nashville,Nashville,US,,America/Chicago,36.17,-86.78,689447
fuxin,Fuxin,CN,,Asia/Shanghai,42.02,121.66,689050
taif,Ta’if,SA,,Asia/Riyadh,21.27,40.42,688693
changsha_cn_30,Changsha,CN,30,Asia/Shanghai,22.38,112.68,688242
huangshi,Huangshi,CN,,Asia/Shanghai,30.25,115.05,688090
liaoyang,Liaoyang,CN,,Asia/Shanghai,41.27,123.17,687890
hlaingthaya,Hlaingthaya,MM,,Asia/Yangon,16.85,96.07,687867
beira,Beira,MZ,,Africa/Maputo,-19.84,34.84,687764
hongkou,Hongkou,CN,,Asia/Shanghai,31.25,121.49,687500
sorocaba,Sorocaba,BR,,America/Sao_Paulo,-23.5,-47.46,687357
zaragoza,Zaragoza,ES,,Europe/Madrid,41.66,-0.88,686986
sevilla,Sevilla,ES,,Europe/Madrid,37.38,-5.97,686741
baise,Baise,CN,,Asia/Shanghai,23.89,106.63,686078
situbondo,Situbondo,ID,,Asia/Jakarta,-7.71,114.01,685967
binzhou,Binzhou,CN,,Asia/Shanghai,37.37,118.02,682717
oklahomacity,Oklahoma City,US,,America/Chicago,35.47,-97.52,681054
yuncheng,Yuncheng,CN,,Asia/Shanghai,35.02,110.99,680036
dezhou,Dezhou,CN,,Asia/Shanghai,37.45,116.37,679535
dushanbe,Dushanbe,TJ,,Asia/Dushanbe,38.54,68.78,679400
cotonou,Cotonou,BJ,,Africa/Porto-Novo,6.37,2.42,679012
elpaso,El Paso,US,,America/Denver,31.76,-106.49,678815
gorakhpur_in_36,Gorakhpur,IN,36,Asia/Kolkata,26.77,83.37,674246
guadalupe,Guadalupe,MX,19,America/Monterrey,25.68,-100.26,673616
wroclaw,Wrocław,PL,,Europe/Warsaw,51.1,17.03,672545
denpasar,Denpasar,ID,,Asia/Makassar,-8.65,115.22,670210
guntur,Guntur,IN,,Asia/Kolkata,16.3,80.46,670073
katsina,Katsina,NG,,Africa/Lagos,12.99,7.6,670000
sanmenxia,Sanmenxia,CN,,Asia/Shanghai,34.78,111.19,669307
ezhou,E’zhou,CN,12,Asia/Shanghai,30.4,114.89,668727
madinatannasr,Madīnat an Naşr,EG,,Africa/Cairo,30.07,31.3,668413
camama,Camama,AO,,Africa/Luanda,-8.94,13.27,667094
tabuk,Tabuk,SA,,Asia/Riyadh,28.4,36.57,667000
kitwe,Kitwe,ZM,,Africa/Lusaka,-12.8,28.21,665961
bulawayo,Bulawayo,ZW,,Africa/Harare,-20.15,28.58,665952
mudanjiang,Mudanjiang,CN,,Asia/Shanghai,44.55,129.63,665915
aracaju,Aracaju,BR,,America/Maceio,-10.91,-37.07,664908
athens,Athens,GR,,Europe/Athens,37.98,23.73,664046
zagreb,Zagreb,HR,,Europe/Zagreb,45.81,15.98,663592
leshan,Leshan,CN,,Asia/Shanghai,29.56,103.76,662814
santoandre,Santo André,BR,,America/Sao_Paulo,-23.66,-46.54,662373
vancouver,Vancouver,CA,,America/Vancouver,49.25,-123.12,662248
rizhao,Rizhao,CN,,Asia/Shanghai,35.41,119.53,661943
helsinki,Helsinki,FI,,Europe/Helsinki,60.17,24.94,658864
cheonan,Cheonan,KR,,Asia/Seoul,36.81,127.15,658831
pontianak,Pontianak,ID,,Asia/Pontianak,-0.03,109.33,658685
acapulcodejuarez,Acapulco de Juárez,MX,,America/Mexico_City,16.85,-99.91,658609
banjarmasin,Banjarmasin,ID,,Asia/Makassar,-3.32,114.59,657663
puducherry,Puducherry,IN,,Asia/Kolkata,11.93,79.83,657209
suining,Suining,CN,,Asia/Shanghai,30.51,105.57,656760
brampton,Brampton,CA,,America/Toronto,43.68,-79.77,656480
golfe,Golfe,AO,,Africa/Luanda,-8.87,13.26,655796
puyang_cn_09,Puyang,CN,09,Asia/Shanghai,35.76,115.04,655674
soacha,Soacha,CO,,America/Bogota,4.58,-74.22,655025
boston,Boston,US,,America/New_York,42.36,-71.06,653833
tlalnepantla,Tlalnepantla,MX,,America/Mexico_City,19.54,-99.2,653410
portland,Portland,US,,America/Los_Angeles,45.52,-122.68,652503
calumbo,Calumbo,AO,,Africa/Luanda,-9.15,13.42,652270
tlaquepaque,Tlaquepaque,MX,,America/Mexico_City,20.64,-103.29,650123
frankfurtammain,Frankfurt am Main,DE,,Europe/Berlin,50.12,8.68,650000
macau,Macau,MO,,Asia/Macau,22.2,113.55,649335
palermo,Palermo,IT,,Europe/Rome,38.12,13.36,648260
izhevsk,Izhevsk,RU,,Europe/Samara,56.85,53.2,648213
colombo,Colombo,LK,,Asia/Colombo,6.94,79.85,648034
maturin,Maturín,VE,,America/Caracas,9.75,-63.18,647459
amravati,Amravati,IN,,Asia/Kolkata,20.93,77.75,647057
detroit,Detroit,US,,America/Detroit,42.33,-83.05,645705
lodz,Łódź,PL,,Europe/Warsaw,51.77,19.47,645693
osogbo,Osogbo,NG,,Africa/Lagos,7.77,4.56,645000
honcho,Honchō,JP,,Asia/Tokyo,35.7,139.99,644668
bikaner,Bikaner,IN,,Asia/Kolkata,28.02,73.31,644406
jaboataodosguararapes,Jaboatão dos Guararapes,BR,,America/Recife,-8.11,-35.01,644037
hojiyahenda,Hoji ya Henda,AO,,Africa/Luanda,-8.81,13.29,642050
lasvegas,Las Vegas,US,,America/Los_Angeles,36.17,-115.14,641903
newsouthmemphis,New South Memphis,US,,America/Chicago,35.09,-90.06,641608
hwaseongsi,Hwaseong-si,KR,,Asia/Seoul,37.21,126.82,640890
goldcoast,Gold Coast,AU,,Australia/Brisbane,-28,153.43,640778
jeonju,Jeonju,KR,,Asia/Seoul,35.82,127.15,638421
chongming,Chongming,CN,,Asia/Shanghai,31.62,121.7,637921
alahmadi,Al Aḩmadī,KW,,Asia/Kuwait,29.08,48.08,637411
cuenca,Cuenca,EC,,America/Guayaquil,-2.9,-79,636996
chisinau,Chisinau,MD,,Europe/Chisinau,47.01,28.86,635994
likasi,Likasi,CD,,Africa/Lubumbashi,-10.98,26.74,635768
hebi,Hebi,CN,,Asia/Shanghai,35.73,114.29,634721
tshikapa,Tshikapa,CD,,Africa/Lubumbashi,-6.42,20.8,634529
kochi,Kochi,IN,,Asia/Kolkata,9.94,76.26,633553
memphis,Memphis,US,,America/Chicago,35.15,-90.05,633104
jingmen,Jingmen,CN,,Asia/Shanghai,31.03,112.2,632954
barnaul,Barnaul,RU,,Asia/Barnaul,53.36,83.73,632372
dandong,Dandong,CN,,Asia/Shanghai,40.13,124.39,631973
bhilai,Bhilai,IN,,Asia/Kolkata,21.21,81.43,627734
ndola,Ndola,ZM,,Africa/Lusaka,-12.96,28.64,627503
contagem,Contagem,BR,,America/Sao_Paulo,-19.93,-44.05,627123
ulyanovsk,Ulyanovsk,RU,,Europe/Ulyanovsk,54.33,48.39,626540
djibouti,Djibouti,DJ,,Africa/Djibouti,11.59,43.15,626512
glasgow,Glasgow,GB,,Europe/London,55.87,-4.26,626410
panshan,Panshan,CN,,Asia/Shanghai,41.19,122.05,625040
louisville,Louisville,US,,America/Kentucky/Louisville,38.25,-85.76,624444
irkutsk,Irkutsk,RU,,Asia/Irkutsk,52.3,104.29,623869
ansansi,Ansan-si,KR,,Asia/Seoul,37.32,126.82,623256
almansurah,Al Mansurah,EG,,Africa/Cairo,31.04,31.38,621953
kermanshah,Kermanshah,IR,,Asia/Tehran,34.31,47.07,621100
feiradesantana,Feira de Santana,BR,,America/Bahia,-12.27,-38.97,619609
jiaozhou,Jiaozhou,CN,,Asia/Shanghai,36.28,120,619266
duesseldorf,Düsseldorf,DE,,Europe/Berlin,51.22,6.78,618685
suizhou,Suizhou,CN,,Asia/Shanghai,31.71,113.36,618582
villanueva,Villa Nueva,GT,,America/Guatemala,14.53,-90.59,618397
khabarovsk,Khabarovsk,RU,,Asia/Vladivostok,48.46,135.1,618150
cuiaba,Cuiabá,BR,,America/Cuiaba,-15.6,-56.1,618124
arusha,Arusha,TZ,,Africa/Dar_es_Salaam,-3.37,36.68,617631
laspinas,Las Piñas,PH,,Asia/Manila,14.45,120.98,615549
chizhou,Chizhou,CN,,Asia/Shanghai,30.66,117.48,615274
coyoacan,Coyoacán,MX,,America/Mexico_City,19.35,-99.16,614447
stuttgart,Stuttgart,DE,,Europe/Berlin,48.78,9.18,612663
yaan,Ya'an,CN,,Asia/Shanghai,29.99,103,612056
cuttack,Cuttack,IN,,Asia/Kolkata,20.46,85.88,610189
borivli,Borivli,IN,,Asia/Kolkata,19.23,72.86,609617
yaroslavl,Yaroslavl,RU,,Europe/Moscow,57.63,39.87,608722
gothenburg,Gothenburg,SE,,Europe/Stockholm,57.71,11.97,608462
kawaguchi,Kawaguchi,JP,,Asia/Tokyo,35.81,139.71,607373
bukitrahmanputra,Bukit Rahman Putra,MY,,Asia/Kuala_Lumpur,3.22,101.56,607000
jambicity,Jambi City,ID,,Asia/Jakarta,-1.6,103.62,606200
hail,Ha'il,SA,,Asia/Riyadh,27.52,41.69,605930
bhavnagar,Bhavnagar,IN,,Asia/Kolkata,21.76,72.15,605882
benoni,Benoni,ZA,,Africa/Johannesburg,-26.19,28.32,605344
vladivostok,Vladivostok,RU,,Asia/Vladivostok,43.11,131.87,604901
jinzhou,Jinzhou,CN,19,Asia/Shanghai,41.11,121.14,604269
tuxtla,Tuxtla,MX,,America/Merida,16.75,-93.12,604147
kryvyyrih,Kryvyy Rih,UA,,Europe/Kyiv,47.91,33.39,603904
sanming,Sanming,CN,,Asia/Shanghai,26.25,117.62,602166
islamabad,Islamabad,PK,,Asia/Karachi,33.72,73.04,601600
sangli,Sāngli,IN,,Asia/Kolkata,16.85,74.56,601214
jamnagar,Jamnagar,IN,,Asia/Kolkata,22.47,70.07,600943
lubango,Lubango,AO,,Africa/Luanda,-14.92,13.49,600751
pokhara,Pokhara,NP,,Asia/Kathmandu,28.27,83.97,600051
shuangyashan,Shuangyashan,CN,,Asia/Shanghai,46.68,131.13,600000
borama,Borama,SO,,Africa/Mogadishu,9.94,43.18,597842
pallabi,Pallabi,BD,,Asia/Dhaka,23.83,90.37,597574
luancheng,Luancheng,CN,,Asia/Shanghai,37.88,114.65,597130
makhachkala,Makhachkala,RU,,Europe/Moscow,42.98,47.5,596356
anyangsi,Anyang-si,KR,,Asia/Seoul,37.39,126.93,595644
huambo,Huambo,AO,,Africa/Luanda,-12.78,15.74,595304
samarkand,Samarkand,UZ,,Asia/Samarkand,39.65,66.96,595200
mengzi,Mengzi,CN,,Asia/Shanghai,23.37,103.38,595100
kagoshima,Kagoshima,JP,,Asia/Tokyo,31.57,130.55,595049
mukalla,Mukalla,YE,,Asia/Aden,14.54,49.12,594951
rasht,Rasht,IR,,Asia/Tehran,37.28,49.59,594590
mardelplata,Mar del Plata,AR,,America/Argentina/Buenos_Aires,-38,-57.56,593337
essen,Essen,DE,,Europe/Berlin,51.46,7.01,593085
almahallahalkubra,Al Maḩallah al Kubrá,EG,,Africa/Cairo,30.97,31.17,592573
malaga,Málaga,ES,,Europe/Madrid,36.72,-4.42,592346
shekhupura,Shekhupura,PK,,Asia/Karachi,31.71,73.99,591424
yingkou,Yingkou,CN,,Asia/Shanghai,40.66,122.23,591159
cimahi,Cimahi,ID,,Asia/Jakarta,-6.87,107.54,590782
zhangzhou,Zhangzhou,CN,,Asia/Shanghai,24.51,117.66,589831
reynosa,Reynosa,MX,,America/Matamoros,26.08,-98.28,589466
thuanan,Thuận An,VN,,Asia/Ho_Chi_Minh,10.92,106.71,588616
dortmund,Dortmund,DE,,Europe/Berlin,51.51,7.47,588462
suginami,Suginami,JP,,Asia/Tokyo,36.2,140.28,588354
londrina,Londrina,BR,,America/Sao_Paulo,-23.31,-51.16,588125
baltimore,Baltimore,US,,America/New_York,39.29,-76.61,585708
itabashi,Itabashi,JP,,Asia/Tokyo,35.75,139.71,584483
newkingston,New Kingston,JM,,America/Jamaica,18.01,-76.78,583958
pelentong,Pelentong,MY,,Asia/Kuala_Lumpur,1.52,103.82,583640
bucaramanga,Bucaramanga,CO,,America/Bogota,7.13,-73.12,581130
genoa,Genoa,IT,,Europe/Rome,44.4,8.94,580097
hachioji,Hachiōji,JP,,Asia/Tokyo,35.66,139.32,579355
malacca,Malacca,MY,,Asia/Kuala_Lumpur,2.2,102.24,579000
nhatrang,Nha Trang,VN,,Asia/Ho_Chi_Minh,12.25,109.19,579000
khabarovskvtoroy,Khabarovsk Vtoroy,RU,,Asia/Vladivostok,48.44,135.13,578303
kerman,Kerman,IR,,Asia/Tehran,30.28,57.08,577514
orumiyeh,Orūmīyeh,IR,,Asia/Tehran,37.55,45.08,577307
bahcelievler,Bahçelievler,TR,,Europe/Istanbul,41,28.86,576799
tanta,Tanta,EG,,Africa/Cairo,30.79,31,576648
jammu,Jammu,IN,,Asia/Kolkata,32.74,74.86,576198
iskandarputeri,Iskandar Puteri,MY,,Asia/Kuala_Lumpur,1.39,103.62,575977
calamba,Calamba,PH,,Asia/Manila,14.21,121.17,575046
tlalpan,Tlalpan,MX,,America/Mexico_City,19.3,-99.16,574577
herat,Herāt,AF,,Asia/Kabul,34.35,62.2,574300
gujrat,Gujrat,PK,,Asia/Karachi,32.57,74.08,574240
tomsk,Tomsk,RU,,Asia/Tomsk,56.5,84.98,574002
juizdefora,Juiz de Fora,BR,,America/Sao_Paulo,-21.76,-43.35,573285
umraniye,Umraniye,TR,,Europe/Istanbul,41.02,29.12,573265
shihezi,Shihezi,CN,,Asia/Urumqi,44.3,86.04,572772
southboston,South Boston,US,,America/New_York,42.33,-71.05,571281
nakuru,Nakuru,KE,,Africa/Nairobi,-0.31,36.07,570674
hamilton,Hamilton,CA,,America/Toronto,43.25,-79.85,569353
irbid,Irbid,JO,,Asia/Amman,32.56,35.85,569068
manchester,Manchester,GB,,Europe/London,53.48,-2.24,568996
kotabharu,Kota Bharu,MY,,Asia/Kuala_Lumpur,6.12,102.24,568900
surrey,Surrey,CA,,America/Vancouver,49.11,-122.83,568322
meknes,Meknes,MA,,Africa/Casablanca,33.89,-5.55,568295
puentealto,Puente Alto,CL,,America/Santiago,-33.61,-70.58,568106
nyala,Nyala,SD,,Africa/Khartoum,12.05,24.88,565734
dresden,Dresden,DE,,Europe/Berlin,51.05,13.74,564904
orenburg,Orenburg,RU,,Asia/Yekaterinburg,51.77,55.1,564773
albuquerque,Albuquerque,US,,America/Denver,35.08,-106.65,564559
bokaro,Bokāro,IN,,Asia/Kolkata,23.67,86.15,564319
asmara,Asmara,ER,,Africa/Asmara,15.34,38.93,563930
sukkur,Sukkur,PK,,Asia/Karachi,27.7,68.86,563851
uberlandia,Uberlândia,BR,,America/Sao_Paulo,-18.92,-48.28,563536
milwaukee,Milwaukee,US,,America/Chicago,43.04,-87.91,563531
cholon,Chợ Lớn,VN,,Asia/Ho_Chi_Minh,10.75,106.65,561000
wenchang,Wenchang,CN,,Asia/Shanghai,19.55,110.8,560894
ileife,Ile-Ife,NG,,Africa/Lagos,7.48,4.56,560000
gombe,Gombe,NG,,Africa/Lagos,10.29,11.17,560000
hamhung,Hamhŭng,KP,,Asia/Pyongyang,39.92,127.54,559056
kemerovo,Kemerovo,RU,,Asia/Novokuznetsk,55.35,86.1,558973
nasiriyah,Nasiriyah,IQ,,Asia/Baghdad,31.06,46.26,558400
bloemfontein,Bloemfontein,ZA,,Africa/Johannesburg,-29.12,26.21,556637
sheffield,Sheffield,GB,,Europe/London,53.38,-1.47,556500
santiagodecuba,Santiago de Cuba,CU,,America/Havana,20.02,-75.82,555865
siping,Siping,CN,,Asia/Shanghai,43.16,124.38,555609
cuautitlanizcalli,Cuautitlán Izcalli,MX,,America/Mexico_City,19.64,-99.22,555163
benguela,Benguela,AO,,Africa/Luanda,-12.58,13.4,555124
chuxiong,Chuxiong,CN,,Asia/Shanghai,25.04,101.55,555081
huaihua,Huaihua,CN,,Asia/Shanghai,27.56,110,552622
chiclayo,Chiclayo,PE,,America/Lima,-6.77,-79.85,552508
muntinlupa,Muntinlupa,PH,,Asia/Manila,14.39,121.05,552225
binhthanh,Bình Thạnh,VN,,Asia/Ho_Chi_Minh,10.81,106.71,552164
zahedan,Zahedan,IR,,Asia/Tehran,29.5,60.86,551980
banqiao,Banqiao,TW,,Asia/Taipei,25.01,121.47,551221
nanded,Nanded,IN,,Asia/Kolkata,19.16,77.31,550564
kozhikode,Kozhikode,IN,,Asia/Kolkata,11.25,75.78,550440
ulanqab,Ulanqab,CN,,Asia/Shanghai,40.99,113.13,550231
cabinda,Cabinda,AO,,Africa/Luanda,-5.56,12.19,550000
ajegunle,Ajegunle,NG,,Africa/Lagos,6.45,3.33,550000
pristina,Pristina,XK,,Europe/Belgrade,42.67,21.17,550000
jiamusi,Jiamusi,CN,,Asia/Shanghai,46.8,130.31,549549
korla,Korla,CN,,Asia/Urumqi,41.76,86.15,549324
kolhapur,Kolhāpur,IN,,Asia/Kolkata,16.7,74.23,549236
portovelho,Porto Velho,BR,,America/Porto_Velho,-8.76,-63.9,548952
sanmigueldetucuman,San Miguel de Tucumán,AR,,America/Argentina/Tucuman,-26.82,-65.21,548866
kuantan,Kuantan,MY,,Asia/Kuala_Lumpur,3.81,103.33,548014
sevastopol,Sevastopol,UA,,Europe/Simferopol,44.61,33.52,547820
nellore,Nellore,IN,,Asia/Kolkata,14.45,79.99,547621
mirpurmodelthana,Mirpur Model Thana,BD,,Asia/Dhaka,23.81,90.36,546503
bremen,Bremen,DE,,Europe/Berlin,53.08,8.81,546501
wanning,Wanning,CN,,Asia/Shanghai,18.8,110.38,545992
owerri,Owerri,NG,,Africa/Lagos,5.48,7.03,545000
kotakualamuda,Kota Kuala Muda,MY,,Asia/Kuala_Lumpur,5.59,100.37,544984
sungaipetani,Sungai Petani,MY,,Asia/Kuala_Lumpur,5.65,100.49,544851
xinzhou,Xinzhou,CN,,Asia/Shanghai,38.41,112.73,544683
koto,Kotō,JP,,Asia/Tokyo,32.78,130.75,543730
kalaburagi,Kalaburagi,IN,,Asia/Kolkata,17.34,76.84,543147
tucson,Tucson,US,,America/Phoenix,32.22,-110.93,542629
selayangbaruutara,Selayang Baru Utara,MY,,Asia/Kuala_Lumpur,3.25,101.67,542409
vilnius,Vilnius,LT,,Europe/Vilnius,54.69,25.28,542366
ajmer,Ajmer,IN,,Asia/Kolkata,26.45,74.64,542321
pingdu,Pingdu,CN,,Asia/Shanghai,36.78,119.95,542234
fresno,Fresno,US,,America/Los_Angeles,36.75,-119.77,542107
mbeya,Mbeya,TZ,,Africa/Dar_es_Salaam,-8.9,33.45,541603
calabar,Calabar,NG,,Africa/Lagos,4.96,8.33,540000
oujda,Oujda,MA,,Africa/Casablanca,34.68,-1.91,539711
novokuznetsk,Novokuznetsk,RU,,Asia/Novokuznetsk,53.76,87.14,539616
ryazan,Ryazan’,RU,,Europe/Moscow,54.63,39.7,538962
jian,Ji’an,CN,,Asia/Shanghai,27.12,114.98,538699
sahiwal,Sahiwal,PK,,Asia/Karachi,30.67,73.1,538344
mersin,Mersin,TR,,Europe/Istanbul,36.81,34.64,537842
niluefer,Nilüfer,TR,,Europe/Istanbul,40.21,28.92,536365
leeds,Leeds,GB,,Europe/London,53.8,-1.55,536280
poznan,Poznań,PL,,Europe/Warsaw,52.41,16.93,536151
guli,Guli,CN,,Asia/Shanghai,28.88,120.03,536000
aqsu,Aqsu,CN,,Asia/Urumqi,41.18,80.28,535657
ebuteikorodu,Ebute Ikorodu,NG,,Africa/Lagos,6.6,3.49,535619
tanggu,Tanggu,CN,,Asia/Shanghai,39.02,117.65,535298
pasirgudang,Pasir Gudang,MY,,Asia/Kuala_Lumpur,1.46,103.91,534659
astrakhan,Astrakhan,RU,,Europe/Astrakhan,46.35,48.04,533925
okara,Okara,PK,,Asia/Karachi,30.81,73.45,533693
nansana,Nansana,UG,,Africa/Kampala,0.36,32.53,532800
kimhae,Kimhae,KR,,Asia/Seoul,35.23,128.88,531966
arraqqah,Ar Raqqah,SY,,Asia/Damascus,35.95,39.01,531952
quebec,Québec,CA,,America/Toronto,46.81,-71.21,531902
cuauhtemoc,Cuauhtémoc,MX,09,America/Mexico_City,19.45,-99.15,531831
shangluo,Shangluo,CN,,Asia/Shanghai,33.87,109.93,531696
himeji,Himeji,JP,,Asia/Tokyo,34.82,134.7,530495
ibague,Ibagué,CO,,America/Bogota,4.44,-75.2,529635
antwerp,Antwerp,BE,,Europe/Brussels,51.22,4.4,529247
assiut,Assiut,EG,,Africa/Cairo,27.18,31.18,528669
hamadan,Hamadān,IR,,Asia/Tehran,34.8,48.51,528256
qionghai,Qionghai,CN,,Asia/Shanghai,19.24,110.46,528238
cangzhou,Cangzhou,CN,,Asia/Shanghai,38.31,116.85,527681
mohammadpur,Mohammadpur,BD,,Asia/Dhaka,24.9,88.53,527571
surakarta,Surakarta,ID,,Asia/Jakarta,-7.56,110.83,526870
sansalvador,San Salvador,SV,,America/El_Salvador,13.69,-89.19,525990
beihai,Beihai,CN,,Asia/Shanghai,21.48,109.12,525329
van,Van,TR,,Europe/Istanbul,38.49,43.38,525016
sacramento,Sacramento,US,,America/Los_Angeles,38.58,-121.49,524943
thugjuc,Thủ Đức,VN,,Asia/Ho_Chi_Minh,10.85,106.77,524670
ueskuedar,Üsküdar,TR,,Europe/Istanbul,41.02,29.01,524452
penza,Penza,RU,,Europe/Moscow,53.2,45.01,523553
mazaresharif,Mazār-e Sharīf,AF,,Asia/Kabul,36.71,67.11,523300
kandahar,Kandahār,AF,,Asia/Kabul,31.61,65.71,523300
hengshui,Hengshui,CN,,Asia/Shanghai,37.74,115.68,522147
dehradun,Dehradun,IN,,Asia/Kolkata,30.32,78.03,522081
erode,Erode,IN,,Asia/Kolkata,11.34,77.73,521891
lyon,Lyon,FR,,Europe/Paris,45.75,4.85,520774
salta,Salta,AR,,America/Argentina/Salta,-24.81,-65.42,520683
serra,Serra,BR,,America/Sao_Paulo,-20.13,-40.31,520653
esenler,Esenler,TR,,Europe/Istanbul,41.04,28.88,520235
daxinganling,Daxing’anling,CN,,Asia/Shanghai,52.33,124.71,520000
quinhon,Qui Nhon,VN,,Asia/Ho_Chi_Minh,13.78,109.22,519208
alfayyum,Al Fayyum,EG,,Africa/Cairo,29.31,30.84,519047
durgapur,Durgapur,IN,,Asia/Kolkata,23.52,87.31,518872
utsunomiya,Utsunomiya,JP,,Asia/Tokyo,36.57,139.88,518757
victoriadedurango,Victoria de Durango,MX,,America/Monterrey,24.02,-104.66,518709
lisbon,Lisbon,PT,,Europe/Lisbon,38.73,-9.15,517802
rahimyarkhan,Rahim Yar Khan,PK,,Asia/Karachi,28.42,70.3,517000
ulhasnagar,Ulhasnagar,IN,,Asia/Kolkata,19.22,73.15,516584
guangyuan,Guangyuan,CN,,Asia/Shanghai,32.44,105.82,516424
loni,Loni,IN,,Asia/Kolkata,28.75,77.29,516082
siliguri,Siliguri,IN,,Asia/Kolkata,26.71,88.43,515574
nuremberg,Nuremberg,DE,,Europe/Berlin,49.45,11.08,515543
ujjain,Ujjain,IN,,Asia/Kolkata,23.18,75.78,515215
hannover,Hannover,DE,,Europe/Berlin,52.37,9.73,515140
edinburgh,Edinburgh,GB,,Europe/London,55.95,-3.2,514990
azadshahr,Āzādshahr,IR,,Asia/Tehran,34.79,48.57,514102
macapa,Macapá,BR,,America/Belem,0.04,-51.07,512902
xianning,Xianning,CN,,Asia/Shanghai,29.84,114.32,512517
toulouse,Toulouse,FR,,Europe/Paris,43.6,1.44,511684
thembisa,Thembisa,ZA,,Africa/Johannesburg,-26,28.23,511655
carrefour,Carrefour,HT,,America/Port-au-Prince,18.53,-72.4,511345
matsuyama,Matsuyama,JP,,Asia/Tokyo,33.84,132.77,511192
camposdosgoytacazes,Campos dos Goytacazes,BR,,America/Sao_Paulo,-21.75,-41.33,511168
bilimora,Bilimora,IN,,Asia/Kolkata,20.77,72.96,510879
kasur,Kasur,PK,,Asia/Karachi,31.12,74.45,510875
atlanta,Atlanta,US,,America/New_York,33.75,-84.39,510823
aparecidadegoiania,Aparecida de Goiânia,BR,,America/Sao_Paulo,-16.82,-49.24,510770
heroicamatamoros,Heroica Matamoros,MX,,America/Matamoros,25.88,-97.5,510739
makaticity,Makati City,PH,,Asia/Manila,14.55,121.03,510383
buda,Buda,HU,,Europe/Budapest,47.5,19.03,510108
tonghua,Tonghua,CN,,Asia/Shanghai,41.72,125.93,510000
mianzhudeyangsichuan,"Mianzhu, Deyang, Sichuan",CN,,Asia/Shanghai,31.34,104.22,510000
naberezhnyyechelny,Naberezhnyye Chelny,RU,,Europe/Moscow,55.74,52.42,509870
lipetsk,Lipetsk,RU,,Europe/Moscow,52.59,39.55,509735
kikwit,Kikwit,CD,,Africa/Kinshasa,-5.04,18.82,509367
florianopolis,Florianópolis,BR,,America/Sao_Paulo,-27.6,-48.55,508826
banan,Banan,CN,,Asia/Shanghai,29.38,106.54,508703
newcastle,Newcastle,AU,,Australia/Sydney,-32.93,151.78,508437
tuenmun,Tuen Mun,HK,,Asia/Hong_Kong,22.39,113.97,507900
zhangye,Zhangye,CN,,Asia/Shanghai,38.93,100.45,507433
kirov,Kirov,RU,,Europe/Kirov,58.6,49.66,507155
kashgar,Kashgar,CN,,Asia/Urumqi,39.47,75.99,506640
mukimpulai,Mukim Pulai,MY,,Asia/Kuala_Lumpur,1.53,103.67,505661
najran,Najrān,SA,,Asia/Riyadh,17.49,44.13,505652
karolbagh,Karol Bāgh,IN,,Asia/Kolkata,28.65,77.19,505241
zhoukou,Zhoukou,CN,,Asia/Shanghai,33.63,114.63,505171
leipzig,Leipzig,DE,,Europe/Berlin,51.34,12.37,504971
pingliang,Pingliang,CN,,Asia/Shanghai,35.54,106.69,504848
huangpu,Huangpu,CN,,Asia/Shanghai,31.24,121.48,504700
kalininskiy,Kalininskiy,RU,,Europe/Moscow,60,30.39,504641
duisburg,Duisburg,DE,,Europe/Berlin,51.43,6.77,504358
asansol,Āsansol,IN,,Asia/Kolkata,23.68,86.98,504271
arak,Arāk,IR,,Asia/Tehran,34.09,49.7,503647
maipu,Maipú,CL,,America/Santiago,-33.51,-70.77,503635
homyel,Homyel',BY,,Europe/Minsk,52.43,30.98,501102
aktobe,Aktobe,KZ,,Asia/Aqtobe,50.28,57.21,500757
kotakinabalu,Kota Kinabalu,MY,,Asia/Kuching,5.97,116.07,500421
talatona,Talatona,AO,,Africa/Luanda,-8.92,13.19,500000
kampunglarkinlama,Kampung Larkin Lama,MY,,Asia/Kuala_Lumpur,1.5,103.74,500000
kotadamansara,Kota Damansara,MY,,Asia/Kuala_Lumpur,3.15,101.58,500000
mangaluru,Mangaluru,IN,,Asia/Kolkata,12.92,74.86,499487
zhucheng,Zhucheng,CN,,Asia/Shanghai,35.99,119.4,499285
santamarta,Santa Marta,CO,,America/Bogota,11.24,-74.19,499192
matsudo,Matsudo,JP,,Asia/Tokyo,35.78,139.9,498575
hathazari,Hāthazāri,BD,,Asia/Dhaka,22.51,91.81,498179
lapulapucity,Lapu-Lapu City,PH,,Asia/Manila,10.31,123.95,497813
karagandy,Karagandy,KZ,,Asia/Almaty,49.8,73.1,497777
loudi,Loudi,CN,,Asia/Shanghai,27.73,111.99,497171
liverpool,Liverpool,GB,,Europe/London,53.41,-2.98,496770
ichikawa,Ichikawa,JP,,Asia/Tokyo,35.73,139.91,496676
bandarban,Bāndarban,BD,,Asia/Dhaka,22.2,92.22,495272
shatin,Sha Tin,HK,,Asia/Hong_Kong,22.38,114.18,495200
deraghazikhan,Dera Ghazi Khan,PK,,Asia/Karachi,30.05,70.64,494464
higashiosaka,Higashiosaka,JP,,Asia/Tokyo,34.67,135.58,493940
cheboksary,Cheboksary,RU,,Europe/Moscow,56.13,47.25,492331
pohang,Pohang,KR,,Asia/Seoul,36.03,129.36,492041
shanwei,Shanwei,CN,,Asia/Shanghai,22.78,115.35,491766
monteria,Montería,CO,,America/Bogota,8.75,-75.88,490935
ruiru,Ruiru,KE,,Africa/Nairobi,-1.15,36.96,490120
valledupar,Valledupar,CO,,America/Bogota,10.47,-73.25,490075
belagavi,Belagavi,IN,,Asia/Kolkata,15.85,74.5,490045
ajman,Ajman,AE,,Asia/Dubai,25.4,55.48,490035
jianshui,Jianshui,CN,,Asia/Shanghai,24.28,101.22,490000
portsudan,Port Sudan,SD,,Africa/Khartoum,19.62,37.22,489725
toluca,Toluca,MX,,America/Mexico_City,19.29,-99.65,489333
ciudadlopezmateos,Ciudad López Mateos,MX,,America/Mexico_City,19.56,-99.26,489160
alkhusus,Al Khuşūş,EG,,Africa/Cairo,30.15,31.32,488904
jejucity,Jeju City,KR,,Asia/Seoul,33.51,126.52,488844
gdansk,Gdańsk,PL,,Europe/Warsaw,54.35,18.65,487371
miami,Miami,US,,America/New_York,25.77,-80.19,487014
omaha,Omaha,US,,America/Chicago,41.26,-95.94,486051
nishinomiya,Nishinomiya,JP,,Asia/Tokyo,34.72,135.33,485587
masina,Masina,CD,,Africa/Kinshasa,-4.38,15.39,485167
saharanpur,Sahāranpur,IN,,Asia/Kolkata,29.97,77.55,484873
vellore,Vellore,IN,,Asia/Kolkata,12.92,79.13,484690
piura,Piura,PE,,America/Lima,-5.18,-80.66,484475
kurashiki,Kurashiki,JP,,Asia/Tokyo,34.58,133.77,483576
angelescity,Angeles City,PH,,Asia/Manila,15.15,120.58,483452
bhatpara,Bhātpāra,IN,,Asia/Kolkata,22.87,88.4,483129
jijiga,Jijiga,ET,,Africa/Addis_Ababa,9.35,42.8,483000
tula,Tula,RU,,Europe/Moscow,54.2,37.62,482873
najaf,Najaf,IQ,,Asia/Baghdad,32.03,44.35,482576
raleigh,Raleigh,US,,America/New_York,35.77,-78.64,482295
imus,Imus,PH,,Asia/Manila,14.43,120.94,481949
xichang,Xichang,CN,,Asia/Shanghai,27.9,102.26,481796
malegaon,Malegaon,IN,,Asia/Kolkata,20.55,74.53,481228
saojosedoriopreto,São José do Rio Preto,BR,,America/Sao_Paulo,-20.82,-49.38,480393
okene,Okene,NG,,Africa/Lagos,7.55,6.24,479178
uijeongbusi,Uijeongbu-si,KR,,Asia/Seoul,37.74,127.05,479141
bristol,Bristol,GB,,Europe/London,51.46,-2.6,479024
eastlondon,East London,ZA,,Africa/Johannesburg,-33.02,27.91,478676
chengguanqu,Chéngguān Qū,CN,,Asia/Shanghai,29.64,91.04,478275
yazd,Yazd,IR,,Asia/Tehran,31.9,54.37,477905
hargeysa,Hargeysa,SO,,Africa/Mogadishu,9.56,44.07,477876
oita,Ōita,JP,,Asia/Tokyo,33.23,131.6,477715
maua,Mauá,BR,,America/Sao_Paulo,-23.67,-46.46,477552
jincheng,Jincheng,CN,,Asia/Shanghai,35.5,112.83,476945
taoyuan,Taoyuan,TW,,Asia/Taipei,24.99,121.3,475798
eldoret,Eldoret,KE,,Africa/Nairobi,0.52,35.27,475716
kansascity,Kansas City,US,MO,America/Chicago,39.1,-94.58,475378
yanan,Yan’an,CN,,Asia/Shanghai,36.6,109.49,475234
kaliningrad,Kaliningrad,RU,,Europe/Kaliningrad,54.71,20.51,475056
skopje,Skopje,MK,,Europe/Skopje,42,21.43,474889
vereeniging,Vereeniging,ZA,,Africa/Johannesburg,-26.67,27.93,474681
thehague,The Hague,NL,,Europe/Amsterdam,52.08,4.3,474292
longbeach,Long Beach,US,,America/Los_Angeles,33.77,-118.19,474140
gaya,Gaya,IN,,Asia/Kolkata,24.8,85,474093
iloilo,Iloilo,PH,,Asia/Manila,10.7,122.56,473728
shouguang,Shouguang,CN,,Asia/Shanghai,36.88,118.74,473620
jingdezhen,Jingdezhen,CN,,Asia/Shanghai,29.29,117.21,473561
murcia,Murcia,ES,,Europe/Madrid,37.99,-1.13,471982
mesa,Mesa,US,,America/Phoenix,33.42,-111.82,471825
halifax,Halifax,CA,,America/Halifax,44.64,-63.58,471559
morogoro,Morogoro,TZ,,Africa/Dar_es_Salaam,-6.82,37.66,471409
marikinacity,Marikina City,PH,,Asia/Manila,14.65,121.11,471323
kenitra,Kenitra,MA,,Africa/Casablanca,34.26,-6.58,470949
seeb,Seeb,OM,,Asia/Muscat,23.67,58.19,470878
jiaojiang,Jiaojiang,CN,,Asia/Shanghai,28.7,121.47,470804
mykolayiv,Mykolayiv,UA,,Europe/Kyiv,46.98,31.99,470011
fukuyama,Fukuyama,JP,,Asia/Tokyo,34.48,133.37,468812
statenisland,Staten Island,US,,America/New_York,40.56,-74.14,468730
nanping,Nanping,CN,,Asia/Shanghai,26.65,118.17,467875
pereira,Pereira,CO,,America/Bogota,4.81,-75.69,467269
ciudadapodaca,Ciudad Apodaca,MX,,America/Monterrey,25.78,-100.19,467157
saojoaodemeriti,São João de Meriti,BR,,America/Sao_Paulo,-22.8,-43.37,466536
ambattur,Ambattur,IN,,Asia/Kolkata,13.1,80.16,466205
belfordroxo,Belford Roxo,BR,,America/Sao_Paulo,-22.76,-43.4,466096
kanazawa,Kanazawa,JP,,Asia/Tokyo,36.6,136.62,466029
gonder,Gonder,ET,,Africa/Addis_Ababa,12.6,37.47,466000
mandaluyongcity,Mandaluyong City,PH,,Asia/Manila,14.58,121.04,465902
mixco,Mixco,GT,,America/Guatemala,14.63,-90.61,465773
longshan,Longshan,CN,,Asia/Shanghai,42.89,125.14,465249
ikare,Ikare,NG,,Africa/Lagos,7.53,5.75,465000
novavida,Nova Vida,AO,,Africa/Luanda,-8.91,13.22,464985
vungtau,Vũng Tàu,VN,,Asia/Ho_Chi_Minh,10.35,107.08,464860
maracay,Maracay,VE,,America/Caracas,10.25,-67.59,464700
tamale,Tamale,GH,,Africa/Accra,9.4,-0.84,464316
heyuan,Heyuan,CN,,Asia/Shanghai,23.73,114.68,463907
dian,Dĩ An,VN,,Asia/Ho_Chi_Minh,10.91,106.77,463023
kira,Kira,UG,,Africa/Kampala,0.4,32.63,462900
esna,Esna,EG,,Africa/Cairo,25.29,32.55,462787
joinville,Joinville,BR,,America/Sao_Paulo,-26.3,-48.85,461304
huangshan,Huangshan,CN,,Asia/Shanghai,29.71,118.31,460786
hamah,Ḩamāh,SY,,Asia/Damascus,35.13,36.76,460602
jalgaon,Jalgaon,IN,,Asia/Kolkata,21,75.57,460228
kurnool,Kurnool,IN,,Asia/Kolkata,15.83,78.04,460184
yola,Yola,NG,,Africa/Lagos,9.21,12.48,460000
rachgia,Rạch Giá,VN,,Asia/Ho_Chi_Minh,10.01,105.08,459860
amagasaki,Amagasaki,JP,,Asia/Tokyo,34.72,135.42,459593
santodomingodeloscolorados,Santo Domingo de los Colorados,EC,,America/Guayaquil,-0.25,-79.18,458580
tartus,Ţarţūs,SY,,Asia/Damascus,34.89,35.89,458327
karabaglar,Karabağlar,TR,,Europe/Istanbul,38.38,27.13,458000
mekele,Mek'ele,ET,,Africa/Addis_Ababa,13.5,39.48,457900
nazret,Nazrēt,ET,,Africa/Addis_Ababa,8.55,39.27,456900
coloradosprings,Colorado Springs,US,,America/Denver,38.83,-104.82,456568
niteroi,Niterói,BR,,America/Sao_Paulo,-22.88,-43.1,456456
huancayo,Huancayo,PE,,America/Lima,-12.07,-75.21,456250
alhillah,Al Hillah,IQ,,Asia/Baghdad,32.46,44.42,455700
mbandaka,Mbandaka,CD,,Africa/Kinshasa,0.05,18.26,455011
malanje,Malanje,AO,,Africa/Luanda,-9.54,16.34,455000
nampo,Namp’o,KP,,Asia/Pyongyang,38.74,125.41,455000
ciudadgeneralescobedo,Ciudad General Escobedo,MX,,America/Monterrey,25.8,-100.32,454967
bacolodcity,Bacolod City,PH,,Asia/Manila,10.67,122.95,454898
virginiabeach,Virginia Beach,US,,America/New_York,36.85,-75.98,454808
wafangdian,Wafangdian,CN,,Asia/Shanghai,39.62,122.01,454338
mansilingan,Mansilingan,PH,,Asia/Manila,10.63,122.98,454150
kahama,Kahama,TZ,,Africa/Dar_es_Salaam,-3.83,32.6,453654
hsinchu,Hsinchu,TW,,Asia/Taipei,24.8,120.97,453536
katsushika,Katsushika,JP,,Asia/Tokyo,35.73,139.85,453093
ramgundam,Rāmgundam,IN,,Asia/Kolkata,18.8,79.45,452261
batman,Batman,TR,,Europe/Istanbul,37.89,41.13,452157
yongji,Yongji,CN,,Asia/Shanghai,34.87,110.44,452000
manado,Manado,ID,,Asia/Makassar,1.48,124.85,451916
lishui,Lishui,CN,,Asia/Shanghai,28.46,119.91,451418
udaipur,Udaipur,IN,,Asia/Kolkata,24.59,73.71,451100
warder,Warder,ET,,Africa/Addis_Ababa,6.97,45.34,450400
cilegon,Cilegon,ID,,Asia/Jakarta,-6.01,106.05,450271
wenshancity,Wenshan City,CN,,Asia/Shanghai,23.36,104.25,450000
eslamshahr,Eslamshahr,IR,,Asia/Tehran,35.55,51.24,450000
juba,Juba,SS,,Africa/Juba,4.85,31.58,450000
muratpasa,Muratpaşa,TR,,Europe/Istanbul,36.89,30.76,450000
bacgiang,Bắc Giang,VN,,Asia/Bangkok,21.27,106.19,450000
sanliurfa,Şanlıurfa,TR,,Europe/Istanbul,37.17,38.79,449549
chengde,Chengde,CN,,Asia/Shanghai,40.95,117.96,449325
kursk,Kursk,RU,,Europe/Moscow,51.73,36.18,448733
maheshtala,Maheshtala,IN,,Asia/Kolkata,22.51,88.25,448317
namgjinh,Nam Định,VN,,Asia/Bangkok,20.43,106.18,448225
constantine,Constantine,DZ,,Africa/Algiers,36.37,6.61,448028
patiala,Patiāla,IN,,Asia/Kolkata,30.34,76.39,446246
boksburg,Boksburg,ZA,,Africa/Johannesburg,-26.21,28.26,445168
basuo,Basuo,CN,,Asia/Shanghai,19.1,108.67,444458
ensenada,Ensenada,MX,,America/Tijuana,31.87,-116.6,443807
elazig,Elazığ,TR,,Europe/Istanbul,38.67,39.22,443363
jundiai,Jundiaí,BR,,America/Sao_Paulo,-23.19,-46.88,443221
kupang,Kupang,ID,,Asia/Makassar,-10.17,123.61,442758
xochimilco,Xochimilco,MX,,America/Mexico_City,19.25,-99.1,442178
shyamnagar,Shyamnagar,IN,,Asia/Kolkata,22.83,88.37,441956
dasmarinas,Dasmariñas,PH,,Asia/Manila,14.33,120.94,441876
zhangjiajie,Zhangjiajie,CN,,Asia/Shanghai,29.13,110.48,441804
korhogo,Korhogo,CI,,Africa/Abidjan,9.46,-5.63,440926
fujisawa,Fujisawa,JP,,Asia/Tokyo,35.35,139.48,439728
bissau,Bissau,GW,,Africa/Bissau,11.86,-15.6,439704
sandakan,Sandakan,MY,,Asia/Kuching,5.84,118.12,439050
mawlamyine,Mawlamyine,MM,,Asia/Yangon,16.49,97.63,438861
laval,Laval,CA,,America/Toronto,45.57,-73.69,438366
palma,Palma,ES,,Europe/Madrid,39.57,2.65,438234
sunchon,Sunch’ŏn,KP,,Asia/Pyongyang,39.43,125.93,437000
sultangazi,Sultangazi,TR,,Europe/Istanbul,41.11,28.87,436935
uyo,Uyo,NG,,Africa/Lagos,5.05,7.93,436606
beian,Bei’an,CN,,Asia/Shanghai,48.27,126.6,436444
davangere,Davangere,IN,,Asia/Kolkata,14.47,75.93,435128
adoekiti,Ado-Ekiti,NG,,Africa/Lagos,7.62,5.22,435000
manizales,Manizales,CO,,America/Bogota,5.07,-75.51,434403
masan,Masan,KR,,Asia/Seoul,35.13,126.83,434371
buonmathuot,Buôn Ma Thuột,VN,,Asia/Ho_Chi_Minh,12.67,108.04,434256
ananindeua,Ananindeua,BR,,America/Belem,-1.37,-48.37,433956
stavropol,Stavropol,RU,,Europe/Moscow,45.03,41.96,433931
shuozhou,Shuozhou,CN,,Asia/Shanghai,39.32,112.42,433700
santos,Santos,BR,,America/Sao_Paulo,-23.96,-46.33,433656
kashiwa,Kashiwa,JP,,Asia/Tokyo,35.86,139.98,433436
ogbomoso,Ogbomoso,NG,,Africa/Lagos,8.13,4.24,433030
telaviv,Tel Aviv,IL,,Asia/Jerusalem,32.08,34.78,432892
goma,Goma,CD,,Africa/Lubumbashi,-1.67,29.23,432587
buenaventura,Buenaventura,CO,29,America/Bogota,3.58,-77,432385
welkom,Welkom,ZA,,Africa/Johannesburg,-27.98,26.74,431944
shamshuipo,Sham Shui Po,HK,,Asia/Hong_Kong,22.33,114.16,431090
machida,Machida,JP,,Asia/Tokyo,35.54,139.45,431079
venustianocarranza,Venustiano Carranza,MX,,America/Mexico_City,19.44,-99.1,430978
zagazig,Zagazig,EG,,Africa/Cairo,30.59,31.5,430445
vinnytsya,Vinnytsya,UA,,Europe/Kyiv,49.23,28.47,430091
mataram,Mataram,ID,,Asia/Makassar,-8.58,116.12,429651
ismailia,Ismailia,EG,,Africa/Cairo,30.6,32.27,429465
ningde,Ningde,CN,,Asia/Shanghai,26.66,119.52,429260
akola,Akola,IN,,Asia/Kolkata,20.71,77,428857
kimakieza,Kima Kieza,AO,,Africa/Luanda,-8.83,13.3,428855
cusco,Cusco,PE,,America/Lima,-13.53,-71.97,428450
jiuquan,Jiuquan,CN,,Asia/Shanghai,39.74,98.52,428346
veracruz,Veracruz,MX,,America/Mexico_City,19.18,-96.14,428323
eastjerusalem,East Jerusalem,PS,,Asia/Hebron,31.78,35.23,428304
bryansk,Bryansk,RU,,Europe/Moscow,53.27,34.32,427236
maltepe,Maltepe,TR,,Europe/Istanbul,40.94,29.16,427040
kualaterengganu,Kuala Terengganu,MY,,Asia/Kuala_Lumpur,5.33,103.14,426500
toyota,Toyota,JP,,Asia/Tokyo,35.08,137.15,426162
matadi,Matadi,CD,,Africa/Kinshasa,-5.84,13.46,425662
alkharj,Al Kharj,SA,,Asia/Riyadh,24.16,47.33,425300
wongtaisin,Wong Tai Sin,HK,,Asia/Hong_Kong,22.35,114.18,425235
minna,Minna,NG,,Africa/Lagos,9.62,6.55,425000
mandaluyong,Mandaluyong,PH,,Asia/Manila,14.58,121.04,425000
xalapadeenriquez,Xalapa de Enríquez,MX,,America/Mexico_City,19.53,-96.92,424755
rajpursonarpur,Rajpur Sonarpur,IN,,Asia/Kolkata,22.44,88.43,424368
bratislava,Bratislava,SK,,Europe/Bratislava,48.15,17.11,423737
tamanpetaling,Taman Petaling,MY,,Asia/Kuala_Lumpur,3.2,101.65,423062
shinagawa,Shinagawa,JP,,Asia/Tokyo,33.64,133.01,422488
alhasakah,Al Ḩasakah,SY,,Asia/Damascus,36.5,40.75,422445
luxor,Luxor,EG,,Africa/Cairo,25.7,32.64,422407
london_ca,London,CA,,America/Toronto,42.98,-81.23,422324
awasa,Awasa,ET,,Africa/Addis_Ababa,7.06,38.48,422200
chimoio,Chimoio,MZ,,Africa/Maputo,-19.12,33.48,422046
tandoallahyar,Tando Allahyar,PK,,Asia/Karachi,25.46,68.72,421923
daloa,Daloa,CI,,Africa/Abidjan,6.88,-6.45,421871
dingxi,Dingxi,CN,,Asia/Shanghai,35.57,104.62,420614
bamenda,Bamenda,CM,,Africa/Douala,5.96,10.15,420445
tver,Tver,RU,,Europe/Moscow,56.86,35.9,420065
thainguyen,Thái Nguyên,VN,,Asia/Bangkok,21.59,105.85,420000
boavista,Boa Vista,BR,,America/Boa_Vista,2.82,-60.67,419652
riobranco,Rio Branco,BR,,America/Rio_Branco,-9.97,-67.81,419452
oakland,Oakland,US,,America/Los_Angeles,37.8,-122.27,419267
christchurch,Christchurch,NZ,,Pacific/Auckland,-43.53,172.63,419200
korba,Korba,IN,,Asia/Kolkata,22.35,82.7,419146
takamatsu,Takamatsu,JP,,Asia/Tokyo,34.33,134.05,418994
kowlooncity,Kowloon City,HK,,Asia/Hong_Kong,22.33,114.19,418732
tirana,Tirana,AL,,Europe/Tirane,41.33,19.82,418495
sanjuan,San Juan,PR,,America/Puerto_Rico,18.47,-66.11,418140
alorsetar,Alor Setar,MY,,Asia/Kuala_Lumpur,6.12,100.36,417800
tongchuan,Tongchuan,CN,,Asia/Shanghai,34.9,108.95,417740
pasay,Pasay,PH,,Asia/Manila,14.54,121,416522
nuevolaredo,Nuevo Laredo,MX,,America/Matamoros,27.48,-99.52,416055
toyama,Toyama,JP,,Asia/Tokyo,36.7,137.22,415844
tetouan,Tétouan,MA,,Africa/Casablanca,35.58,-5.37,415810
zuerich,Zürich,CH,,Europe/Zurich,47.37,8.55,415367
viettri,Việt Trì,VN,,Asia/Bangkok,21.32,105.4,415280
azcapotzalco,Azcapotzalco,MX,,America/Mexico_City,19.49,-99.19,414711
tampa,Tampa,US,,America/New_York,27.95,-82.46,414547
montesclaros,Montes Claros,BR,,America/Sao_Paulo,-16.73,-43.86,414240
bunamwaya,Bunamwaya,UG,,Africa/Kampala,0.25,32.56,413400
magnitogorsk,Magnitogorsk,RU,,Asia/Yekaterinburg,53.4,59.01,413351
tulsa,Tulsa,US,,America/Chicago,36.15,-95.99,413066
jhansi,Jhānsi,IN,,Asia/Kolkata,25.46,78.58,412927
tseungkwano,Tseung Kwan O,HK,,Asia/Hong_Kong,22.33,114.25,412900
ciudadbolivar,Ciudad Bolívar,VE,,America/Caracas,8.12,-63.55,412619
kampungkangkarteberau,Kampung Kangkar Teberau,MY,,Asia/Kuala_Lumpur,1.53,103.75,412373
koumassi,Koumassi,CI,,Africa/Abidjan,5.3,-3.97,412282
sannicolasdelosgarza,San Nicolás de los Garza,MX,,America/Monterrey,25.74,-100.3,412199
guyuan,Guyuan,CN,,Asia/Shanghai,36.01,106.28,411854
wandsbek,Wandsbek,DE,,Europe/Berlin,53.58,10.08,411422
minneapolis,Minneapolis,US,,America/Chicago,44.98,-93.26,410939
thoothukudi,Thoothukudi,IN,,Asia/Kolkata,8.77,78.13,410760
ardabil,Ardabīl,IR,,Asia/Tehran,38.25,48.29,410753
ballari,Ballari,IN,,Asia/Kolkata,15.14,76.92,410445
chaoyang,Chaoyang,CN,,Asia/Shanghai,41.57,120.46,410005
gaza,Gaza,PS,,Asia/Gaza,31.5,34.47,410000
yokosuka,Yokosuka,JP,,Asia/Tokyo,35.28,139.67,409478
komombo,Kom Ombo,EG,,Africa/Cairo,24.48,32.95,409311
saltivka,Saltivka,UA,,Europe/Kyiv,50.02,36.35,409300
nagasaki,Nagasaki,JP,,Asia/Tokyo,32.75,129.88,409118
gujangbagh,Gujangbagh,CN,,Asia/Urumqi,37.11,79.93,408894
tonala,Tonalá,MX,,America/Mexico_City,20.62,-103.24,408759
panamacity,Panama City,PA,,America/Panama,8.99,-79.52,408168
piracicaba,Piracicaba,BR,,America/Sao_Paulo,-22.73,-47.65,407252
uvira,Uvira,CD,,Africa/Lubumbashi,-3.4,29.14,407092
hirakata,Hirakata,JP,,Asia/Tokyo,34.81,135.65,406331
ivanovo,Ivanovo,RU,,Europe/Moscow,57,40.97,406113
cumana,Cumaná,VE,,America/Caracas,10.46,-64.18,405626
newcastle_za,Newcastle,ZA,,Africa/Johannesburg,-27.76,29.93,404838
gumi,Gumi,KR,,Asia/Seoul,36.11,128.34,404691
jayapura,Jayapura,ID,,Asia/Jayapura,-2.53,140.72,404004
jixi,Jixi,CN,,Asia/Shanghai,45.29,130.96,403759
kuching,Kuching,MY,,Asia/Kuching,1.55,110.33,402738
gifu,Gifu,JP,,Asia/Tokyo,35.42,136.76,402557
caruaru,Caruaru,BR,,America/Recife,-8.28,-35.98,402290
tongling,Tongling,CN,,Asia/Shanghai,30.95,117.78,402062
tarlaccity,Tarlac City,PH,,Asia/Manila,15.48,120.6,401892
toyonaka,Toyonaka,JP,,Asia/Tokyo,34.78,135.47,401558
kassala,Kassala,SD,,Africa/Khartoum,15.45,36.4,401477
miyazaki,Miyazaki,JP,,Asia/Tokyo,31.92,131.42,401339
lekki,Lekki,NG,,Africa/Lagos,6.41,4.09,401272
antofagasta,Antofagasta,CL,,America/Santiago,-23.65,-70.4,401096
wahcantt,Wah Cantt,PK,,Asia/Karachi,33.77,72.75,400733
bhagalpur,Bhāgalpur,IN,,Asia/Kolkata,25.24,86.97,400146
agartala,Agartala,IN,,Asia/Kolkata,23.84,91.28,400004
dayrah,Dayrah,AE,,Asia/Dubai,25.27,55.3,400000
westjerusalem,West Jerusalem,IL,,Asia/Jerusalem,31.78,35.22,400000
bida,Bida,NG,,Africa/Lagos,9.08,6.01,400000
bunia,Bunia,CD,,Africa/Lubumbashi,1.56,30.25,399282
antakya,Antakya,TR,,Europe/Istanbul,36.21,36.16,399045
quanmuoi,Quận Mười,VN,,Asia/Ho_Chi_Minh,10.77,106.67,399000
kisumu,Kisumu,KE,,Africa/Nairobi,-0.1,34.76,397957
luhansk,Luhansk,UA,,Europe/Kyiv,48.57,39.31,397677
bengkulu,Bengkulu,ID,,Asia/Jakarta,-3.8,102.27,397321
barinas,Barinas,VE,,America/Caracas,8.62,-70.23,397279
wichita,Wichita,US,,America/Chicago,37.69,-97.34,396119
alhoceima,Al Hoceïma,MA,,Africa/Casablanca,35.25,-3.94,395644
szczecin,Szczecin,PL,,Europe/Warsaw,53.43,14.55,395513
delmas,Delmas,HT,,America/Port-au-Prince,18.54,-72.3,395260
vilavelha,Vila Velha,BR,,America/Sao_Paulo,-20.33,-40.29,394930
bologna,Bologna,IT,,Europe/Rome,44.49,11.34,394843
sejong,Sejong,KR,,Asia/Seoul,36.59,127.29,394630
cazenga,Cazenga,AO,,Africa/Luanda,-8.84,13.28,394170
samsun,Samsun,TR,,Europe/Istanbul,41.28,36.34,394050
tallinn,Tallinn,EE,,Europe/Tallinn,59.44,24.75,394024
tanga,Tanga,TZ,,Africa/Dar_es_Salaam,-5.07,39.1,393429
elobeid,El Obeid,SD,,Africa/Khartoum,13.18,30.22,393311
diadema,Diadema,BR,,America/Sao_Paulo,-23.69,-46.62,393237
lobito,Lobito,AO,,Africa/Luanda,-12.36,13.54,393079
saurimo,Saurimo,AO,,Africa/Luanda,-9.66,20.39,393000
bello,Bello,CO,,America/Bogota,6.34,-75.56,392939
pasto,Pasto,CO,,America/Bogota,1.21,-77.28,392930
gaomi,Gaomi,CN,,Asia/Shanghai,36.38,119.75,391986
santafe,Santa Fe,AR,,America/Argentina/Cordoba,-31.65,-60.71,391164
sanpedro,San-Pédro,CI,,Africa/Abidjan,4.75,-6.64,390654
makurdi,Makurdi,NG,,Africa/Lagos,7.73,8.52,390000
takoradi,Takoradi,GH,,Africa/Accra,4.9,-1.76,389114
samutprakan,Samut Prakan,TH,,Asia/Bangkok,13.6,100.6,388920
arlington,Arlington,US,TX,America/Chicago,32.74,-97.11,388125
khamismushait,Khamis Mushait,SA,,Asia/Riyadh,18.3,42.73,387553
ambato,Ambato,EC,,America/Guayaquil,-1.25,-78.62,387309
carapicuiba,Carapicuíba,BR,,America/Sao_Paulo,-23.52,-46.83,386984
petrolina,Petrolina,BR,,America/Recife,-9.4,-40.5,386791
ojodeagua,Ojo de Agua,MX,,America/Mexico_City,19.68,-99.01,386290
windhoek,Windhoek,NA,,Africa/Windhoek,-22.56,17.08,386219
abomeycalavi,Abomey-Calavi,BJ,,Africa/Porto-Novo,6.45,2.36,385755
bochum,Bochum,DE,,Europe/Berlin,51.48,7.22,385729
suita,Suita,JP,,Asia/Tokyo,34.76,135.52,385567
benitojuarez,Benito Juárez,MX,09,America/Mexico_City,19.37,-99.16,385439
sector3,Sector 3,RO,,Europe/Bucharest,44.42,26.17,385439
kahramanmaras,Kahramanmaraş,TR,,Europe/Istanbul,37.58,36.93,384953
chongzuo,Chongzuo,CN,,Asia/Shanghai,22.38,107.37,384905
grajau,Grajaú,BR,,America/Sao_Paulo,-23.77,-46.67,384873
okazaki,Okazaki,JP,,Asia/Tokyo,34.95,137.17,384654
xico,Xico,MX,,America/Mexico_City,19.27,-98.95,384327
iztacalco,Iztacalco,MX,,America/Mexico_City,19.4,-99.1,384326
kakinada,Kākināda,IN,,Asia/Kolkata,16.96,82.24,384182
betim,Betim,BR,,America/Sao_Paulo,-19.97,-44.2,384000
laspalmasdegrancanaria,Las Palmas de Gran Canaria,ES,,Atlantic/Canary,28.1,-15.42,383516
cotabato,Cotabato,PH,,Asia/Manila,7.22,124.25,383383
bawshar,Bawshar,OM,,Asia/Muscat,23.58,58.4,383257
latur,Latur,IN,,Asia/Kolkata,18.4,76.57,382940
tanzhou,Tanzhou,CN,,Asia/Shanghai,22.26,113.47,382445
wellington,Wellington,NZ,,Pacific/Auckland,-41.29,174.78,381900
mazatlan,Mazatlán,MX,,America/Mazatlan,23.22,-106.42,381583
caxiasdosul,Caxias do Sul,BR,,America/Sao_Paulo,-29.17,-51.18,381270
nizhnytagil,Nizhny Tagil,RU,,Asia/Yekaterinburg,57.92,59.97,381116
irapuato,Irapuato,MX,,America/Mexico_City,20.67,-101.36,380941
ichinomiya,Ichinomiya,JP,,Asia/Tokyo,35.3,136.8,380073
aswan,Aswān,EG,,Africa/Cairo,24.09,32.9,379774
brno,Brno,CZ,,Europe/Prague,49.2,16.61,379466
bauru,Bauru,BR,,America/Sao_Paulo,-22.31,-49.06,379297
iasi,Iaşi,RO,,Europe/Bucharest,47.17,27.6,378954
krugersdorp,Krugersdorp,ZA,,Africa/Johannesburg,-26.09,27.78,378821
panihati,Pānihāti,IN,,Asia/Kolkata,22.69,88.37,378705
shibganj,Shibganj,BD,,Asia/Dhaka,25,89.32,378701
iquitos,Iquitos,PE,,America/Lima,-3.75,-73.25,377609
toyohashi,Toyohashi,JP,,Asia/Tokyo,34.77,137.38,377453
hechuan,Hechuan,CN,,Asia/Shanghai,29.99,106.26,377213
petionville,Pétionville,HT,,America/Port-au-Prince,18.51,-72.29,376834
utrecht,Utrecht,NL,,Europe/Amsterdam,52.09,5.12,376435
rajamahendravaram,Rajamahendravaram,IN,,Asia/Kolkata,17.01,81.78,376333
yogyakarta,Yogyakarta,ID,,Asia/Jakarta,-7.8,110.36,375699
dhule,Dhule,IN,,Asia/Kolkata,20.9,74.78,375559
minato,Minato,JP,,Asia/Tokyo,34.22,135.15,375339
puchong,Puchong,MY,,Asia/Kuala_Lumpur,3,101.62,375181
ondo,Ondo,NG,,Africa/Lagos,7.09,4.84,375000
rohtak,Rohtak,IN,,Asia/Kolkata,28.89,76.59,374292
rustenburg,Rustenburg,ZA,,Africa/Johannesburg,-25.67,27.24,373695
bakersfield,Bakersfield,US,,America/Los_Angeles,35.37,-119.02,373640
xuanhua,Xuanhua,CN,,Asia/Shanghai,40.61,115.06,373422
emalahleni,Emalahleni,ZA,,Africa/Johannesburg,-25.87,29.23,373403
bafoussam,Bafoussam,CM,,Africa/Douala,5.48,10.42,373268
palu,Palu,ID,,Asia/Makassar,-0.91,119.87,373218
thudaumot,Thủ Dầu Một,VN,,Asia/Ho_Chi_Minh,10.98,106.65,373105
takasaki,Takasaki,JP,,Asia/Tokyo,36.33,139.02,372973
seremban,Seremban,MY,,Asia/Kuala_Lumpur,2.73,101.94,372917
miguelhidalgo,Miguel Hidalgo,MX,,America/Mexico_City,19.43,-99.2,372889
nagano,Nagano,JP,,Asia/Tokyo,36.65,138.18,372760
tawau,Tawau,MY,,Asia/Kuching,4.24,117.89,372615
cardiff,Cardiff,GB,,Europe/London,51.48,-3.18,372089
gjonggja,Đống Đa,VN,,Asia/Bangkok,21.01,105.83,371606
chitungwiza,Chitungwiza,ZW,,Africa/Harare,-18.01,31.08,371246
abadan,Abadan,IR,,Asia/Tehran,30.34,48.3,370180
fenghuang,Fenghuang,CN,,Asia/Shanghai,27.94,109.6,370000
umuahia,Umuahia,NG,,Africa/Lagos,5.52,7.49,370000
puertolacruz,Puerto La Cruz,VE,,America/Caracas,10.21,-64.63,370000
usak,Uşak,TR,,Europe/Istanbul,38.67,29.41,369433
bharatpur,Bharatpur,NP,,Asia/Kathmandu,27.68,84.44,369377
itaquaquecetuba,Itaquaquecetuba,BR,,America/Sao_Paulo,-23.49,-46.35,369275
natore,Natore,BD,,Asia/Dhaka,24.41,88.99,369138
6thofoctobercity,6th of October City,EG,,Africa/Cairo,29.82,31.05,368650
leicester,Leicester,GB,,Europe/London,52.64,-1.13,368600
desna,Desna,UA,,Europe/Kyiv,50.52,30.68,368500
sector6,Sector 6,RO,,Europe/Bucharest,44.44,26.02,367760
canberra,Canberra,AU,,Australia/Sydney,-35.28,149.13,367752
narashi,Nara-shi,JP,,Asia/Tokyo,34.69,135.8,367353
florence,Florence,IT,,Europe/Rome,43.78,11.25,367150
ahilyanagar,Ahilyanagar,IN,,Asia/Kolkata,19.09,74.74,367140
kollam,Kollam,IN,,Asia/Kolkata,8.88,76.58,367107
huanggang,Huanggang,CN,12,Asia/Shanghai,30.45,114.87,366769
olinda,Olinda,BR,,America/Recife,-8.01,-34.86,366754
bradford,Bradford,GB,,Europe/London,53.79,-1.75,366187
bilaspur,Bilāspur,IN,,Asia/Kolkata,22.08,82.16,365579
malabon,Malabon,PH,,Asia/Manila,14.67,120.94,365525
cleveland,Cleveland,US,,America/New_York,41.5,-81.7,365379
iseyin,Iseyin,NG,,Africa/Lagos,7.97,3.6,365300
etobicoke,Etobicoke,CA,,America/Toronto,43.64,-79.57,365000
yenagoa,Yenagoa,NG,,Africa/Lagos,4.93,6.27,365000
gboko,Gboko,NG,,Africa/Lagos,7.32,9,365000
samba,Samba,AO,,Africa/Luanda,-8.88,13.2,364986
pyeongtaek,Pyeongtaek,KR,,Asia/Seoul,36.99,127.09,364694
petare,Petare,VE,,America/Caracas,10.48,-66.81,364684
bencat,Bến Cát,VN,,Asia/Ho_Chi_Minh,11.15,106.6,364578
anqiu,Anqiu,CN,,Asia/Shanghai,36.43,119.19,364208
alanya,Alanya,TR,,Europe/Istanbul,36.54,32,364180
larkana,Larkana,PK,,Asia/Karachi,27.56,68.21,364033
alqadarif,Al Qadarif,SD,,Africa/Khartoum,14.03,35.38,363945
cibinong,Cibinong,ID,,Asia/Jakarta,-6.48,106.85,363424
nawabshah,Nawabshah,PK,,Asia/Karachi,26.24,68.4,363138
neworleans,New Orleans,US,,America/Chicago,29.95,-90.08,362701
keelung,Keelung,TW,,Asia/Taipei,25.13,121.74,362487
malmoe,Malmö,SE,,Europe/Stockholm,55.61,13,362133
jizhou,Jizhou,CN,,Asia/Shanghai,37.55,115.57,362013
manukaucity,Manukau City,NZ,,Pacific/Auckland,-36.99,174.88,362000
blumenau,Blumenau,BR,,America/Sao_Paulo,-26.92,-49.07,361855
maradi,Maradi,NE,,Africa/Niamey,13.5,7.1,361702
atasehir,Ataşehir,TR,,Europe/Istanbul,40.98,29.12,361615
nanqiao,Nanqiao,CN,,Asia/Shanghai,30.92,121.45,361185
hrodna,Hrodna,BY,,Europe/Minsk,53.68,23.83,361115
wuppertal,Wuppertal,DE,,Europe/Berlin,51.26,7.15,360797
sukabumi,Sukabumi,ID,,Asia/Jakarta,-6.92,106.93,360644
ulanude,Ulan-Ude,RU,,Asia/Irkutsk,51.83,107.6,360278
huocheng,Huocheng,CN,,Asia/Urumqi,44.05,80.87,360000
ijebuode,Ijebu Ode,NG,,Africa/Lagos,6.82,3.92,360000
maseru,Maseru,LS,,Africa/Maseru,-29.32,27.48,359753
bhilwara,Bhilwara,IN,,Asia/Kolkata,25.35,74.64,359483
aurora,Aurora,US,CO,America/Denver,39.73,-104.83,359407
sumqayit,Sumqayıt,AZ,,Asia/Baku,40.59,49.67,358675
franca,Franca,BR,,America/Sao_Paulo,-20.54,-47.4,358539
vitebsk,Vitebsk,BY,,Europe/Minsk,55.19,30.2,358395
taraz,Taraz,KZ,,Asia/Almaty,42.9,71.37,358153
yangsan,Yangsan,KR,,Asia/Seoul,35.34,129.03,358074
dniprovskyi,Dniprovskyi,UA,,Europe/Kyiv,50.45,30.6,357900
sanjosedelmonte,San Jose del Monte,PH,,Asia/Manila,14.81,121.05,357828
abualkahsib,Abū al-Kahṣīb,IQ,,Asia/Baghdad,30.44,47.88,357771
gwangmyeong,Gwangmyeong,KR,,Asia/Seoul,37.48,126.87,357545
zanjan,Zanjan,IR,,Asia/Tehran,36.68,48.5,357471
neiva,Neiva,CO,,America/Bogota,2.93,-75.28,357392
iwaki,Iwaki,JP,,Asia/Tokyo,37.05,140.88,357309
vladimir,Vladimir,RU,,Europe/Moscow,56.14,40.4,357024
tete,Tete,MZ,,Africa/Maputo,-16.16,33.59,357000
bacoor,Bacoor,PH,,Asia/Manila,14.46,120.94,356974
wakayama,Wakayama,JP,,Asia/Tokyo,34.23,135.17,356729
brahmapur,Brahmapur,IN,,Asia/Kolkata,19.31,84.79,356598
fengshan,Fengshan,TW,,Asia/Taipei,22.63,120.36,356463
caucaia,Caucaia,BR,,America/Fortaleza,-3.74,-38.65,355679
misratah,Misratah,LY,,Africa/Tripoli,32.38,15.09,355657
cuito,Cuíto,AO,,Africa/Luanda,-12.38,16.93,355423
benitojuarez_mx_09,Benito Juarez,MX,09,America/Mexico_City,19.4,-99.16,355017
kyzylorda,Kyzylorda,KZ,,Asia/Qyzylorda,44.85,65.51,354800
kawagoe,Kawagoe,JP,,Asia/Tokyo,35.91,139.49,354571
takatsuki,Takatsuki,JP,,Asia/Tokyo,34.85,135.62,354468
muzaffarpur,Muzaffarpur,IN,,Asia/Kolkata,26.12,85.39,354462
tapachula,Tapachula,MX,,America/Merida,14.91,-92.26,353706
lhoka,Lhoka,CN,,Asia/Shanghai,29.24,91.77,353700
villahermosa,Villahermosa,MX,,America/Merida,17.99,-92.94,353577
cariacica,Cariacica,BR,,America/Sao_Paulo,-20.26,-40.42,353491
setapak,Setapak,MY,,Asia/Kuala_Lumpur,3.21,101.73,353268
mahilyow,Mahilyow,BY,,Europe/Minsk,53.91,30.34,353110
bandarabbas,Bandar Abbas,IR,,Asia/Tehran,27.19,56.28,352173
pravyibereh,Pravyi Bereh,UA,,Europe/Kyiv,47.11,37.59,352088
yunusobod,Yunusobod,UZ,,Asia/Tashkent,41.37,69.28,352000
rasalkhaimah,Ras Al Khaimah,AE,,Asia/Dubai,25.79,55.94,351943
cabimas,Cabimas,VE,,America/Caracas,10.4,-71.45,351736
honolulu,Honolulu,US,,Pacific/Honolulu,21.31,-157.86,350964
anaheim,Anaheim,US,,America/Los_Angeles,33.84,-117.91,350742
tarsus,Tarsus,TR,,Europe/Istanbul,36.92,34.89,350732
pengze,Pengze,CN,,Asia/Shanghai,29.9,116.55,350000
bahirdar,Bahir Dar,ET,,Africa/Addis_Ababa,11.59,37.39,350000
punasa,Punāsa,IN,,Asia/Kolkata,22.24,76.39,350000
almahmudiyah,Al Maḩmūdīyah,IQ,,Asia/Baghdad,33.06,44.37,350000
diepsloot,Diepsloot,ZA,,Africa/Johannesburg,-25.93,28.01,350000
xilinhot,Xilinhot,CN,20,Asia/Shanghai,43.94,116.07,349953
praiagrande,Praia Grande,BR,,America/Sao_Paulo,-24.01,-46.4,349935
quelimane,Quelimane,MZ,,Africa/Maputo,-17.88,36.89,349842
arkhangelsk,Arkhangel’sk,RU,,Europe/Moscow,64.55,40.55,349742
muzaffarnagar,Muzaffarnagar,IN,,Asia/Kolkata,29.47,77.7,349706
hulunbuir,Hulunbuir,CN,,Asia/Shanghai,49.21,119.76,349400
shinjuku,Shinjuku,JP,,Asia/Tokyo,35.69,139.71,349385
sikasso,Sikasso,ML,,Africa/Bamako,11.32,-5.67,349324
sanandaj,Sanandaj,IR,,Asia/Tehran,35.31,47,349176
chita,Chita,RU,,Asia/Chita,52.04,113.49,349005
sanpedro_ph,San Pedro,PH,,Asia/Manila,14.36,121.05,348968
campinagrande,Campina Grande,BR,,America/Fortaleza,-7.23,-35.88,348936
alicante,Alicante,ES,,Europe/Madrid,38.35,-0.48,348901
bimbo,Bimbo,CF,,Africa/Bangui,4.26,18.42,348802
kalemyo,Kalemyo,MM,,Asia/Yangon,23.19,94.06,348573
belfast,Belfast,GB,,Europe/London,54.6,-5.93,348005
longbien,Long Bien,VN,,Asia/Bangkok,21.03,105.9,347829
camagueey,Camagüey,CU,,America/Havana,21.38,-77.92,347562
daye,Daye,CN,,Asia/Shanghai,30.08,114.95,347406
bilbao,Bilbao,ES,,Europe/Madrid,43.26,-2.93,347342
ambon,Ambon,ID,,Asia/Jayapura,-3.7,128.18,347288
chifeng,Chifeng,CN,,Asia/Shanghai,42.27,118.96,346654
centralcoast,Central Coast,AU,,Australia/Sydney,-33.43,151.37,346596
sunshinecoast,Sunshine Coast,AU,,Australia/Brisbane,-26.66,153.08,346522
corrientes,Corrientes,AR,,America/Argentina/Cordoba,-27.47,-58.83,346334
hungnam,Hŭngnam,KP,,Asia/Pyongyang,39.84,127.63,346082
avadi,Avadi,IN,,Asia/Kolkata,13.11,80.11,345996
astana,Astana,KZ,,Asia/Almaty,51.18,71.45,345604
yunlong,Yunlong,CN,,Asia/Shanghai,34.25,117.25,345393
koshigaya,Koshigaya,JP,,Asia/Tokyo,35.89,139.79,345353
coventry,Coventry,GB,,Europe/London,52.41,-1.51,345324
belgorod,Belgorod,RU,,Europe/Moscow,50.6,36.58,345289
kendari,Kendari,ID,,Asia/Makassar,-3.98,122.52,345107
toamasina,Toamasina,MG,,Indian/Antananarivo,-18.15,49.4,345107
logancity,Logan City,AU,,Australia/Brisbane,-27.64,153.11,345098
otsu,Ōtsu,JP,,Asia/Tokyo,35,135.87,345070
kosti,Kosti,SD,,Africa/Khartoum,13.16,32.66,345068
qitaihe,Qitaihe,CN,,Asia/Shanghai,45.77,131,345033
doha,Doha,QA,,Asia/Qatar,25.29,51.53,344939
kadapa,Kadapa,IN,,Asia/Kolkata,14.48,78.82,344893
nakano,Nakano,JP,,Asia/Tokyo,35.7,139.67,344880
turmero,Turmero,VE,,America/Caracas,10.23,-67.47,344700
brest,Brest,BY,,Europe/Minsk,52.11,23.72,344470
tokorozawa,Tokorozawa,JP,,Asia/Tokyo,35.8,139.47,344194
cabanatuancity,Cabanatuan City,PH,,Asia/Manila,15.49,120.97,343672
pizhou,Pizhou,CN,,Asia/Shanghai,34.31,117.95,343421
darnytsya,Darnytsya,UA,,Europe/Kyiv,50.42,30.7,343384
diredawa,Dire Dawa,ET,,Africa/Addis_Ababa,9.59,41.87,343000
annaba,Annaba,DZ,,Africa/Algiers,36.9,7.77,342703
nice,Nice,FR,,Europe/Paris,43.7,7.27,342669
iligan,Iligan,PH,,Asia/Manila,8.23,124.24,342618
soledad,Soledad,CO,,America/Bogota,10.92,-74.76,342556
temara,Temara,MA,,Africa/Casablanca,33.93,-6.91,342345
shiqi,Shiqi,CN,,Asia/Shanghai,22.52,113.39,342306
paulista,Paulista,BR,,America/Recife,-7.94,-34.87,342167
obalende,Obalende,NG,,Africa/Lagos,6.45,3.42,342000
cirebon,Cirebon,ID,,Asia/Jakarta,-6.71,108.56,341980
kukatpally,Kukatpally,IN,,Asia/Kolkata,17.48,78.41,341709
laixi,Laixi,CN,,Asia/Shanghai,36.86,120.53,341470
jhangsadr,Jhang Sadr,PK,,Asia/Karachi,31.27,72.32,341210
dihok,Dihok,IQ,,Asia/Baghdad,36.87,42.99,340900
kaluga,Kaluga,RU,,Europe/Moscow,54.53,36.27,340851
bactuliem,Bắc Từ Liêm,VN,,Asia/Ho_Chi_Minh,21.07,105.75,340605
celaya,Celaya,MX,,America/Mexico_City,20.52,-100.81,340387
serekunda,Serekunda,GM,,Africa/Banjul,13.44,-16.68,340000
kafrul,Kafrul,BD,,Asia/Dhaka,23.79,90.37,339734
karsiyaka,Karşıyaka,TR,,Europe/Istanbul,38.46,27.11,339624
hadaiqalqubbah,Ḩadā’iq al Qubbah,EG,,Africa/Cairo,30.09,31.28,339612
makiyivka,Makiyivka,UA,,Europe/Kyiv,48.05,37.93,338968
westraleigh,West Raleigh,US,,America/New_York,35.79,-78.66,338759
cuernavaca,Cuernavaca,MX,,America/Mexico_City,18.93,-99.23,338650
markham,Markham,CA,,America/Toronto,43.87,-79.27,338503
kaesong,Kaesŏng,KP,,Asia/Pyongyang,37.97,126.55,338155
uberaba,Uberaba,BR,,America/Sao_Paulo,-19.75,-47.93,337836
tungi,Tungi,BD,,Asia/Dhaka,23.89,90.4,337579
krasnogvargeisky,Krasnogvargeisky,RU,,Europe/Moscow,59.97,30.48,337091
randburg,Randburg,ZA,,Africa/Johannesburg,-26.09,28,337053
safi,Safi,MA,,Africa/Casablanca,32.3,-9.24,336883
simferopol,Simferopol,UA,,Europe/Simferopol,44.96,34.11,336460
lublin,Lublin,PL,,Europe/Warsaw,51.25,22.57,336339
ganja,Ganja,AZ,,Asia/Baku,40.68,46.36,335600
sanjose_cr,San José,CR,,America/Costa_Rica,9.93,-84.08,335007
orlando,Orlando,US,,America/New_York,28.54,-81.38,334854
vinadelmar,Viña del Mar,CL,,America/Santiago,-33.02,-71.55,334248
tieling,Tieling,CN,,Asia/Shanghai,42.29,123.84,333907
qazvin,Qazvin,IR,,Asia/Tehran,36.27,50,333635
asahikawa,Asahikawa,JP,,Asia/Tokyo,43.77,142.36,333530
kamarhati,Kāmārhāti,IN,,Asia/Kolkata,22.67,88.37,332965
tepic,Tepic,MX,,America/Mazatlan,21.51,-104.89,332863
wonju,Wŏnju,KR,,Asia/Seoul,37.35,127.95,332849
wadmedani,Wad Medani,SD,,Africa/Khartoum,14.4,33.52,332714
quanmuoimot,Quận Mười Một,VN,,Asia/Ho_Chi_Minh,10.76,106.64,332536
nukus,Nukus,UZ,,Asia/Samarkand,42.46,59.61,332500
konak,Konak,TR,,Europe/Istanbul,38.4,27.1,332277
maebashi,Maebashi,JP,,Asia/Tokyo,36.4,139.08,332149
kita,Kita,JP,,Asia/Tokyo,35.75,139.73,332140
ciudadvictoria,Ciudad Victoria,MX,,America/Monterrey,23.74,-99.14,332100
soledaddegracianosanchez,Soledad de Graciano Sánchez,MX,,America/Mexico_City,22.19,-100.94,332072
kochi_jp,Kochi,JP,,Asia/Tokyo,33.55,133.53,332059
bielefeld,Bielefeld,DE,,Europe/Berlin,52.03,8.53,331906
dumai,Dumai,ID,,Asia/Jakarta,1.67,101.44,331832
blida,Blida,DZ,,Africa/Algiers,36.47,2.83,331779
kwaichung,Kwai Chung,HK,,Asia/Hong_Kong,22.37,114.14,331600
mandauecity,Mandaue City,PH,,Asia/Manila,10.32,123.92,331320
khorramshahr,Khorramshahr,IR,,Asia/Tehran,30.44,48.18,330606
bonn,Bonn,DE,,Europe/Berlin,50.73,7.1,330579
mathura,Mathura,IN,,Asia/Kolkata,27.5,77.67,330511
hechi,Hechi,CN,,Asia/Shanghai,24.69,108.08,330131
bydgoszcz,Bydgoszcz,PL,,Europe/Warsaw,53.12,18.01,330038
smolensk,Smolensk,RU,,Europe/Moscow,54.78,32.05,330025
oral,Oral,KZ,,Asia/Oral,51.25,51.43,330000
saovicente,São Vicente,BR,,America/Sao_Paulo,-23.96,-46.39,329911
khorramabad,Khorramabad,IR,,Asia/Tehran,33.49,48.36,329825
ribeiraodasneves,Ribeirão das Neves,BR,,America/Sao_Paulo,-19.77,-44.09,329794
soyapango,Soyapango,SV,,America/El_Salvador,13.71,-89.14,329708
tongshan,Tongshan,CN,,Asia/Shanghai,34.18,117.16,329661
guediawaye,Guédiawaye,SN,,Africa/Dakar,14.77,-17.4,329659
saojosedospinhais,São José dos Pinhais,BR,,America/Sao_Paulo,-25.53,-49.21,329628
plovdiv,Plovdiv,BG,,Europe/Sofia,42.15,24.75,329489
ciudadobregon,Ciudad Obregón,MX,,America/Hermosillo,27.49,-109.94,329404
wonsan,Wŏnsan,KP,,Asia/Pyongyang,39.15,127.44,329207
brent,Brent,GB,,Europe/London,51.55,-0.3,329100
pavlodar,Pavlodar,KZ,,Asia/Almaty,52.28,76.97,329002
chanda,Chānda,IN,,Asia/Kolkata,19.95,79.3,328351
canoas,Canoas,BR,,America/Sao_Paulo,-29.92,-51.18,328291
koriyama,Kōriyama,JP,,Asia/Tokyo,37.4,140.38,327692
sochi,Sochi,RU,,Europe/Moscow,43.6,39.72,327608
aksaray,Aksaray,TR,,Europe/Istanbul,38.37,34.03,327575
vijayapura,Vijayapura,IN,,Asia/Kolkata,16.82,75.72,327427
chipata,Chipata,ZM,,Africa/Lusaka,-13.63,32.65,327059
chongjin,Chongjin,KP,,Asia/Pyongyang,41.8,129.78,327000
yanji,Yanji,CN,,Asia/Shanghai,42.89,129.5,326957
roodepoort,Roodepoort,ZA,,Africa/Johannesburg,-26.16,27.87,326416
pucallpa,Pucallpa,PE,,America/Lima,-8.38,-74.55,326040
mogidascruzes,Mogi das Cruzes,BR,,America/Sao_Paulo,-23.52,-46.19,325746
cordoba_es,Córdoba,ES,,Europe/Madrid,37.89,-4.77,325708
birkenhead,Birkenhead,GB,,Europe/London,53.39,-3.01,325264
nantes,Nantes,FR,,Europe/Paris,47.22,-1.55,325070
ilesa,Ilesa,NG,,Africa/Lagos,7.63,4.74,325000
bhatara,Bhatara,BD,,Asia/Dhaka,23.8,90.45,324300
espoo,Espoo,FI,,Europe/Helsinki,60.21,24.65,323910
kikuyu,Kikuyu,KE,,Africa/Nairobi,-1.25,36.66,323881
kluang,Kluang,MY,,Asia/Kuala_Lumpur,2.03,103.32,323762
lincang,Lincang,CN,,Asia/Shanghai,23.88,100.09,323708
nottingham,Nottingham,GB,,Europe/London,52.95,-1.15,323632
ramiros,Ramiros,AO,,Africa/Luanda,-9.06,13.05,323576
alamarah,Al ‘Amārah,IQ,,Asia/Baghdad,31.84,47.14,323302
volzhsky,Volzhsky,RU,,Europe/Volgograd,48.79,44.78,323293
vaughan,Vaughan,CA,,America/Toronto,43.84,-79.5,323103
xingyi,Xingyi,CN,,Asia/Shanghai,25.1,104.91,322890
guaruja,Guarujá,BR,,America/Sao_Paulo,-23.99,-46.26,322750
shivamogga,Shivamogga,IN,,Asia/Kolkata,13.93,75.57,322650
alwar,Alwar,IN,,Asia/Kolkata,27.56,76.63,322568
uige,Uíge,AO,,Africa/Luanda,-7.61,15.06,322531
ixtapaluca,Ixtapaluca,MX,,America/Mexico_City,19.32,-98.88,322271
osh,Osh,KG,,Asia/Bishkek,40.53,72.8,322164
portoviejo,Portoviejo,EC,,America/Guayaquil,-1.06,-80.45,321800
villavicencio,Villavicencio,CO,,America/Bogota,4.13,-73.63,321717
mangyongdaeri,Man’gyŏngdae-ri,KP,,Asia/Pyongyang,38.99,125.66,321690
sanmiguelito,San Miguelito,PA,,America/Panama,9.05,-79.47,321501
pelotas,Pelotas,BR,,America/Sao_Paulo,-31.77,-52.34,320674
shahjanpur,Shāhjānpur,IN,,Asia/Kolkata,27.88,79.91,320434
lexington,Lexington,US,,America/New_York,37.99,-84.48,320347
tantou,Tantou,CN,,Asia/Shanghai,22.75,113.83,320304
anapolis,Anápolis,BR,,America/Sao_Paulo,-16.33,-48.95,319587
kaechon,Kaech’ŏn,KP,,Asia/Pyongyang,39.7,125.89,319554
junagadh,Jūnāgadh,IN,,Asia/Kolkata,21.52,70.46,319462
islington,Islington,GB,,Europe/London,51.54,-0.1,319143
holguin,Holguín,CU,,America/Havana,20.89,-76.26,319102
ustkamenogorsk,Ust-Kamenogorsk,KZ,,Asia/Almaty,49.97,82.61,319067
tsuenwan,Tsuen Wan,HK,,Asia/Hong_Kong,22.37,114.11,318916
zinder,Zinder,NE,,Africa/Niamey,13.81,8.99,318874
saransk,Saransk,RU,,Europe/Moscow,54.18,45.17,318841
aldiwaniyah,Al Diwaniyah,IQ,,Asia/Baghdad,31.99,44.93,318801
varna,Varna,BG,,Europe/Sofia,43.22,27.91,318737
hafizabad,Hafizabad,PK,,Asia/Karachi,32.07,73.69,318621
marnelavallee,Marne La Vallée,FR,,Europe/Paris,48.84,2.64,318325
damanhur,Damanhur,EG,,Africa/Cairo,31.03,30.47,318207
chiniot,Chiniot,PK,,Asia/Karachi,31.72,72.98,318165
popayan,Popayán,CO,,America/Bogota,2.44,-76.61,318059
reading,Reading,GB,,Europe/London,51.46,-0.97,318014
geita,Geita,TZ,,Africa/Dar_es_Salaam,-2.87,32.23,318006
taubate,Taubaté,BR,,America/Sao_Paulo,-23.03,-45.56,317915
constanta,Constanţa,RO,,Europe/Bucharest,44.18,28.63,317832
newdelhi,New Delhi,IN,,Asia/Kolkata,28.62,77.21,317797
thessaloniki,Thessaloníki,GR,,Europe/Athens,40.64,22.93,317778
thies,Thiès,SN,,Africa/Dakar,14.79,-16.93,317763
naha,Naha,JP,,Asia/Tokyo,26.21,127.68,317625
pekalongan,Pekalongan,ID,,Asia/Jakarta,-6.89,109.68,317524
riverside,Riverside,US,,America/Los_Angeles,33.95,-117.4,317261
baicheng,Baicheng,CN,,Asia/Shanghai,45.62,122.83,316970
chimbote,Chimbote,PE,,America/Lima,-9.08,-78.59,316966
bari,Bari,IT,,Europe/Rome,41.12,16.87,316491
barueri,Barueri,BR,,America/Sao_Paulo,-23.51,-46.88,316473
corpuschristi,Corpus Christi,US,,America/Chicago,27.8,-97.4,316239
thrissur,Thrissur,IN,,Asia/Kolkata,10.52,76.22,315957
cherepovets,Cherepovets,RU,,Europe/Moscow,59.13,37.9,315738
eloyalfaro,Eloy Alfaro,EC,,America/Guayaquil,-2.17,-79.84,315724
hamburgnord,Hamburg-Nord,DE,,Europe/Berlin,53.59,9.98,315514
alkut,Al-Kut,IQ,,Asia/Baghdad,32.51,45.82,315162
muar,Muar,MY,,Asia/Kuala_Lumpur,2.04,102.57,314776
sisli,Şişli,TR,,Europe/Istanbul,41.06,28.99,314684
varzeagrande,Várzea Grande,BR,,America/Cuiaba,-15.65,-56.13,314627
lexingtonfayette,Lexington-Fayette,US,,America/New_York,38.05,-84.46,314488
maroua,Maroua,CM,,Africa/Douala,10.59,14.32,314122
kingstonuponhull,Kingston upon Hull,GB,,Europe/London,53.74,-0.34,314018
preston,Preston,GB,,Europe/London,53.76,-2.7,313332
lianshan,Lianshan,CN,,Asia/Shanghai,40.76,120.85,313247
denizli,Denizli,TR,,Europe/Istanbul,37.77,29.09,313238
ikeja,Ikeja,NG,,Africa/Lagos,6.6,3.34,313196
newcairo,New Cairo,EG,,Africa/Cairo,30.03,31.47,313139
alqahirahaljadidah,Al Qāhirah al Jadīdah,EG,,Africa/Cairo,30.04,31.44,313139
vitoria,Vitória,BR,,America/Sao_Paulo,-20.32,-40.34,312656
palmira,Palmira,CO,,America/Bogota,3.54,-76.3,312519
vologda,Vologda,RU,,Europe/Moscow,59.22,39.88,312420
iligancity,Iligan City,PH,,Asia/Manila,8.25,124.4,312323
maringa,Maringá,BR,,America/Sao_Paulo,-23.43,-51.94,311724
catania,Catania,IT,,Europe/Rome,37.49,15.07,311584
jardimangela,Jardim Angela,BR,,America/Sao_Paulo,-23.72,-46.77,311432
nizamabad,Nizāmābād,IN,,Asia/Kolkata,18.67,78.1,311152
cincinnati,Cincinnati,US,,America/New_York,39.13,-84.51,311097
percut,Percut,ID,,Asia/Jakarta,3.63,98.86,311063
coatzacoalcos,Coatzacoalcos,MX,,America/Mexico_City,18.15,-94.44,310698
santaana,Santa Ana,US,,America/Los_Angeles,33.75,-117.87,310227
sariwonsi,Sariwŏn-si,KP,,Asia/Pyongyang,38.51,125.76,310100
botshabelo,Botshabelo,ZA,,Africa/Johannesburg,-29.27,26.73,309714
butuan,Butuan,PH,,Asia/Manila,8.95,125.54,309709
shahriar,Shahrīār,IR,,Asia/Tehran,35.66,51.06,309607
qods,Qods,IR,,Asia/Tehran,35.72,51.11,309605
gialam,Gia Lâm,VN,,Asia/Bangkok,21.02,105.94,309353
kurgan,Kurgan,RU,,Asia/Yekaterinburg,55.45,65.34,309285
tampico,Tampico,MX,,America/Monterrey,22.29,-97.88,309003
akowonjo,Akowonjo,NG,,Africa/Lagos,6.61,3.31,308900
cabuyao,Cabuyao,PH,,Asia/Manila,14.27,121.13,308745
tabora,Tabora,TZ,,Africa/Dar_es_Salaam,-5.02,32.83,308741
kasugai,Kasugai,JP,,Asia/Tokyo,35.25,136.97,308681
annhon,An Nhơn,VN,,Asia/Ho_Chi_Minh,13.89,109.11,308396
alimosho,Alimosho,NG,,Africa/Lagos,6.61,3.3,308290
ciudadbenitojuarez,Ciudad Benito Juárez,MX,,America/Monterrey,25.65,-100.1,308285
muenster,Münster,DE,,Europe/Berlin,51.96,7.63,308258
mannheim,Mannheim,DE,,Europe/Berlin,49.49,8.47,307960
karawang,Karawang,ID,,Asia/Jakarta,-6.31,107.32,307880
akita,Akita,JP,,Asia/Tokyo,39.72,140.12,307672
suzano,Suzano,BR,,America/Sao_Paulo,-23.54,-46.31,307429
tumkur,Tumkūr,IN,,Asia/Kolkata,13.34,77.1,307359
chinju,Chinju,KR,,Asia/Seoul,35.19,128.08,307242
parbhani,Parbhani,IN,,Asia/Kolkata,19.27,76.77,307170
hisar,Hisar,IN,,Asia/Kolkata,29.15,75.72,307024
iksan,Iksan,KR,,Asia/Seoul,35.94,126.95,307000
firozabad,Fīrozābād,IN,,Asia/Kolkata,27.15,78.4,306409
palmas,Palmas,BR,,America/Araguaina,-10.17,-48.33,306296
vladikavkaz,Vladikavkaz,RU,,Europe/Moscow,43.04,44.67,306258
portdepaix,Port-de-Paix,HT,,America/Port-au-Prince,19.94,-72.83,306217
damietta,Damietta,EG,,Africa/Cairo,31.42,31.81,305920
posadas,Posadas,AR,,America/Argentina/Cordoba,-27.39,-55.92,305874
brakpan,Brakpan,ZA,,Africa/Johannesburg,-26.24,28.37,305692
stockton,Stockton,US,,America/Los_Angeles,37.96,-121.29,305658
yokkaichi,Yokkaichi,JP,,Asia/Tokyo,34.97,136.62,305424
kulti,Kulti,IN,,Asia/Kolkata,23.73,86.84,305405
tlahuac,Tláhuac,MX,,America/Mexico_City,19.29,-99.01,305076
sapele,Sapele,NG,,Africa/Lagos,5.89,5.68,305000
pittsburgh,Pittsburgh,US,,America/New_York,40.44,-80,304391
armenia,Armenia,CO,,America/Bogota,4.54,-75.67,304314
santacatarina,Santa Catarina,MX,,America/Monterrey,25.67,-100.46,304052
sumbawanga,Sumbawanga,TZ,,Africa/Dar_es_Salaam,-7.97,31.62,303986
orel,Orël,RU,,Europe/Moscow,52.97,36.08,303696
akashi,Akashi,JP,,Asia/Tokyo,34.66,135.01,303601
haibatrung,Hai Bà Trưng,VN,,Asia/Bangkok,21.01,105.85,303586
kurume,Kurume,JP,,Asia/Tokyo,33.32,130.52,303579
graz,Graz,AT,,Europe/Vienna,47.07,15.44,303270
saintpaul,Saint Paul,US,,America/Chicago,44.94,-93.09,303176
nghison,Nghi Sơn,VN,,Asia/Bangkok,19.33,105.82,302210
karnal,Karnāl,IN,,Asia/Kolkata,29.69,76.98,302140
changyi,Changyi,CN,,Asia/Shanghai,36.85,119.39,302072
ciudaddeleste,Ciudad del Este,PY,,America/Asuncion,-25.5,-54.65,301815
rosetta,Rosetta,EG,,Africa/Cairo,31.4,30.42,301795
barddhaman,Barddhamān,IN,,Asia/Kolkata,23.26,87.86,301725
toshima,Toshima,JP,,Asia/Tokyo,35.76,139.74,301599
solwezi,Solwezi,ZM,,Africa/Lusaka,-12.17,26.39,301370
hamburgmitte,Hamburg-Mitte,DE,,Europe/Berlin,53.55,10.02,301231
augsburg,Augsburg,DE,,Europe/Berlin,48.37,10.9,301105
valladolid,Valladolid,ES,,Europe/Madrid,41.66,-4.72,300618
miri,Miri,MY,,Asia/Kuching,4.4,113.99,300543
xinyi,Xinyi,CN,,Asia/Shanghai,34.38,118.35,300511
mardan,Mardan,PK,,Asia/Karachi,34.2,72.05,300424
surgut,Surgut,RU,,Asia/Yekaterinburg,61.26,73.42,300367
swansea,Swansea,GB,,Europe/London,51.62,-3.94,300352
sanpablo,San Pablo,PH,,Asia/Manila,14.07,121.33,300166
newcastleupontyne,Newcastle upon Tyne,GB,,Europe/London,54.97,-1.61,300125
gundupalaiyam,Gundupālaiyam,IN,,Asia/Kolkata,11.94,79.8,300104
gatineau,Gatineau,CA,,America/Toronto,45.48,-75.7,300045
yangshuo,Yangshuo,CN,,Asia/Shanghai,24.78,110.49,300000
binan,Biñan,PH,,Asia/Manila,14.34,121.08,300000
malircantonment,Malir Cantonment,PK,,Asia/Karachi,24.94,67.21,300000
winejok,Winejok,SS,,Africa/Juba,9.01,27.57,300000
batikent,Batikent,TR,,Europe/Istanbul,39.97,32.73,300000
merida_ve,Mérida,VE,,America/Caracas,8.58,-71.17,300000
linqu,Linqu,CN,,Asia/Shanghai,36.52,118.54,299646
uruapan,Uruapan,MX,,America/Mexico_City,19.42,-102.06,299523
patan,Pātan,NP,,Asia/Kathmandu,27.68,85.31,299283
fergana,Fergana,UZ,,Asia/Tashkent,40.38,71.78,299200
bahiablanca,Bahía Blanca,AR,,America/Argentina/Buenos_Aires,-38.72,-62.27,299101
santol,Santol,PH,,Asia/Manila,15.16,120.57,298976
kaolack,Kaolack,SN,,Africa/Dakar,14.15,-16.07,298904
jember,Jember,ID,,Asia/Jakarta,-8.17,113.7,298585
aomori,Aomori,JP,,Asia/Tokyo,40.82,140.73,298394
barasat,Bārāsat,IN,,Asia/Kolkata,22.72,88.48,298127
mulugu,Mulugu,IN,,Asia/Kolkata,18.19,79.94,297671
biharsharif,Bihār Sharīf,IN,,Asia/Kolkata,25.2,85.52,297268
grozny,Grozny,RU,,Europe/Moscow,43.31,45.69,297137
boma,Boma,CD,,Africa/Kinshasa,-5.85,13.05,297009
bali,Bāli,IN,,Asia/Kolkata,22.65,88.34,296973
puer,Pu'er,CN,,Asia/Shanghai,22.79,100.97,296565
rampur,Rāmpur,IN,,Asia/Kolkata,28.81,79.03,296418
darbhanga,Darbhanga,IN,,Asia/Kolkata,26.15,85.9,296039
panipat,Panipat,IN,,Asia/Kolkata,29.39,76.97,295970
mwene,Mwene,CD,,Africa/Lubumbashi,-9.82,22.87,295683
bialystok,Białystok,PL,,Europe/Warsaw,53.13,23.16,295683
rufisque,Rufisque,SN,,Africa/Dakar,14.72,-17.27,295459
murmansk,Murmansk,RU,,Europe/Moscow,68.97,33.1,295374
tirupati,Tirupati,IN,,Asia/Kolkata,13.64,79.42,295323
southendonsea,Southend-on-Sea,GB,,Europe/London,51.54,0.71,295310
lincoln,Lincoln,US,,America/Chicago,40.8,-96.67,294757
phuquoc,Phu Quoc,VN,91,Asia/Ho_Chi_Minh,10.22,103.97,294419
baiyin,Baiyin,CN,,Asia/Shanghai,36.55,104.17,294400
fukushima,Fukushima,JP,,Asia/Tokyo,37.75,140.47,294237
bergen,Bergen,NO,,Europe/Oslo,60.39,5.32,294029
greaternoida,Greater Noida,IN,,Asia/Kolkata,28.5,77.54,293908
noida,Noida,IN,,Asia/Kolkata,28.58,77.33,293908
tambov,Tambov,RU,,Europe/Moscow,52.74,41.44,293661
vigo,Vigo,ES,,Europe/Madrid,42.23,-8.72,293642
palangkaraya,Palangkaraya,ID,,Asia/Pontianak,-2.21,113.92,293500
aizawl,Aizawl,IN,,Asia/Kolkata,23.73,92.72,293416
thanhxuan,Thanh Xuân,VN,,Asia/Bangkok,20.99,105.8,293292
alhufuf,Al Hufūf,SA,,Asia/Riyadh,25.36,49.59,293179
cholula,Cholula,MX,,America/Mexico_City,19.06,-98.3,292881
gandhinagar,Gandhinagar,IN,,Asia/Kolkata,23.22,72.68,292797
semey,Semey,KZ,,Asia/Almaty,50.42,80.25,292780
caugiay,Cầu Giấy,VN,,Asia/Bangkok,21.03,105.8,292536
dindigul,Dindigul,IN,,Asia/Kolkata,10.37,77.98,292512
pontagrossa,Ponta Grossa,BR,,America/Sao_Paulo,-25.09,-50.16,292177
gaozhou,Gaozhou,CN,,Asia/Shanghai,21.92,110.86,292164
kamoke,Kamoke,PK,,Asia/Karachi,31.98,74.22,291980
limeira,Limeira,BR,,America/Sao_Paulo,-22.56,-47.4,291869
thanjavur,Thanjavur,IN,,Asia/Kolkata,10.79,79.14,291067
kariega,Kariega,ZA,,Africa/Johannesburg,-33.76,25.4,291052
adiyaman,Adıyaman,TR,,Europe/Istanbul,37.76,38.28,290883
almubarraz,Al Mubarraz,SA,,Asia/Riyadh,25.41,49.59,290802
resistencia,Resistencia,AR,,America/Argentina/Cordoba,-27.46,-58.99,290793
morioka,Morioka,JP,,Asia/Tokyo,39.7,141.15,290700
atyrau,Atyrau,KZ,,Asia/Atyrau,47.1,51.88,290700
sector2,Sector 2,RO,,Europe/Bucharest,44.45,26.13,290507
xiuying,Xiuying,CN,,Asia/Shanghai,20,110.29,290000
sancristobal,San Cristóbal,VE,,America/Caracas,7.77,-72.24,289852
karimnagar,Karīmnagar,IN,,Asia/Kolkata,18.44,79.13,289821
victoria_ca,Victoria,CA,,America/Vancouver,48.44,-123.35,289625
anchorage,Anchorage,US,,America/Anchorage,61.22,-149.9,289600
dewas,Dewas,IN,,Asia/Kolkata,22.97,76.06,289550
batna,Batna,DZ,,Africa/Algiers,35.56,6.17,289504
kaunas,Kaunas,LT,,Europe/Vilnius,54.9,23.91,289380
sonipat,Sonīpat,IN,,Asia/Kolkata,28.99,77.02,289333
machala,Machala,EC,,America/Guayaquil,-3.26,-79.96,289141
wiesbaden,Wiesbaden,DE,,Europe/Berlin,50.09,8.24,288850
zeytinburnu,Zeytinburnu,TR,,Europe/Istanbul,40.99,28.9,288743
meads,Meads,US,,America/New_York,38.41,-82.71,288649
kabwe,Kabwe,ZM,,Africa/Lusaka,-14.45,28.45,288598
cileungsir,Cileungsir,ID,,Asia/Jakarta,-6.39,106.96,288347
sinuiju,Sinŭiju,KP,,Asia/Pyongyang,40.1,124.4,288112
meguro,Meguro,JP,,Asia/Tokyo,35.63,139.7,288088
sector4,Sector 4,RO,,Europe/Bucharest,44.38,26.12,287828
sumida,Sumida,JP,,Asia/Tokyo,35.73,139.82,287766
ibaraki,Ibaraki,JP,,Asia/Tokyo,34.82,135.57,287730
bacninh,Bắc Ninh,VN,,Asia/Bangkok,21.19,106.08,287658
ichalkaranji,Ichalkaranji,IN,,Asia/Kolkata,16.69,74.46,287353
marienthal,Marienthal,DE,,Europe/Berlin,53.57,10.08,287101
phumy,Phú Mỹ,VN,,Asia/Ho_Chi_Minh,10.63,107.07,287055
ceilandia,Ceilândia,BR,,America/Sao_Paulo,-15.81,-48.13,287023
katowice,Katowice,PL,,Europe/Warsaw,50.26,19.02,286960
adapazari,Adapazarı,TR,,Europe/Istanbul,40.78,30.4,286787
sultanbeyli,Sultanbeyli,TR,,Europe/Istanbul,40.96,29.27,286622
clujnapoca,Cluj-Napoca,RO,,Europe/Bucharest,46.77,23.6,286598
gunpo,Gunpo,KR,,Asia/Seoul,37.37,126.95,286485
songea,Songea,TZ,,Africa/Dar_es_Salaam,-10.68,35.65,286285
butembo,Butembo,CD,,Africa/Lubumbashi,0.14,29.29,286242
tacna,Tacna,PE,,America/Lima,-18.01,-70.25,286240
tinshuiwai,Tin Shui Wai,HK,,Asia/Hong_Kong,22.46,114,286232
sumare,Sumaré,BR,,America/Sao_Paulo,-22.82,-47.27,286211
longxuyen,Long Xuyên,VN,,Asia/Ho_Chi_Minh,10.39,105.44,286140
savar,Savar,BD,,Asia/Dhaka,23.85,90.25,286008
bathinda,Bathinda,IN,,Asia/Kolkata,30.21,74.94,285788
henderson,Henderson,US,,America/Los_Angeles,36.04,-114.98,285667
jalna,Jālna,IN,,Asia/Kolkata,19.84,75.89,285577
sekondi,Sekondi,GH,,Africa/Accra,4.93,-1.71,285506
kyengera,Kyengera,UG,,Africa/Kampala,0.3,32.5,285400
greensboro,Greensboro,US,,America/New_York,36.07,-79.79,285342
haifa,Haifa,IL,,Asia/Jerusalem,32.81,35,285316
arhus,Århus,DK,,Europe/Copenhagen,56.16,10.21,285273
viamao,Viamão,BR,,America/Sao_Paulo,-30.08,-51.02,285269
dengzhou,Dengzhou,CN,,Asia/Shanghai,32.68,112.09,285032
artux,Artux,CN,,Asia/Urumqi,39.71,76.18,285000
chuncheon,Chuncheon,KR,,Asia/Seoul,37.87,127.73,284855
altobarinas,Alto Barinas,VE,,America/Caracas,8.59,-70.23,284289
mbour,Mbour,SN,,Africa/Dakar,14.42,-16.96,284189
brighton,Brighton,GB,,Europe/London,50.83,-0.14,283870
karlsruhe,Karlsruhe,DE,,Europe/Berlin,49.01,8.4,283799
portmoresby,Port Moresby,PG,,Pacific/Port_Moresby,-9.48,147.15,283733
santamaria,Santa Maria,BR,23,America/Sao_Paulo,-29.68,-53.81,283677
minya,Minya,EG,,Africa/Cairo,28.09,30.76,283605
plano,Plano,US,,America/Chicago,33.02,-96.7,283558
ichihara,Ichihara,JP,,Asia/Tokyo,35.52,140.08,283531
qibao,Qibao,CN,,Asia/Shanghai,31.15,121.36,283352
kirarisulemannagar,Kirāri Sulemānnagar,IN,,Asia/Kolkata,28.7,77.06,283211
cainta,Cainta,PH,,Asia/Manila,14.58,121.12,283172
satna,Satna,IN,,Asia/Kolkata,24.58,80.83,282977
geelong,Geelong,AU,,Australia/Melbourne,-38.15,144.36,282809
tegal,Tegal,ID,,Asia/Jakarta,-6.87,109.14,282781
chernihiv,Chernihiv,UA,,Europe/Kyiv,51.51,31.29,282747
xinyuan,Xinyuan,CN,,Asia/Urumqi,43.43,83.25,282718
bavi,Ba Vì,VN,,Asia/Bangkok,21.08,105.38,282600
valparaiso,Valparaíso,CL,,America/Santiago,-33.04,-71.63,282448
ica,Ica,PE,,America/Lima,-14.08,-75.73,282407
purnia,Purnia,IN,,Asia/Kolkata,25.78,87.47,282248
newark,Newark,US,,America/New_York,40.74,-74.17,281944
itaguei,Itagüí,CO,,America/Bogota,6.18,-75.6,281853
nicolasromero,Nicolás Romero,MX,,America/Mexico_City,19.64,-99.31,281799
gebze,Gebze,TR,,Europe/Istanbul,40.8,29.43,281436
lichinga,Lichinga,MZ,,Africa/Maputo,-13.31,35.24,281341
narsingdi,Narsingdi,BD,,Asia/Dhaka,23.92,90.72,281080
sfax,Sfax,TN,,Africa/Tunis,34.74,10.76,280566
zumpango,Zumpango,MX,,America/Mexico_City,19.8,-99.1,280455
merkezefendi,Merkezefendi,TR,,Europe/Istanbul,37.81,29.04,280341
madison,Madison,US,,America/Chicago,43.07,-89.4,280305
bukhara,Bukhara,UZ,,Asia/Samarkand,39.77,64.43,280187
wollongong,Wollongong,AU,,Australia/Sydney,-34.42,150.89,280153
mingora,Mingora,PK,,Asia/Karachi,34.78,72.36,279914
voltaredonda,Volta Redonda,BR,,America/Sao_Paulo,-22.52,-44.1,279898
ostrava,Ostrava,CZ,,Europe/Prague,49.83,18.28,279791
stlouis,St. Louis,US,,America/Chicago,38.63,-90.2,279695
poltava,Poltava,UA,,Europe/Kyiv,49.59,34.55,279593
efonalaaye,Efon-Alaaye,NG,,Africa/Lagos,7.66,4.92,279319
binjai,Binjai,ID,,Asia/Jakarta,3.6,98.49,279302
petrozavodsk,Petrozavodsk,RU,,Europe/Moscow,61.78,34.35,279190
enshi,Enshi,CN,,Asia/Shanghai,30.3,109.48,279185
taganrog,Taganrog,RU,,Europe/Moscow,47.24,38.91,279056
santateresadeltuy,Santa Teresa del Tuy,VE,,America/Caracas,10.23,-66.66,278890
southdublin,South Dublin,IE,,Europe/Dublin,53.29,-6.34,278749
quangngai,Quảng Ngãi,VN,,Asia/Ho_Chi_Minh,15.12,108.79,278496
qarshi,Qarshi,UZ,,Asia/Samarkand,38.86,65.79,278300
tanghe,Tanghe,CN,,Asia/Shanghai,32.69,112.83,278055
coacalco,Coacalco,MX,,America/Mexico_City,19.63,-99.11,277959
sincelejo,Sincelejo,CO,,America/Bogota,9.3,-75.39,277773
zoucheng,Zoucheng,CN,,Asia/Shanghai,35.4,116.97,277400
khomeynishahr,Khomeynī Shahr,IR,,Asia/Tehran,32.69,51.54,277334
kostroma,Kostroma,RU,,Europe/Moscow,57.77,40.93,277280
imphal,Imphal,IN,,Asia/Kolkata,24.81,93.94,277196
gagnoa,Gagnoa,CI,,Africa/Abidjan,6.13,-5.95,277044
ulubedok,Ulu Bedok,SG,,Asia/Singapore,1.33,103.93,276990
bedoknewtown,Bedok New Town,SG,,Asia/Singapore,1.33,103.94,276990
owo,Owo,NG,,Africa/Lagos,7.2,5.59,276574
suncheon,Suncheon,KR,,Asia/Seoul,34.95,127.49,276375
fangchenggang,Fangchenggang,CN,,Asia/Shanghai,21.77,108.36,276315
komsomolskonamur,Komsomolsk-on-Amur,RU,,Asia/Vladivostok,50.55,137.01,275908
abbottabad,Abbottabad,PK,,Asia/Karachi,34.15,73.21,275890
kaili,Kaili,CN,,Asia/Shanghai,26.59,107.98,275745
hakodate,Hakodate,JP,,Asia/Tokyo,41.78,140.74,275730
yamoussoukro,Yamoussoukro,CI,,Africa/Abidjan,6.82,-5.28,275686
babezzouar,Bab Ezzouar,DZ,,Africa/Algiers,36.73,3.18,275630
strasbourg,Strasbourg,FR,,Europe/Paris,48.58,7.75,274845
pematangsiantar,Pematangsiantar,ID,,Asia/Jakarta,2.96,99.07,274838
saugor,Saugor,IN,,Asia/Kolkata,23.84,78.74,274556
neihu,Neihu,TW,,Asia/Taipei,25.08,121.59,274538
tsu,Tsu,JP,,Asia/Tokyo,34.73,136.52,274537
xingning,Xingning,CN,,Asia/Shanghai,24.15,115.72,274499
linxiachengguanzhen,Linxia Chengguanzhen,CN,,Asia/Shanghai,35.6,103.21,274466
khmelnytskyi,Khmelnytskyi,UA,,Europe/Kyiv,49.42,26.98,274452
kushinagar,Kushinagar,IN,,Asia/Kolkata,26.74,83.89,274403
loja,Loja,EC,,America/Guayaquil,-3.99,-79.2,274112
taipo,Tai Po,HK,,Asia/Hong_Kong,22.45,114.17,274100
isfara,Isfara,TJ,,Asia/Dushanbe,40.13,70.63,274000
luena,Luena,AO,,Africa/Luanda,-11.78,19.92,273675
pasarkemis,Pasarkemis,ID,,Asia/Jakarta,-6.17,106.53,273659
taboaodaserra,Taboão da Serra,BR,,America/Sao_Paulo,-23.63,-46.79,273542
istaravshan,Istaravshan,TJ,,Asia/Dushanbe,39.91,69,273500
turpan,Turpan,CN,,Asia/Urumqi,42.95,89.18,273385
rourkela,Rourkela,IN,,Asia/Kolkata,22.22,84.86,273317
yao,Yao,JP,,Asia/Tokyo,34.62,135.6,273213
banisuwayf,Banī Suwayf,EG,,Africa/Cairo,29.07,31.1,273151
nagarnaluakot,Nagar Naluākot,BD,,Asia/Dhaka,24.16,90.77,273000
guantanamo,Guantánamo,CU,,America/Havana,20.14,-75.21,272801
baguio,Baguio,PH,,Asia/Manila,16.42,120.59,272714
petropolis,Petrópolis,BR,,America/Sao_Paulo,-22.5,-43.18,272691
arrayyan,Ar Rayyān,QA,,Asia/Qatar,25.29,51.42,272465
polokwane,Polokwane,ZA,,Africa/Johannesburg,-23.9,29.47,272461
ljubljana,Ljubljana,SI,,Europe/Ljubljana,46.05,14.51,272220
jalalabad,Jalālābād,AF,,Asia/Kabul,34.43,70.45,271900
deirezzor,Deir ez-Zor,SY,,Asia/Damascus,35.34,40.14,271800
gijon,Gijón,ES,,Europe/Madrid,43.54,-5.66,271780
hafaralbatin,Hafar Al-Batin,SA,,Asia/Riyadh,28.43,45.97,271642
kakogawachohonmachi,Kakogawachō-honmachi,JP,,Asia/Tokyo,34.77,134.83,271634
sector5,Sector 5,RO,,Europe/Bucharest,44.39,26.07,271575
quansau,Quận Sáu,VN,,Asia/Ho_Chi_Minh,10.75,106.65,271050
capaoredondo,Capao Redondo,BR,,America/Sao_Paulo,-23.67,-46.78,270767
mytho,Mỹ Tho,VN,,Asia/Ho_Chi_Minh,10.36,106.36,270700
mito,Mito,JP,,Asia/Tokyo,36.35,140.45,270685
derby,Derby,GB,,Europe/London,52.92,-1.48,270468
dessie,Dessie,ET,,Africa/Addis_Ababa,11.13,39.63,270400
saojose,São José,BR,26,America/Sao_Paulo,-27.62,-48.63,270299
halong,Hạ Long,VN,,Asia/Bangkok,20.95,107.07,270054
gelsenkirchen,Gelsenkirchen,DE,,Europe/Berlin,51.51,7.1,270028
longlingcounty,Longling County,CN,,Asia/Shanghai,24.59,98.69,270000
cherkasy,Cherkasy,UA,,Europe/Kyiv,49.44,32.06,269836
malolos,Malolos,PH,,Asia/Manila,14.84,120.81,269809
southampton,Southampton,GB,,Europe/London,50.9,-1.4,269781
kapar,Kapar,MY,,Asia/Kuala_Lumpur,3.13,101.38,269627
corum,Çorum,TR,,Europe/Istanbul,40.55,34.95,269595
ghulja,Ghulja,CN,,Asia/Urumqi,43.92,81.32,269158
eimsbuettel,Eimsbüttel,DE,,Europe/Berlin,53.57,9.96,269118
merlo,Merlo,AR,,America/Argentina/Buenos_Aires,-34.67,-58.73,268961
yeosu,Yeosu,KR,,Asia/Seoul,34.76,127.66,268823
durg,Durg,IN,,Asia/Kolkata,21.19,81.28,268806
fuling,Fuling,CN,,Asia/Shanghai,29.71,107.39,268658
mokpo,Mokpo,KR,,Asia/Seoul,34.81,126.39,268402
birganj,Birgañj,NP,,Asia/Kathmandu,27.02,84.88,268273
yoshkarola,Yoshkar-Ola,RU,,Europe/Moscow,56.64,47.89,268272
russeifa,Russeifa,JO,,Asia/Amman,32.02,36.05,268237
shibinalkawm,Shibīn al Kawm,EG,,Africa/Cairo,30.55,31.01,267945
parauapebas,Parauapebas,BR,,America/Belem,-6.07,-49.9,267836
mirpurkhas,Mirpur Khas,PK,,Asia/Karachi,25.53,69.01,267833
sengkangnewtown,Sengkang New Town,SG,,Asia/Singapore,1.39,103.89,267600
floridablanca,Floridablanca,CO,,America/Bogota,7.06,-73.09,267591
tokushima,Tokushima,JP,,Asia/Tokyo,34.07,134.57,267345
sterlitamak,Sterlitamak,RU,,Asia/Yekaterinburg,53.64,55.95,267231
anantapur,Anantapur,IN,,Asia/Kolkata,14.68,77.61,267161
parnamirim,Parnamirim,BR,,America/Fortaleza,-5.92,-35.26,267036
gyeongsansi,Gyeongsan-si,KR,,Asia/Seoul,35.82,128.74,266951
sohag,Sohag,EG,,Africa/Cairo,26.56,31.69,266944
nagaoka,Nagaoka,JP,,Asia/Tokyo,37.45,138.85,266936
sapopemba,Sapopemba,BR,,America/Sao_Paulo,-23.6,-46.52,266715
saintmarc,Saint-Marc,HT,,America/Port-au-Prince,19.11,-72.7,266642
eixample,Eixample,ES,,Europe/Madrid,41.39,2.16,266477
bagerhat,Bagerhat,BD,,Asia/Dhaka,22.66,89.79,266388
hatinh,Hà Tĩnh,VN,,Asia/Bangkok,18.34,105.91,266321
saskatoon,Saskatoon,CA,,America/Regina,52.13,-106.67,266141
chengzhong,Chengzhong,CN,,Asia/Shanghai,30.94,113.55,265886
djelfa,Djelfa,DZ,,Africa/Algiers,34.67,3.26,265833
chulavista,Chula Vista,US,,America/Los_Angeles,32.64,-117.08,265757
shimonoseki,Shimonoseki,JP,,Asia/Tokyo,33.96,130.94,265684
toledo,Toledo,US,,America/New_York,41.66,-83.56,265638
kibaha,Kibaha,TZ,,Africa/Dar_es_Salaam,-6.77,38.92,265360
hulanergi,Hulan Ergi,CN,,Asia/Shanghai,47.2,123.63,265344
tampinesestate,Tampines Estate,SG,,Asia/Singapore,1.36,103.94,265340
bordeaux,Bordeaux,FR,,Europe/Paris,44.84,-0.58,265328
aachen,Aachen,DE,,Europe/Berlin,50.78,6.08,265208
gent,Gent,BE,,Europe/Brussels,51.05,3.72,265086
gravatai,Gravataí,BR,,America/Sao_Paulo,-29.94,-50.99,265074
mantampay,Mantampay,PH,,Asia/Manila,8.17,124.22,265032
ratlam,Ratlām,IN,,Asia/Kolkata,23.33,75.04,264914
nogales,Nogales,MX,,America/Hermosillo,31.31,-110.94,264782
eldaein,El Daein,SD,,Africa/Khartoum,11.46,26.13,264734
donghai,Donghai,CN,,Asia/Shanghai,22.95,115.64,264709
dezful,Dezful,IR,,Asia/Tehran,32.38,48.41,264709
gunsan,Gunsan,KR,,Asia/Seoul,35.98,126.71,264656
mossoro,Mossoró,BR,,America/Fortaleza,-5.19,-37.34,264577
ranipet,Rānipet,IN,,Asia/Kolkata,12.92,79.33,264330
brahmanbaria,Brāhmanbāria,BD,,Asia/Dhaka,23.97,91.11,264326
portonovo,Porto-Novo,BJ,,Africa/Porto-Novo,6.5,2.6,264320
chernivtsi,Chernivtsi,UA,,Europe/Kyiv,48.29,25.93,264298
jerseycity,Jersey City,US,,America/New_York,40.73,-74.08,264290
manta,Manta,EC,,America/Guayaquil,-0.95,-80.73,264281
reno,Reno,US,,America/Los_Angeles,39.53,-119.81,264165
begoua,Bégoua,CF,,Africa/Bangui,4.45,18.53,264067
riobamba,Riobamba,EC,,America/Guayaquil,-1.67,-78.66,264048
sivas,Sivas,TR,,Europe/Istanbul,39.75,37.02,264022
wolverhampton,Wolverhampton,GB,,Europe/London,52.59,-2.12,263700
fanling,Fanling,HK,,Asia/Hong_Kong,22.49,114.14,263200
chiayicity,Chiayi City,TW,,Asia/Taipei,23.48,120.45,263188
dongtai,Dongtai,CN,,Asia/Shanghai,32.85,120.31,262873
fuchu,Fuchū,JP,,Asia/Tokyo,35.67,139.48,262790
jurongtown,Jurong Town,SG,,Asia/Singapore,1.33,103.72,262730
maragheh,Marāgheh,IR,33,Asia/Tehran,37.39,46.24,262604
maragheh_ir_42,Marāgheh,IR,42,Asia/Tehran,35.83,59.63,262604
quilmes,Quilmes,AR,,America/Argentina/Buenos_Aires,-34.72,-58.25,262379
fukuishi,Fukui-shi,JP,,Asia/Tokyo,36.06,136.22,262328
lalbahadurnagar,Lal Bahadur Nagar,IN,,Asia/Kolkata,17.35,78.56,261987
moenchengladbach,Mönchengladbach,DE,,Europe/Berlin,51.19,6.44,261742
bagongsilang,Bagong Silang,PH,,Asia/Manila,14.78,121.04,261729
zhytomyr,Zhytomyr,UA,,Europe/Kyiv,50.26,28.68,261624
karamay,Karamay,CN,,Asia/Urumqi,45.58,84.89,261445
sacoma,Sacomã,BR,,America/Sao_Paulo,-23.63,-46.6,261436
arrah,Arrah,IN,,Asia/Kolkata,25.56,84.66,261430
tongliao,Tongliao,CN,,Asia/Shanghai,43.61,122.27,261110
bariadi,Bariadi,TZ,,Africa/Dar_es_Salaam,-2.8,33.98,260927
antsirabe,Antsirabe,MG,,Indian/Antananarivo,-19.87,47.03,260907
chandler,Chandler,US,,America/Phoenix,33.31,-111.84,260828
yei,Yei,SS,,Africa/Juba,4.09,30.68,260720
chilanzar,Chilanzar,UZ,,Asia/Tashkent,41.28,69.18,260700
tampere,Tampere,FI,,Europe/Helsinki,61.5,23.79,260646
mahajanga,Mahajanga,MG,,Indian/Antananarivo,-15.72,46.32,260556
minatocity,Minato City,JP,,Asia/Tokyo,35.66,139.75,260486
fortwayne,Fort Wayne,US,,America/Indiana/Indianapolis,41.13,-85.13,260326
plymouth,Plymouth,GB,,Europe/London,50.37,-4.14,260203
nianbo,Nianbo,CN,,Asia/Shanghai,36.48,102.42,260184
baranagar,Baranagar,IN,,Asia/Kolkata,22.64,88.38,260072
skardu,Skardu,PK,,Asia/Karachi,35.3,75.63,260000
marawicity,Marawi City,PH,,Asia/Manila,8,124.28,259993
tampinesnewtown,Tampines New Town,SG,,Asia/Singapore,1.35,103.95,259900
qoqon,Qo‘qon,UZ,,Asia/Tashkent,40.53,70.94,259700
jardimsaoluis,Jardim Sao Luis,BR,,America/Sao_Paulo,-23.68,-46.74,259377
tacloban,Tacloban,PH,,Asia/Manila,11.24,125,259353
rondonopolis,Rondonópolis,BR,,America/Cuiaba,-16.47,-54.64,259167
changle,Changle,CN,,Asia/Shanghai,36.71,118.83,259161
gajuwaka,Gajuwaka,IN,,Asia/Kolkata,17.7,83.22,258944
jining_cn_20,Jining,CN,20,Asia/Shanghai,41.03,113.11,258757
northshore,North Shore,NZ,,Pacific/Auckland,-36.8,174.75,258697
rishonletsiyyon,Rishon LeTsiyyon,IL,,Asia/Jerusalem,31.97,34.79,258535
hiratsuka,Hiratsuka,JP,,Asia/Tokyo,35.33,139.34,258422
stokeontrent,Stoke-on-Trent,GB,,Europe/London,53,-2.19,258366
fozdoiguacu,Foz do Iguaçu,BR,,America/Sao_Paulo,-25.55,-54.59,258248
buffalo,Buffalo,US,,America/New_York,42.89,-78.88,258071
verona,Verona,IT,,Europe/Rome,45.44,10.99,258031
dalat,Ðà Lạt,VN,,Asia/Ho_Chi_Minh,11.95,108.44,258014
sansalvadordejujuy,San Salvador de Jujuy,AR,,America/Argentina/Jujuy,-24.19,-65.29,257970
durham,Durham,US,,America/New_York,35.99,-78.9,257636
etawah,Etāwah,IN,,Asia/Kolkata,26.78,79.02,257448
gasteizvitoria,Gasteiz / Vitoria,ES,,Europe/Madrid,42.85,-2.67,257407
rugao,Rugao,CN,,Asia/Shanghai,32.37,120.58,257400
gomezpalacio,Gómez Palacio,MX,,America/Monterrey,25.57,-103.5,257352
cascavel,Cascavel,BR,,America/Sao_Paulo,-24.96,-53.46,257172
stpetersburg,St. Petersburg,US,,America/New_York,27.77,-82.68,257083
lhospitaletdellobregat,L'Hospitalet de Llobregat,ES,,Europe/Madrid,41.36,2.1,257038
gdynia,Gdynia,PL,,Europe/Warsaw,54.52,18.53,257000
cilacap,Cilacap,ID,,Asia/Jakarta,-7.73,109.01,256996
irvine,Irvine,US,,America/Los_Angeles,33.67,-117.82,256927
kitchener,Kitchener,CA,,America/Toronto,43.43,-80.51,256885
suicheng,Suicheng,CN,,Asia/Shanghai,33.9,117.93,256665
nada,Nada,CN,,Asia/Shanghai,19.52,109.58,256652
latina,Latina,ES,,Europe/Madrid,40.39,-3.75,256644
losmochis,Los Mochis,MX,,America/Mazatlan,25.79,-109,256613
bratsk,Bratsk,RU,,Asia/Irkutsk,56.13,101.61,256600
pachucadesoto,Pachuca de Soto,MX,,America/Mexico_City,20.12,-98.73,256584
chingola,Chingola,ZM,,Africa/Lusaka,-12.53,27.88,256560
sumy,Sumy,UA,,Europe/Kyiv,50.92,34.8,256474
miltonkeynes,Milton Keynes,GB,,Europe/London,52.04,-0.76,256385
indaiatuba,Indaiatuba,BR,,America/Sao_Paulo,-23.09,-47.21,256223
laredo,Laredo,US,,America/Chicago,27.51,-99.51,256153
vilaflor,Vila Flor,AO,,Africa/Luanda,-8.98,13.31,256066
germiston,Germiston,ZA,,Africa/Johannesburg,-26.23,28.18,255863
nunoa,Ñuñoa,CL,,America/Santiago,-33.45,-70.58,255823
parakou,Parakou,BJ,,Africa/Porto-Novo,9.34,2.63,255478
isiro,Isiro,CD,,Africa/Lubumbashi,2.77,27.62,255409
sari,Sari,IR,,Asia/Tehran,36.56,53.06,255396
kenema,Kenema,SL,,Africa/Freetown,7.88,-11.19,255110
bandaaceh,Banda Aceh,ID,,Asia/Jakarta,5.54,95.33,255029
oaxaca,Oaxaca,MX,,America/Mexico_City,17.06,-96.73,255029
mossamedes,Mossamedes,AO,,Africa/Luanda,-15.2,12.15,255000
almadinah,Al Madīnah,IQ,,Asia/Baghdad,30.96,47.27,255000
ikotekpene,Ikot Ekpene,NG,,Africa/Lagos,5.18,7.71,254806
yanzhou,Yanzhou,CN,,Asia/Shanghai,35.55,116.83,254788
woodlands,Woodlands,SG,,Asia/Singapore,1.44,103.79,254440
hanam,Hanam,KR,,Asia/Seoul,37.54,127.21,254415
mueangnonthaburi,Mueang Nonthaburi,TH,,Asia/Bangkok,13.86,100.51,254375
saintlouis,Saint-Louis,SN,,Africa/Dakar,16.02,-16.49,254171
batucaves,Batu Caves,MY,,Asia/Kuala_Lumpur,3.24,101.68,254083
novohamburgo,Novo Hamburgo,BR,,America/Sao_Paulo,-29.68,-51.13,253841
jurongwest,Jurong West,SG,,Asia/Singapore,1.35,103.72,253840
coxsbazar,Cox’s Bāzār,BD,,Asia/Dhaka,21.44,92.01,253788
carabanchel,Carabanchel,ES,,Europe/Madrid,40.39,-3.72,253678
cotia,Cotia,BR,,America/Sao_Paulo,-23.6,-46.92,253608
petahtiqva,Petaẖ Tiqva,IL,,Asia/Jerusalem,32.09,34.89,253529
margilon,Marg‘ilon,UZ,,Asia/Tashkent,40.47,71.72,253500
ambarnath,Ambarnath,IN,,Asia/Kolkata,19.2,73.17,253475
godome,Godomè,BJ,,Africa/Porto-Novo,6.39,2.35,253262
naihati,Naihāti,IN,,Asia/Kolkata,22.89,88.42,253221
brasov,Braşov,RO,,Europe/Bucharest,45.65,25.61,253200
xuanloc,Xuân Lộc,VN,,Asia/Ho_Chi_Minh,10.93,107.23,253140
vitoriadaconquista,Vitória da Conquista,BR,,America/Bahia,-14.87,-40.84,253137
laohekou,Laohekou,CN,,Asia/Shanghai,32.39,111.67,253112
richardsbay,Richards Bay,ZA,,Africa/Johannesburg,-28.78,32.04,252968
qina,Qina,EG,,Africa/Cairo,26.16,32.73,252883
bharatpur_in,Bharatpur,IN,,Asia/Kolkata,27.22,77.49,252838
vantaa,Vantaa,FI,,Europe/Helsinki,60.29,25.04,252724
porto,Porto,PT,,Europe/Lisbon,41.15,-8.61,252687
kiel,Kiel,DE,,Europe/Berlin,54.32,10.13,252668
hobart,Hobart,AU,,Australia/Hobart,-42.88,147.33,252639
elfasher,El Fasher,SD,,Africa/Khartoum,13.63,25.35,252609
thiesnones,Thiès Nones,SN,,Africa/Dakar,14.78,-16.97,252320
suihua,Suihua,CN,,Asia/Shanghai,46.65,126.97,252245
losteques,Los Teques,VE,,America/Caracas,10.35,-67.04,252242
santiagodelestero,Santiago del Estero,AR,,America/Argentina/Cordoba,-27.8,-64.26,252192
setif,Sétif,DZ,,Africa/Algiers,36.19,5.41,252127
begusarai,Begusarai,IN,,Asia/Kolkata,25.42,86.13,252008
borujerd,Borūjerd,IR,,Asia/Tehran,33.9,48.75,251958
qarchak,Qarchak,IR,,Asia/Tehran,35.43,51.58,251834
afyonkarahisar,Afyonkarahisar,TR,,Europe/Istanbul,38.76,30.54,251799
iskenderun,İskenderun,TR,,Europe/Istanbul,36.59,36.17,251682
santiagodesurco,Santiago de Surco,PE,,America/Lima,-12.14,-77.01,251648
thika,Thika,KE,,Africa/Nairobi,-1.03,37.07,251407
sanfernando,San Fernando,PH,,Asia/Manila,15.03,120.68,251248
menongue,Menongue,AO,,Africa/Luanda,-14.66,17.69,251178
hayykhilda,Ḩayy Khildā,JO,,Asia/Amman,31.99,35.84,251000
jimma,Jimma,ET,,Africa/Addis_Ababa,7.67,36.83,250900
governadorvaladares,Governador Valadares,BR,,America/Sao_Paulo,-18.85,-41.95,250878
timisoara,Timişoara,RO,,Europe/Bucharest,45.75,21.23,250849
embudasartes,Embu das Artes,BR,,America/Sao_Paulo,-23.65,-46.85,250691
santaclara,Santa Clara,CU,,America/Havana,22.41,-79.97,250512
iwo,Iwo,NG,,Africa/Lagos,7.64,4.18,250443
acoruna,A Coruña,ES,,Europe/Madrid,43.37,-8.4,250438
libertad,Libertad,PH,,Asia/Manila,8.94,125.5,250353
altona,Altona,DE,,Europe/Berlin,53.55,9.93,250192
lapaz_mx,La Paz,MX,,America/Mazatlan,24.14,-110.31,250141
kelar,Kelar,IQ,,Asia/Baghdad,34.63,45.32,250000
coloniadelvalle,Colonia del Valle,MX,,America/Mexico_City,19.39,-99.16,250000
nis,Niš,RS,,Europe/Belgrade,43.32,21.9,250000
singa,Singa,SD,,Africa/Khartoum,13.15,33.93,250000
tarakan,Tarakan,ID,,Asia/Makassar,3.31,117.59,249960
sanbernardo,San Bernardo,CL,,America/Santiago,-33.59,-70.7,249858
soka,Sōka,JP,,Asia/Tokyo,35.84,139.8,249645
mzuzu,Mzuzu,MW,,Africa/Blantyre,-11.47,34.02,249564
navotas,Navotas,PH,,Asia/Manila,14.67,120.95,249463
tiruvottiyur,Tiruvottiyūr,IN,,Asia/Kolkata,13.16,80.3,249446
cidadeademar,Cidade Ademar,BR,,America/Sao_Paulo,-23.67,-46.66,249218
burnaby,Burnaby,CA,,America/Vancouver,49.27,-122.95,249125
lubbock,Lubbock,US,,America/Chicago,33.58,-101.86,249042
thitrangjongtrieu,Thị Trấn Đông Triều,VN,,Asia/Bangkok,21.08,106.51,248896
thuqbah,Thuqbah,SA,,Asia/Riyadh,26.26,50.2,248888
yamagata,Yamagata,JP,,Asia/Tokyo,38.23,140.37,248772
tehuacan,Tehuacán,MX,,America/Mexico_City,18.46,-97.4,248716
guarenas,Guarenas,VE,,America/Caracas,10.47,-66.62,248588
montpellier,Montpellier,FR,,Europe/Paris,43.61,3.88,248252
jimeta,Jimeta,NG,,Africa/Lagos,9.28,12.46,248148
czestochowa,Częstochowa,PL,,Europe/Warsaw,50.8,19.12,248125
gandhidham,Gāndhīdhām,IN,,Asia/Kolkata,23.08,70.13,247992
beibei,Beibei,CN,,Asia/Shanghai,29.83,106.44,247702
insein,Insein,MM,,Asia/Yangon,16.89,96.1,247675
cityofwestminster,City of Westminster,GB,,Europe/London,51.5,-0.14,247614
gilbert,Gilbert,US,,America/Phoenix,33.35,-111.79,247542
chemnitz,Chemnitz,DE,,Europe/Berlin,50.84,12.93,247220
parana,Paraná,AR,,America/Argentina/Cordoba,-31.73,-60.53,247139
sanmiguel,San Miguel,SV,,America/El_Salvador,13.48,-88.18,247126
probolinggo,Probolinggo,ID,,Asia/Jakarta,-7.75,113.22,246980
shijie,Shijie,CN,,Asia/Shanghai,23.1,113.79,246960
chitato,Chitato,AO,,Africa/Luanda,-7.3,20.73,246880
orsk,Orsk,RU,,Asia/Yekaterinburg,51.23,58.49,246836
vanderbijlpark,Vanderbijlpark,ZA,,Africa/Johannesburg,-26.71,27.84,246754
coro,Coro,VE,,America/Caracas,11.41,-69.68,246657
americana,Americana,BR,,America/Sao_Paulo,-22.74,-47.33,246655
colombo_br,Colombo,BR,,America/Sao_Paulo,-25.29,-49.22,246540
hami,Hami,CN,,Asia/Urumqi,42.83,93.51,246373
gaborone,Gaborone,BW,,Africa/Gaborone,-24.65,25.91,246325
alashirminramadan,Al ‘Āshir min Ramaḑān,EG,,Africa/Cairo,30.3,31.75,246148
singkawang,Singkawang,ID,,Asia/Pontianak,0.91,108.98,246112
mau,Mau,IN,,Asia/Kolkata,25.94,83.56,246050
puertomontt,Puerto Montt,CL,,America/Santiago,-41.47,-72.94,245902
northampton,Northampton,GB,,Europe/London,52.25,-0.88,245899
juliaca,Juliaca,PE,,America/Lima,-15.5,-70.13,245675
fuji,Fuji,JP,,Asia/Tokyo,35.17,138.68,245392
gyeongju,Gyeongju,KR,,Asia/Seoul,35.84,129.21,245365
sinfra,Sinfra,CI,,Africa/Abidjan,6.62,-5.91,245226
syktyvkar,Syktyvkar,RU,,Europe/Moscow,61.66,50.82,245083
gorgan,Gorgān,IR,,Asia/Tehran,36.84,54.44,244937
nizhnevartovsk,Nizhnevartovsk,RU,,Asia/Yekaterinburg,60.93,76.55,244937
groningen,Groningen,NL,,Europe/Amsterdam,53.22,6.57,244807
biratnagar,Biratnagar,NP,,Asia/Kathmandu,26.46,87.27,244750
braunschweig,Braunschweig,DE,,Europe/Berlin,52.27,10.53,244715
valera,Valera,VE,,America/Caracas,9.32,-70.6,244708
saojosederibamar,São José de Ribamar,BR,,America/Fortaleza,-2.56,-44.06,244579
sikar,Sīkar,IN,,Asia/Kolkata,27.61,75.14,244497
bago,Bago,MM,,Asia/Yangon,17.34,96.48,244376
magdeburg,Magdeburg,DE,,Europe/Berlin,52.13,11.63,244329
baruta,Baruta,VE,,America/Caracas,10.43,-66.88,244216
puentedevallecas,Puente de Vallecas,ES,,Europe/Madrid,40.39,-3.66,244151
mage,Magé,BR,,America/Sao_Paulo,-22.65,-43.04,244092
trabzon,Trabzon,TR,,Europe/Istanbul,41.01,39.73,244083
tricities,Tri-Cities,US,,America/Los_Angeles,46.25,-119.2,244036
jessore,Jessore,BD,,Asia/Dhaka,23.17,89.21,243987
manisa,Manisa,TR,,Europe/Istanbul,38.61,27.43,243971
rivne,Rivne,UA,,Europe/Kyiv,50.62,26.24,243873
arapiraca,Arapiraca,BR,,America/Maceio,-9.75,-36.66,243661
musaffah,Musaffah,AE,,Asia/Dubai,24.36,54.48,243341
brasilandia,Brasilandia,BR,,America/Sao_Paulo,-23.45,-46.69,243273
sasebo,Sasebo,JP,,Asia/Tokyo,33.17,129.73,243223
angarsk,Angarsk,RU,,Asia/Irkutsk,52.56,103.91,243158
marino,Mar’ino,RU,,Europe/Moscow,55.65,37.72,243000
ramagundam,Ramagundam,IN,,Asia/Kolkata,18.76,79.47,242979
hapur,Hāpur,IN,,Asia/Kolkata,28.73,77.78,242920
chigasaki,Chigasaki,JP,,Asia/Tokyo,35.34,139.4,242798
chofu,Chōfu,JP,,Asia/Tokyo,35.66,139.55,242614
huayin,Huayin,CN,,Asia/Shanghai,34.57,110.07,242488
berbera,Berbera,SO,,Africa/Mogadishu,10.44,45.01,242344
jiyuan,Jiyuan,CN,,Asia/Shanghai,35.09,112.59,242143
yamato,Yamato,JP,,Asia/Tokyo,35.47,139.45,242065
man,Man,CI,,Africa/Abidjan,7.41,-7.55,241969
bahawalnagar,Bahawalnagar,PK,04,Asia/Karachi,30,73.25,241873
novorossiysk,Novorossiysk,RU,,Europe/Moscow,44.73,37.76,241856
tsukuba,Tsukuba,JP,,Asia/Tokyo,36.08,140.12,241656
arica,Arica,CL,,America/Santiago,-18.48,-70.3,241653
penalolen,Peñalolén,CL,,America/Santiago,-33.47,-70.53,241599
haiduong,Hải Dương,VN,,Asia/Bangkok,20.94,106.33,241373
winstonsalem,Winston-Salem,US,,America/New_York,36.1,-80.24,241218
farrukhabad,Farrukhābād,IN,,Asia/Kolkata,27.39,79.58,241152
matsumoto,Matsumoto,JP,,Asia/Tokyo,36.23,137.97,241145
sancaktepe,Sancaktepe,TR,,Europe/Istanbul,41,29.23,241000
alappuzha,Alappuzha,IN,,Asia/Kolkata,9.49,76.33,240991
itapevi,Itapevi,BR,,America/Sao_Paulo,-23.55,-46.93,240961
katihar,Katihar,IN,,Asia/Kolkata,25.54,87.57,240838
marilia,Marília,BR,,America/Sao_Paulo,-22.21,-49.95,240590
buenaventura_co_29,Buenaventura,CO,29,America/Bogota,3.88,-77.03,240387
lankaran,Lankaran,AZ,,Asia/Baku,38.75,48.85,240300
ciudadojeda,Ciudad Ojeda,VE,,America/Caracas,10.2,-71.31,240283
glendale,Glendale,US,AZ,America/Phoenix,33.54,-112.19,240126
navegantes,Navegantes,AO,,Africa/Luanda,-12.59,13.39,240075
bunkyo,Bunkyo,JP,,Asia/Tokyo,35.53,139.42,240069
itaborai,Itaboraí,BR,,America/Sao_Paulo,-22.74,-42.86,240040
klang,Klang,MY,,Asia/Kuala_Lumpur,3.04,101.44,240016
almendares,Almendares,CU,,America/Havana,23.11,-82.42,240000
golestan,Golestān,IR,,Asia/Tehran,35.52,51.18,240000
vyhurivshchynatroyeshchyna,Vyhurivshchyna-Troyeshchyna,UA,,Europe/Kyiv,50.51,30.6,240000
khimki,Khimki,RU,,Europe/Moscow,55.9,37.43,239967
horlivka,Horlivka,UA,,Europe/Kyiv,48.3,38.02,239828
nacala,Nacala,MZ,,Africa/Maputo,-14.56,40.69,239808
obolon,Obolon,UA,,Europe/Kyiv,50.51,30.51,239500
xiantao,Xiantao,CN,,Asia/Shanghai,30.37,113.44,239406
nalchik,Nalchik,RU,,Europe/Moscow,43.5,43.62,239300
hachinohe,Hachinohe,JP,,Asia/Tokyo,40.5,141.5,239046
osan,Osan,KR,,Asia/Seoul,37.15,127.07,238788
fuencarral,Fuencarral,ES,,Europe/Madrid,40.5,-3.68,238765
lille,Lille,FR,,Europe/Paris,50.63,3.06,238695
neyagawa,Neyagawa,JP,,Asia/Tokyo,34.77,135.63,238549
ormoc,Ormoc,PH,,Asia/Manila,11.01,124.61,238545
magdalenacontreras,Magdalena Contreras,MX,,America/Mexico_City,19.33,-99.21,238431
nagarpur,Nāgarpur,BD,,Asia/Dhaka,24.06,89.88,238422
kasulu,Kasulu,TZ,,Africa/Dar_es_Salaam,-4.58,30.1,238321
ngaoundere,Ngaoundéré,CM,,Africa/Douala,7.33,13.58,238196
ivanofrankivsk,Ivano-Frankivsk,UA,,Europe/Kyiv,48.92,24.71,238196
cabofrio,Cabo Frio,BR,,America/Sao_Paulo,-22.89,-42.03,238166
balikesir,Balıkesir,TR,,Europe/Istanbul,39.65,27.89,238151
temuco,Temuco,CL,,America/Santiago,-38.74,-72.6,238129
norfolk,Norfolk,US,,America/New_York,36.85,-76.29,238005
krefeld,Krefeld,DE,,Europe/Berlin,51.34,6.55,237984
hallesaale,Halle (Saale),DE,,Europe/Berlin,51.48,11.98,237865
juazeiro,Juazeiro,BR,,America/Bahia,-9.41,-40.5,237821
sriganganagar,Sri Ganganagar,IN,,Asia/Kolkata,29.92,73.87,237780
amarapura,Amarapura,MM,,Asia/Yangon,21.91,96.05,237618
kilamba,Kilamba,AO,,Africa/Luanda,-8.85,13.28,237528
amol,Āmol,IR,,Asia/Tehran,36.47,52.35,237528
freiburg,Freiburg,DE,,Europe/Berlin,48,7.85,237460
athlone,Athlone,ZA,,Africa/Johannesburg,-33.97,18.5,237414
batangas,Batangas,PH,,Asia/Manila,13.76,121.06,237370
aljubayl,Al Jubayl,SA,,Asia/Riyadh,27.02,49.62,237274
tokchon,Tŏkch’ŏn,KP,,Asia/Pyongyang,39.75,126.26,237133
oldham,Oldham,GB,,Europe/London,53.54,-2.12,237110
pathein,Pathein,MM,,Asia/Yangon,16.78,94.73,237089
hialeah,Hialeah,US,,America/New_York,25.86,-80.28,237069
sylhet,Sylhet,BD,,Asia/Dhaka,24.9,91.87,237000
paarl,Paarl,ZA,,Africa/Johannesburg,-33.73,18.98,236910
garland,Garland,US,,America/Chicago,32.91,-96.64,236897
podgorica,Podgorica,ME,,Europe/Podgorica,42.44,19.26,236852
scottsdale,Scottsdale,US,,America/Phoenix,33.51,-111.9,236839
irving,Irving,US,,America/Chicago,32.81,-96.95,236607
centurion,Centurion,ZA,,Africa/Johannesburg,-25.86,28.19,236580
qingzhou,Qingzhou,CN,,Asia/Shanghai,36.7,118.48,236406
pakdasht,Pākdasht,IR,,Asia/Tehran,35.48,51.68,236319
kajang,Kajang,MY,,Asia/Kuala_Lumpur,2.99,101.79,236240
padangsidempuan,Padangsidempuan,ID,,Asia/Jakarta,1.38,99.27,236217
campolimpo,Campo Limpo,BR,,America/Sao_Paulo,-23.64,-46.77,236162
yuci,Yuci,CN,,Asia/Shanghai,37.68,112.73,235929
santmarti,Sant Martí,ES,,Europe/Madrid,41.42,2.2,235719
eindhoven,Eindhoven,NL,,Europe/Amsterdam,51.44,5.48,235691
boise,Boise,US,,America/Boise,43.61,-116.2,235684
rewa,Rewa,IN,,Asia/Kolkata,24.53,81.29,235654
yakutsk,Yakutsk,RU,,Asia/Yakutsk,62.03,129.72,235600
bole,Bole,CN,,Asia/Shanghai,44.89,82.07,235585
muzaffargarh,Muzaffargarh,PK,,Asia/Karachi,30.07,71.19,235541
chesapeake,Chesapeake,US,,America/New_York,36.82,-76.27,235429
uluberiya,Uluberiya,IN,,Asia/Kolkata,22.48,88.1,235345
dali,Dali,CN,,Asia/Shanghai,25.58,100.21,235305
najafabad,Najafābād,IR,,Asia/Tehran,32.63,51.37,235281
thanhphobaria,Thành Phố Bà Rịa,VN,,Asia/Ho_Chi_Minh,10.5,107.17,235192
kediri,Kediri,ID,,Asia/Jakarta,-7.82,112.02,235143
georgetown,Georgetown,GY,,America/Guyana,6.8,-58.16,235017
kismayo,Kismayo,SO,,Africa/Mogadishu,-0.36,42.55,234852
northlasvegas,North Las Vegas,US,,America/Los_Angeles,36.2,-115.12,234807
elche,Elche,ES,,Europe/Madrid,38.26,-0.7,234765
sivakasi,Sivakasi,IN,,Asia/Kolkata,9.45,77.8,234704
kindu,Kindu,CD,,Africa/Lubumbashi,-2.94,25.92,234651
maracanau,Maracanaú,BR,,America/Fortaleza,-3.88,-38.63,234509
nizhnekamsk,Nizhnekamsk,RU,,Europe/Moscow,55.64,51.82,234297
hortolandia,Hortolândia,BR,,America/Sao_Paulo,-22.86,-47.22,234259
karur,Karur,IN,,Asia/Kolkata,10.96,78.08,234191
lubuklinggau,Lubuklinggau,ID,,Asia/Jakarta,-3.29,102.86,234166
craiova,Craiova,RO,,Europe/Bucharest,44.32,23.8,234140
raichur,Rāichūr,IN,,Asia/Kolkata,16.21,77.36,234073
pallavaram,Pallāvaram,IN,,Asia/Kolkata,12.97,80.15,233984
danli,Danlí,HN,,America/Tegucigalpa,14.03,-86.58,233789
yongkang,Yongkang,TW,,Asia/Taipei,23.02,120.26,233730
bo,Bo,SL,,Africa/Freetown,7.96,-11.74,233684
granada,Granada,ES,,Europe/Madrid,37.19,-3.61,233532
ooty,Ooty,IN,,Asia/Kolkata,11.41,76.7,233426
saga,Saga,JP,,Asia/Tokyo,33.23,130.3,233301
magugpopoblacion,Magugpo Poblacion,PH,,Asia/Manila,7.45,125.8,233254
dzerzhinsk,Dzerzhinsk,RU,,Europe/Moscow,56.24,43.46,233126
pemba,Pemba,MZ,,Africa/Maputo,-12.97,40.52,232932
geoje,Geoje,KR,,Asia/Seoul,34.81,128.71,232921
telukintan,Teluk Intan,MY,,Asia/Kuala_Lumpur,4.02,101.02,232800
singida,Singida,TZ,,Africa/Dar_es_Salaam,-4.82,34.74,232459
kigoma,Kigoma,TZ,,Africa/Dar_es_Salaam,-4.88,29.63,232388
fremont,Fremont,US,,America/Los_Angeles,37.55,-121.99,232206
kampongbaharucherasbatusebelas,Kampong Baharu Cheras Batu Sebelas,MY,,Asia/Kuala_Lumpur,3.05,101.77,232100
jiayuguan,Jiayuguan,CN,,Asia/Shanghai,39.81,98.29,231853
taytay,Taytay,PH,,Asia/Manila,14.56,121.13,231460
phoyen,Phổ Yên,VN,,Asia/Bangkok,21.42,105.89,231363
neuquen,Neuquén,AR,,America/Argentina/Salta,-38.95,-68.06,231198
divinopolis,Divinópolis,BR,,America/Sao_Paulo,-20.14,-44.89,231091
tuerkmenabat,Türkmenabat,TM,,Asia/Ashgabat,39.07,63.58,230861
shibuya,Shibuya,JP,,Asia/Tokyo,35.66,139.71,230609
sontay,Sơn Tây,VN,,Asia/Bangkok,21.14,105.51,230577
ninhhoa,Ninh Hòa,VN,,Asia/Ho_Chi_Minh,12.49,109.12,230566
pasirmas,Pasir Mas,MY,,Asia/Kuala_Lumpur,6.05,102.14,230424
purwokerto,Purwokerto,ID,,Asia/Jakarta,-7.42,109.23,230235
josecpaz,José C. Paz,AR,,America/Argentina/Buenos_Aires,-34.52,-58.77,230208
marka,Marka,SO,,Africa/Mogadishu,1.72,44.77,230100
pali,Pāli,IN,,Asia/Kolkata,25.77,73.32,230075
halwan,Ḩalwān,EG,,Africa/Cairo,29.84,31.3,230000
atani,Atani,NG,,Africa/Lagos,6.01,6.75,230000
mariupol,Mariupol,UA,,Europe/Kyiv,47.1,37.54,230000
changzheng,Changzheng,CN,,Asia/Shanghai,31.24,121.37,229925
kasukabe,Kasukabe,JP,,Asia/Tokyo,35.98,139.75,229792
paris15vaugirard,Paris 15 Vaugirard,FR,,Europe/Paris,48.84,2.3,229713
windsor,Windsor,CA,,America/Toronto,42.3,-83.02,229660
hosur,Hosūr,IN,,Asia/Kolkata,12.74,77.83,229528
spokane,Spokane,US,,America/Los_Angeles,47.66,-117.43,229447
tripoli_lb,Tripoli,LB,,Asia/Beirut,34.43,35.84,229398
longueuil,Longueuil,CA,,America/Toronto,45.52,-73.47,229330
ordu,Ordu,TR,,Europe/Istanbul,40.98,37.89,229214
sanfernandodeapure,San Fernando de Apure,VE,,America/Caracas,7.89,-67.47,229197
croixdesbouquets,Croix-des-Bouquets,HT,,America/Port-au-Prince,18.58,-72.23,229127
lucena,Lucena,PH,,Asia/Manila,13.93,121.62,228758
ipatinga,Ipatinga,BR,,America/Sao_Paulo,-19.47,-42.54,228746
yishunnewtown,Yishun New Town,SG,,Asia/Singapore,1.43,103.83,228730
vizianagaram,Vizianagaram,IN,,Asia/Kolkata,18.12,83.41,228720
jinchang,Jinchang,CN,,Asia/Shanghai,38.5,102.19,228561
phanthiet,Phan Thiết,VN,,Asia/Ho_Chi_Minh,10.93,108.1,228536
netanya,Netanya,IL,,Asia/Jerusalem,32.33,34.86,228204
ciudadlineal,Ciudad Lineal,ES,,Europe/Madrid,40.45,-3.65,228171
meycauayan,Meycauayan,PH,,Asia/Manila,14.74,120.96,228023
bexley,Bexley,GB,,Europe/London,51.44,0.15,228000
aliayabiagba,Aliayabiagba,NG,,Africa/Lagos,6.45,3.33,228000
nassau,Nassau,BS,,America/Nassau,25.06,-77.34,227940
sanlorenzo,San Lorenzo,PY,,America/Asuncion,-25.34,-57.51,227876
rennes,Rennes,FR,,Europe/Paris,48.11,-1.67,227830
mohammedia,Mohammedia,MA,,Africa/Casablanca,33.69,-7.38,227799
guatire,Guatire,VE,,America/Caracas,10.47,-66.54,227666
tanjungpinang,Tanjung Pinang,ID,,Asia/Jakarta,0.92,104.46,227663
hougangnewtown,Hougang New Town,SG,,Asia/Singapore,1.36,103.89,227560
batonrouge,Baton Rouge,US,,America/Chicago,30.44,-91.19,227470
setelagoas,Sete Lagoas,BR,,America/Sao_Paulo,-19.47,-44.25,227397
sosnowiec,Sosnowiec,PL,,Europe/Warsaw,50.29,19.1,227295
diezdeoctubre,Diez de Octubre,CU,,America/Havana,23.09,-82.36,227293
turkistan,Turkistan,KZ,,Asia/Almaty,43.29,68.26,227098
klerksdorp,Klerksdorp,ZA,,Africa/Johannesburg,-26.85,26.67,227039
upperwestside,Upper West Side,US,,America/New_York,40.79,-73.98,226989
staryyoskol,Staryy Oskol,RU,,Europe/Moscow,51.3,37.85,226977
ageo,Ageo,JP,,Asia/Tokyo,35.97,139.61,226940
gusau,Gusau,NG,,Africa/Lagos,12.17,6.66,226857
neueneustadt,Neue Neustadt,DE,,Europe/Berlin,52.15,11.63,226851
kamyanske,Kamyanske,UA,,Europe/Kyiv,48.52,34.61,226845
ashdod,Ashdod,IL,,Asia/Jerusalem,31.79,34.65,226838
radom,Radom,PL,,Europe/Warsaw,51.4,21.15,226794
payaterubong,Paya Terubong,MY,,Asia/Kuala_Lumpur,5.37,100.28,226712
richmond,Richmond,US,VA,America/New_York,37.55,-77.46,226610
changhua,Chang-hua,TW,04,Asia/Taipei,24.07,120.56,226564
changhua_tw_04,Changhua,TW,04,Asia/Taipei,24.07,120.55,226564
gjienban,Điện Bàn,VN,,Asia/Ho_Chi_Minh,15.89,108.25,226564
takarazuka,Takarazuka,JP,,Asia/Tokyo,34.8,135.36,226432
nzerekore,Nzérékoré,GN,,Africa/Conakry,7.76,-8.82,226426
regina,Regina,CA,,America/Regina,50.45,-104.62,226404
camau,Cà Mau,VN,,Asia/Ho_Chi_Minh,9.18,105.15,226372
shrirampur,Shrīrāmpur,IN,,Asia/Kolkata,22.75,88.34,226317
fendou,Fendou,CN,,Asia/Shanghai,46.64,124.86,226298
sabzevar,Sabzevar,IR,,Asia/Tehran,36.21,57.68,226183
huanggang_cn_30,Huanggang,CN,30,Asia/Shanghai,23.68,117,225956
quthbullapur,Quthbullapur,IN,,Asia/Kolkata,17.5,78.46,225816
mubi,Mubi,NG,,Africa/Lagos,10.27,13.27,225705
rioverde,Rio Verde,BR,,America/Sao_Paulo,-17.8,-50.93,225696
aguaslindasdegoias,Águas Lindas de Goiás,BR,,America/Sao_Paulo,-15.76,-48.28,225693
presidenteprudente,Presidente Prudente,BR,,America/Sao_Paulo,-22.13,-51.39,225668
varamin,Varāmīn,IR,,Asia/Tehran,35.32,51.65,225628
sector1,Sector 1,RO,,Europe/Bucharest,44.49,26.05,225453
somersetwest,Somerset West,ZA,,Africa/Johannesburg,-34.08,18.82,225289
luton,Luton,GB,,Europe/London,51.88,-0.42,225262
ternopil,Ternopil,UA,,Europe/Kyiv,49.55,25.59,225238
juazeirodonorte,Juazeiro do Norte,BR,,America/Fortaleza,-7.21,-39.32,225230
bitung,Bitung,ID,,Asia/Makassar,1.44,125.13,225134
mymensingh,Mymensingh,BD,,Asia/Dhaka,24.76,90.41,225126
blagoveshchensk,Blagoveshchensk,RU,,Asia/Yakutsk,50.28,127.53,225091
nadiad,Nadiād,IN,,Asia/Kolkata,22.69,72.86,225071
kumba,Kumba,CM,,Africa/Douala,4.64,9.45,225046
kosice,Košice,SK,,Europe/Bratislava,48.71,21.26,225044
kremenchuk,Kremenchuk,UA,,Europe/Kyiv,49.06,33.4,224997
jingling,Jingling,CN,,Asia/Shanghai,30.65,113.1,224871
nagercoil,Nāgercoil,IN,,Asia/Kolkata,8.18,77.43,224849
sucre,Sucre,BO,,America/La_Paz,-19.03,-65.26,224838
mutare,Mutare,ZW,,Africa/Harare,-18.97,32.67,224802
ota_jp_10,Ōta,JP,10,Asia/Tokyo,36.3,139.37,224358
karawalnagar,Karāwalnagar,IN,,Asia/Kolkata,28.73,77.27,224281
puertovallarta,Puerto Vallarta,MX,,America/Mexico_City,20.62,-105.23,224166
minamirinkan,Minamirinkan,JP,,Asia/Tokyo,35.5,139.44,224015
atsugi,Atsugi,JP,,Asia/Tokyo,35.44,139.37,223960
heihe,Heihe,CN,,Asia/Shanghai,50.24,127.49,223832
mango,Mango,IN,,Asia/Kolkata,22.83,86.22,223805
paramaribo,Paramaribo,SR,,America/Paramaribo,5.87,-55.17,223757
narayanganj,Narayanganj,BD,,Asia/Dhaka,23.61,90.5,223622
niavalencia,NIA Valencia,PH,,Asia/Manila,7.91,125.09,223620
tongchuanshi,Tongchuanshi,CN,,Asia/Shanghai,35.07,109.08,223603
concepcion,Concepción,CL,,America/Santiago,-36.83,-73.05,223574
ramadi,Ramadi,IQ,,Asia/Baghdad,33.42,43.31,223500
paradise,Paradise,US,,America/Los_Angeles,36.1,-115.15,223167
tacoma,Tacoma,US,,America/Los_Angeles,47.25,-122.44,222906
mainz,Mainz,DE,,Europe/Berlin,49.98,8.28,222889
velikiynovgorod,Velikiy Novgorod,RU,,Europe/Moscow,58.52,31.27,222868
sungaibuloh,Sungai Buloh,MY,,Asia/Kuala_Lumpur,3.21,101.56,222858
puertoprincesa,Puerto Princesa,PH,,Asia/Manila,9.74,118.74,222673
xintai,Xintai,CN,,Asia/Shanghai,35.9,117.75,222459
eltigre,El Tigre,VE,,America/Caracas,8.89,-64.25,222450
haeju,Haeju,KP,,Asia/Pyongyang,38.04,125.71,222396
formosa,Formosa,AR,,America/Argentina/Cordoba,-26.18,-58.17,222226
ikire,Ikire,NG,,Africa/Lagos,7.37,4.19,222160
laceiba,La Ceiba,HN,01,America/Tegucigalpa,15.76,-86.78,222055
tilburg,Tilburg,NL,,Europe/Amsterdam,51.56,5.09,221947
badinh,Ba Dinh,VN,,Asia/Bangkok,21.04,105.83,221893
murwara,Murwāra,IN,,Asia/Kolkata,23.84,80.39,221883
moshi,Moshi,TZ,,Africa/Dar_es_Salaam,-3.35,37.33,221733
kanchipuram,Kanchipuram,IN,,Asia/Kolkata,12.84,79.7,221715
sousse,Sousse,TN,,Africa/Tunis,35.83,10.64,221715
batu,Batu,ID,,Asia/Jakarta,-7.87,112.53,221714
tulua,Tuluá,CO,,America/Bogota,4.08,-76.2,221684
soyo,Soyo,AO,,Africa/Luanda,-6.13,12.37,221555
soctrang,Sóc Trăng,VN,,Asia/Ho_Chi_Minh,9.6,105.97,221430
kankan,Kankan,GN,,Africa/Conakry,10.39,-9.31,221428
shakhty,Shakhty,RU,,Europe/Moscow,47.72,40.22,221312
mbarara,Mbarara,UG,,Africa/Kampala,-0.6,30.65,221300
olongapo,Olongapo,PH,,Asia/Manila,14.83,120.28,221178
ibarra,Ibarra,EC,,America/Guayaquil,0.35,-78.12,221149
banjaluka,Banja Luka,BA,,Europe/Sarajevo,44.78,17.21,221106
rufisqueest,Rufisque est,SN,,Africa/Dakar,14.72,-17.27,221066
neyshabur,Neyshābūr,IR,,Asia/Tehran,36.21,58.8,220929
saveh,Sāveh,IR,,Asia/Tehran,35.02,50.36,220762
wuxue,Wuxue,CN,,Asia/Shanghai,29.85,115.55,220661
chilinh,Chí Linh,VN,,Asia/Ho_Chi_Minh,21.07,106.32,220421
campeche,Campeche,MX,,America/Merida,19.84,-90.52,220389
quanba,Quận Ba,VN,,Asia/Ho_Chi_Minh,10.77,106.69,220375
singrauli,Singrauli,IN,,Asia/Kolkata,24.2,82.68,220257
fuencarralelpardo,Fuencarral-El Pardo,ES,,Europe/Madrid,40.5,-3.73,220085
shevchenkivskyi,Shevchenkivskyi,UA,,Europe/Kyiv,50.46,30.47,220077
mirzapur,Mirzāpur,IN,,Asia/Kolkata,25.14,82.57,220029
oviedo,Oviedo,ES,,Europe/Madrid,43.36,-5.84,220027
bandarserialam,Bandar Seri Alam,MY,,Asia/Kuala_Lumpur,1.5,103.88,220000
sorong,Sorong,ID,,Asia/Jayapura,-0.88,131.26,219958
messina,Messina,IT,,Europe/Rome,38.19,15.55,219948
dehiwalamountlavinia,Dehiwala-Mount Lavinia,LK,,Asia/Colombo,6.84,79.87,219827
kropyvnytskyi,Kropyvnytskyi,UA,,Europe/Kyiv,48.51,32.27,219676
kharagpur,Kharagpur,IN,,Asia/Kolkata,22.34,87.33,219665
kabinda,Kabinda,CD,,Africa/Lubumbashi,-6.14,24.48,219396
jacobabad,Jacobabad,PK,,Asia/Karachi,28.28,68.44,219315
tunduma,Tunduma,TZ,,Africa/Dar_es_Salaam,-9.3,32.77,219309
binangonan,Binangonan,PH,,Asia/Manila,14.46,121.19,219204
oberhausen,Oberhausen,DE,,Europe/Berlin,51.48,6.86,219176
chonburi,Chon Buri,TH,,Asia/Bangkok,13.36,100.98,219164
santaluzia,Santa Luzia,BR,,America/Sao_Paulo,-19.77,-43.85,219132
prokopyevsk,Prokop’yevsk,RU,,Asia/Novokuznetsk,53.92,86.72,219000
samambaia,Samambaia,BR,,America/Sao_Paulo,-15.88,-48.1,218840
erfurt,Erfurt,DE,,Europe/Berlin,50.98,11.04,218793
esmeraldas,Esmeraldas,EC,,America/Guayaquil,0.96,-79.65,218727
terrassa,Terrassa,ES,,Europe/Madrid,41.57,2.02,218535
barking,Barking,GB,,Europe/London,51.53,0.08,218534
wuhai,Wuhai,CN,,Asia/Shanghai,39.68,106.82,218427
imperatriz,Imperatriz,BR,,America/Fortaleza,-5.53,-47.49,218106
koutiala,Koutiala,ML,,Africa/Bamako,12.39,-5.47,218031
eluru,Eluru,IN,,Asia/Kolkata,16.71,81.1,218020
raniganj,Rāniganj,IN,40,Asia/Kolkata,17.43,78.49,217910
sanpedrodemacoris,San Pedro de Macorís,DO,,America/Santo_Domingo,18.45,-69.31,217899
galati,Galaţi,RO,,Europe/Bucharest,45.44,28.05,217851
badalona,Badalona,ES,,Europe/Madrid,41.45,2.25,217741
mokotow,Mokotów,PL,,Europe/Warsaw,52.19,21.03,217683
taiping,Taiping,MY,,Asia/Kuala_Lumpur,4.85,100.73,217647
yintai,Yintai,CN,,Asia/Shanghai,35.12,109.1,217509
yamunanagar,Yamuna Nagar,IN,,Asia/Kolkata,30.13,77.28,217071
cabodesantoagostinho,Cabo de Santo Agostinho,BR,,America/Recife,-8.29,-35.03,216969
arakawa,Arakawa,JP,,Asia/Tokyo,35.74,139.78,216900
pangkalpinang,Pangkalpinang,ID,,Asia/Jakarta,-2.13,106.11,216893
jamaica,Jamaica,US,,America/New_York,40.69,-73.81,216866
buenavista,Buenavista,MX,,America/Mexico_City,19.61,-99.17,216776
gilgit,Gilgit,PK,,Asia/Karachi,35.92,74.31,216760
rybinsk,Rybinsk,RU,,Europe/Moscow,58.05,38.84,216724
santarosa,Santa Rosa,PH,,Asia/Manila,14.31,121.11,216650
trondheim,Trondheim,NO,,Europe/Oslo,63.43,10.4,216518
raurkelaindustrialtownship,Raurkela Industrial Township,IN,,Asia/Kolkata,22.2,84.86,216410
porlamar,Porlamar,VE,,America/Caracas,10.96,-63.87,216234
sanbernardino,San Bernardino,US,,America/Los_Angeles,34.11,-117.29,216108
ciudadacuna,Ciudad Acuña,MX,,America/Matamoros,29.32,-100.95,216099
oulu,Oulu,FI,,Europe/Helsinki,65.01,25.47,216066
sinop,Sinop,BR,,America/Cuiaba,-11.86,-55.5,216029
bidar,Bidar,IN,,Asia/Kolkata,17.91,77.52,216020
vykhinozhulebino,Vykhino-Zhulebino,RU,,Europe/Moscow,55.7,37.81,216000
lutsk,Lutsk,UA,,Europe/Kyiv,50.76,25.35,215986
laceiba_hn_01,La Ceiba,HN,01,America/Tegucigalpa,15.77,-86.83,215973
sancristobaldelascasas,San Cristóbal de las Casas,MX,,America/Merida,16.73,-92.64,215874
zelenograd,Zelenograd,RU,,Europe/Moscow,55.98,37.18,215727
archway,Archway,GB,,Europe/London,51.57,-0.13,215667
wangsamaju,Wangsa Maju,MY,,Asia/Kuala_Lumpur,3.2,101.74,215600
saltlakecity,Salt Lake City,US,,America/Denver,40.76,-111.89,215548
biysk,Biysk,RU,,Asia/Barnaul,52.53,85.2,215430
novisad,Novi Sad,RS,,Europe/Belgrade,45.25,19.84,215400
jinzhou_cn_19,Jinzhou,CN,19,Asia/Shanghai,39.1,121.72,215386
jiutepec,Jiutepec,MX,,America/Mexico_City,18.88,-99.18,215357
longgang,Longgang,CN,,Asia/Shanghai,22.72,114.26,215273
monclova,Monclova,MX,,America/Monterrey,26.91,-101.42,215271
tanan,Tân An,VN,,Asia/Ho_Chi_Minh,10.54,106.41,215250
maonshan,Ma On Shan,HK,,Asia/Hong_Kong,22.41,114.24,215200
commonwealth,Commonwealth,PH,,Asia/Manila,14.7,121.08,215034
huntsville,Huntsville,US,,America/Chicago,34.73,-86.59,215006
jabaquara,Jabaquara,BR,,America/Sao_Paulo,-23.65,-46.65,214958
ziguinchor,Ziguinchor,SN,,Africa/Dakar,12.57,-16.27,214874
kulob,Kŭlob,TJ,,Asia/Dushanbe,37.91,69.78,214700
citeureup,Citeureup,ID,,Asia/Jakarta,-6.49,106.88,214668
centralniy,Centralniy,RU,,Europe/Moscow,59.93,30.36,214625
sadec,Sa Dec,VN,,Asia/Ho_Chi_Minh,10.29,105.76,214610
kure,Kure,JP,,Asia/Tokyo,34.23,132.57,214592
shagamu,Shagamu,NG,,Africa/Lagos,6.85,3.65,214558
bneibrak,Bnei Brak,IL,,Asia/Jerusalem,32.08,34.83,214444
khouribga,Khouribga,MA,,Africa/Casablanca,32.88,-6.91,214241
yingtan,Yingtan,CN,,Asia/Shanghai,28.23,117,214229
desmoines,Des Moines,US,,America/Chicago,41.6,-93.61,214133
marcory,Marcory,CI,,Africa/Abidjan,5.31,-3.99,214061
cartagena_es,Cartagena,ES,,Europe/Madrid,37.6,-0.98,213943
quevedo,Quevedo,EC,,America/Guayaquil,-1.03,-79.46,213842
oakville,Oakville,CA,,America/Toronto,43.45,-79.68,213759
nazarabad,Naz̧arābād,IR,44,Asia/Tehran,35.95,50.61,213388
munger,Munger,IN,,Asia/Kolkata,25.37,86.47,213303
jacarei,Jacareí,BR,,America/Sao_Paulo,-23.31,-45.97,213110
jerezdelafrontera,Jerez de la Frontera,ES,,Europe/Madrid,36.69,-6.14,212879
eljadida,El Jadida,MA,,Africa/Casablanca,33.26,-8.51,212863
zitong,Zitong,CN,,Asia/Shanghai,30.18,105.83,212819
loajanan,Loa Janan,ID,,Asia/Makassar,-0.58,117.1,212816
targumures,Târgu Mureş,RO,,Europe/Bucharest,46.54,24.56,212752
fontana,Fontana,US,,America/Los_Angeles,34.09,-117.44,212704
rancagua,Rancagua,CL,,America/Santiago,-34.17,-70.74,212695
zhubei,Zhubei,TW,,Asia/Taipei,24.84,121.01,212695
mallawi,Mallawī,EG,,Africa/Cairo,27.73,30.84,212628
pasuruan,Pasuruan,ID,,Asia/Jakarta,-7.65,112.91,212466
capecoast,Cape Coast,GH,,Africa/Accra,5.11,-1.25,212426
bukitmertajam,Bukit Mertajam,MY,,Asia/Kuala_Lumpur,5.36,100.47,212329
lipacity,Lipa City,PH,,Asia/Manila,13.94,121.16,212287
luebeck,Lübeck,DE,,Europe/Berlin,53.87,10.69,212207
luojiang,Luojiang,CN,,Asia/Shanghai,31.3,104.5,212186
sepang,Sepang,MY,,Asia/Kuala_Lumpur,2.69,101.75,212050
coban,Cobán,GT,,America/Guatemala,15.47,-90.37,212047
marica,Maricá,BR,,America/Sao_Paulo,-22.92,-42.82,211986
caolanh,Cao Lãnh,VN,,Asia/Ho_Chi_Minh,10.46,105.63,211912
isesaki,Isesaki,JP,,Asia/Tokyo,36.32,139.2,211850
sabadell,Sabadell,ES,,Europe/Madrid,41.54,2.11,211734
jaragua,Jaraguá,BR,,America/Sao_Paulo,-23.44,-46.74,211610
taito,Taito,JP,,Asia/Tokyo,35.71,139.78,211444
nandyal,Nandyāl,IN,,Asia/Kolkata,15.48,78.48,211424
santacruzdetenerife,Santa Cruz de Tenerife,ES,,Atlantic/Canary,28.47,-16.25,211359
panchkula,Panchkula,IN,,Asia/Kolkata,30.69,76.85,211355
esenyurt,Esenyurt,TR,,Europe/Istanbul,41.03,28.68,211330
modesto,Modesto,US,,America/Los_Angeles,37.64,-121,211266
panabo,Panabo,PH,,Asia/Manila,7.31,125.68,211242
lijiang,Lijiang,CN,,Asia/Shanghai,26.87,100.22,211151
konibodom,Konibodom,TJ,,Asia/Dushanbe,40.29,70.43,211100
hailar,Hailar,CN,,Asia/Shanghai,49.2,119.7,211066
itaquera,Itaquera,BR,,America/Sao_Paulo,-23.53,-46.44,210960
kabankalan,Kabankalan,PH,,Asia/Manila,9.98,122.81,210893
burhanpur,Burhānpur,IN,,Asia/Kolkata,21.31,76.23,210886
abha,Abha,SA,,Asia/Riyadh,18.22,42.51,210886
burgas,Burgas,BG,,Europe/Sofia,42.51,27.47,210646
pskov,Pskov,RU,,Europe/Moscow,57.82,28.33,210501
morvi,Morvi,IN,,Asia/Kolkata,22.82,70.84,210451
daliang,Daliang,CN,,Asia/Shanghai,22.84,113.25,210411
quilicura,Quilicura,CL,,America/Santiago,-33.37,-70.71,210410
benimellal,Beni Mellal,MA,,Africa/Casablanca,32.34,-6.35,210397
ashuganjcity,Ashuganj City,BD,,Asia/Dhaka,24.04,91.01,210356
sidibelabbes,Sidi Bel Abbes,DZ,,Africa/Algiers,35.19,-0.63,210146
arroyonaranjo,Arroyo Naranjo,CU,,America/Havana,23.04,-82.38,210053
jebelali,Jebel Ali,AE,,Asia/Dubai,25,55.11,210000
bogra,Bogra,BD,,Asia/Dhaka,24.85,89.37,210000
kostanay,Kostanay,KZ,,Asia/Qostanay,53.21,63.62,210000
richmond_ca,Richmond,CA,,America/Vancouver,49.17,-123.14,209937
rochester,Rochester,US,NY,America/New_York,43.15,-77.62,209802
kanggye,Kanggye,KP,,Asia/Pyongyang,40.97,126.59,209530
chungju,Chungju,KR,,Asia/Seoul,36.98,127.93,209483
anand,Anand,IN,,Asia/Kolkata,22.55,72.96,209410
saoleopoldo,São Leopoldo,BR,,America/Sao_Paulo,-29.76,-51.15,209229
bade,Bade,TW,,Asia/Taipei,24.93,121.28,209148
luziania,Luziânia,BR,,America/Sao_Paulo,-16.25,-47.95,209129
oruro,Oruro,BO,,America/La_Paz,-17.97,-67.09,208684
bachuan,Bachuan,CN,,Asia/Shanghai,29.85,106.05,208520
laromana,La Romana,DO,,America/Santo_Domingo,18.42,-68.97,208437
shashamane,Shashamane,ET,,Africa/Addis_Ababa,7.2,38.6,208400
hangu,Hangu,CN,,Asia/Shanghai,39.25,117.79,208369
ongole,Ongole,IN,,Asia/Kolkata,15.5,80.04,208344
pamplona,Pamplona,ES,,Europe/Madrid,42.82,-1.64,208243
maryvale,Maryvale,US,,America/Phoenix,33.5,-112.18,208189
gangneung,Gangneung,KR,,Asia/Seoul,37.75,128.87,208161
portsmouth,Portsmouth,GB,,Europe/London,50.8,-1.09,208100
gandajika,Gandajika,CD,,Africa/Lubumbashi,-6.75,23.95,208051
gunan,Gunan,CN,,Asia/Shanghai,29.02,106.65,208010
phanrangthapcham,Phan Rang-Tháp Chàm,VN,,Asia/Ho_Chi_Minh,11.56,108.99,207998
ciputat,Ciputat,ID,,Asia/Jakarta,-6.24,106.7,207858
kasangati,Kasangati,UG,,Africa/Kampala,0.44,32.6,207800
sirjan,Sirjan,IR,,Asia/Tehran,29.45,55.68,207645
arlington_us_va,Arlington,US,VA,America/New_York,38.88,-77.1,207627
bishoftu,Bishoftu,ET,,Africa/Addis_Ababa,8.75,38.98,207400
nishitokyoshi,Nishi-Tokyo-shi,JP,,Asia/Tokyo,35.73,139.54,207388
bobruysk,Bobruysk,BY,,Europe/Minsk,53.15,29.21,207351
changamchon,Changam-ch’on,KP,,Asia/Pyongyang,40.61,128.78,207299
bilatserkva,Bila Tserkva,UA,,Europe/Kyiv,49.8,30.13,207273
oxnard,Oxnard,US,,America/Los_Angeles,34.2,-119.18,207254
ciampea,Ciampea,ID,,Asia/Jakarta,-6.55,106.7,207212
hurghada,Hurghada,EG,,Africa/Cairo,27.26,33.81,207132
mostoles,Móstoles,ES,,Europe/Madrid,40.32,-3.86,207095
columbus_us_ga,Columbus,US,GA,America/New_York,32.46,-84.99,206922
mantilla,Mantilla,CU,,America/Havana,23.07,-82.34,206918
dosquebradas,Dosquebradas,CO,,America/Bogota,4.84,-75.67,206693
toledo_ph,Toledo,PH,,Asia/Manila,10.38,123.64,206692
turku,Turku,FI,,Europe/Helsinki,60.45,22.27,206655
worcester,Worcester,US,,America/New_York,42.26,-71.8,206518
pagadian,Pagadian,PH,,Asia/Manila,7.83,123.44,206483
epworth,Epworth,ZW,,Africa/Harare,-17.89,31.15,206368
sanfelipe,San Felipe,VE,,America/Caracas,10.34,-68.74,206270
dinajpur,Dinajpur,BD,,Asia/Dhaka,25.63,88.64,206234
hosapete,Hosapete,IN,,Asia/Kolkata,15.27,76.39,206167
vietyen,Việt Yên,VN,,Asia/Ho_Chi_Minh,21.27,106.13,205900
ifakara,Ifakara,TZ,,Africa/Dar_es_Salaam,-8.13,36.68,205843
sumbe,Sumbe,AO,,Africa/Luanda,-11.21,13.84,205832
segou,Ségou,ML,,Africa/Bamako,13.44,-6.26,205787
kontum,Kon Tum,VN,,Asia/Ho_Chi_Minh,14.35,108.01,205762
itabuna,Itabuna,BR,,America/Bahia,-14.79,-39.28,205660
latacunga,Latacunga,EC,,America/Guayaquil,-0.93,-78.62,205624
nangloijat,Nāngloi Jāt,IN,,Asia/Kolkata,28.68,77.07,205596
kishiwada,Kishiwada,JP,,Asia/Tokyo,34.47,135.37,205561
jinghong,Jinghong,CN,,Asia/Shanghai,22,100.77,205523
mdantsane,Mdantsane,ZA,,Africa/Johannesburg,-32.93,27.78,205504
itaimpaulista,Itaim Paulista,BR,,America/Sao_Paulo,-23.5,-46.39,205295
saocarlos,São Carlos,BR,,America/Sao_Paulo,-22.02,-47.89,205035
qaemshahr,Qā’em Shahr,IR,,Asia/Tehran,36.46,52.86,204953
shikarpur,Shikarpur,PK,,Asia/Karachi,27.96,68.64,204938
ternate,Ternate,ID,,Asia/Jayapura,0.79,127.38,204920
gongheyong,Gongheyong,CN,,Asia/Shanghai,22.76,113.79,204881
linz,Linz,AT,,Europe/Vienna,48.31,14.29,204846
dhangadhi,Dhangaḍhi̇̄,NP,,Asia/Kathmandu,28.7,80.59,204788
nanchuan,Nanchuan,CN,,Asia/Shanghai,29.15,107.1,204775
cordoba_mx,Córdoba,MX,,America/Mexico_City,18.88,-96.93,204721
bishan,Bishan,CN,,Asia/Shanghai,29.59,106.22,204702
biskra,Biskra,DZ,,Africa/Algiers,34.85,5.73,204661
xizhi,Xizhi,TW,,Asia/Taipei,25.07,121.66,204619
gaoping,Gaoping,CN,,Asia/Shanghai,30.78,106.1,204368
trieste,Trieste,IT,,Europe/Rome,45.65,13.78,204338
mpanda,Mpanda,TZ,,Africa/Dar_es_Salaam,-6.34,31.07,204338
morenovalley,Moreno Valley,US,,America/Los_Angeles,33.94,-117.23,204198
secunderabad,Secunderabad,IN,,Asia/Kolkata,17.5,78.54,204182
punggol,Punggol,SG,,Asia/Singapore,1.41,103.91,204150
sodo,Sodo,ET,,Africa/Addis_Ababa,6.86,37.76,204100
zliten,Zliten,LY,,Africa/Tripoli,32.47,14.57,203790
padua,Padua,IT,,Europe/Rome,45.41,11.89,203725
karnaphuli,Karnaphuli,BD,,Asia/Dhaka,22.69,92.23,203697
lastunas,Las Tunas,CU,,America/Havana,20.96,-76.95,203684
matsue,Matsue,JP,,Asia/Tokyo,35.48,133.05,203616
bayamon,Bayamón,PR,,America/Puerto_Rico,18.4,-66.16,203499
gimposi,Gimpo-si,KR,,Asia/Seoul,37.62,126.71,203391
laurodefreitas,Lauro de Freitas,BR,,America/Bahia,-12.89,-38.33,203331
deoghar,Deoghar,IN,,Asia/Kolkata,24.49,86.7,203123
fianarantsoa,Fianarantsoa,MG,,Indian/Antananarivo,-21.45,47.09,203105
vasylevskyostrov,Vasyl'evsky Ostrov,RU,,Europe/Moscow,59.94,30.25,203058
sobral,Sobral,BR,,America/Fortaleza,-3.69,-40.35,203023
chandpur,Chāndpur,BD,,Asia/Dhaka,23.23,90.65,203000
atsiaman,Atsiaman,GH,,Africa/Accra,5.7,-0.33,202932
bandunduprovince,Bandundu Province,CD,,Africa/Kinshasa,-3.32,17.38,202904
osmaniye,Osmaniye,TR,,Europe/Istanbul,37.07,36.25,202837
babol,Bābol,IR,,Asia/Tehran,36.55,52.68,202796
cabosanlucas,Cabo San Lucas,MX,,America/Mazatlan,22.89,-109.91,202694
littlerock,Little Rock,US,,America/Chicago,34.75,-92.29,202591
corlu,Çorlu,TR,,Europe/Istanbul,41.16,27.8,202578
madiun,Madiun,ID,,Asia/Jakarta,-7.63,111.52,202544
iringa,Iringa,TZ,,Africa/Dar_es_Salaam,-7.77,35.7,202490
debrecen,Debrecen,HU,,Europe/Budapest,47.53,21.62,202402
chapra,Chāpra,IN,,Asia/Kolkata,25.78,84.75,202352
motijheel,Motijheel,BD,,Asia/Dhaka,23.73,90.42,202308
barishal,Barishal,BD,,Asia/Dhaka,22.7,90.37,202242
richmondhill,Richmond Hill,CA,,America/Toronto,43.87,-79.44,202022
fayetteville,Fayetteville,US,,America/New_York,35.05,-78.88,201963
alkhums,Al Khums,LY,,Africa/Tripoli,32.65,14.26,201943
huntingtonbeach,Huntington Beach,US,,America/Los_Angeles,33.66,-118,201899
favoriten,Favoriten,AT,,Europe/Vienna,48.16,16.38,201882
koronadal,Koronadal,PH,,Asia/Manila,6.5,124.85,201844
geneva,Geneva,CH,,Europe/Zurich,46.2,6.15,201741
tallahassee,Tallahassee,US,,America/New_York,30.44,-84.28,201731
swindon,Swindon,GB,,Europe/London,51.56,-1.78,201669
rengasdengklok,Rengasdengklok,ID,,Asia/Jakarta,-6.16,107.3,201463
rioclaro,Rio Claro,BR,,America/Sao_Paulo,-22.41,-47.56,201418
salatiga,Salatiga,ID,,Asia/Jakarta,-7.33,110.49,201369
cajamarca,Cajamarca,PE,,America/Lima,-7.16,-78.5,201329
townsville,Townsville,AU,,Australia/Brisbane,-19.27,146.81,201313
thanhkhe,Thanh Khê,VN,,Asia/Ho_Chi_Minh,16.07,108.19,201240
lapintana,La Pintana,CL,,America/Santiago,-33.58,-70.63,201178
dasoguz,Daşoguz,TM,,Asia/Ashgabat,41.84,59.97,201142
yonkers,Yonkers,US,,America/New_York,40.93,-73.9,201116
glendale_us_ca,Glendale,US,CA,America/Los_Angeles,34.14,-118.26,201020
dadu,Dadu,PK,,Asia/Karachi,26.73,67.78,201017
arbaminch,Arba Minch,ET,,Africa/Addis_Ababa,6.03,37.55,201000
banjar,Banjar,ID,,Asia/Jakarta,-7.2,107.43,200970
petropavl,Petropavl,KZ,,Asia/Almaty,54.87,69.15,200920
cypress,Cypress,US,,America/Chicago,29.97,-95.7,200839
khandwa,Khandwa,IN,,Asia/Kolkata,21.82,76.35,200738
aurora_us_il,Aurora,US,IL,America/Chicago,41.76,-88.32,200661
puri,Puri,IN,,Asia/Kolkata,19.8,85.82,200564
morena,Morena,IN,,Asia/Kolkata,26.5,78,200482
nicosia,Nicosia,CY,,Asia/Nicosia,35.17,33.35,200452
brescia,Brescia,IT,,Europe/Rome,45.54,10.21,200423
nasimshahr,Nasīm Shahr,IR,26,Asia/Tehran,35.57,51.16,200393
nasimshahr_ir_26,Nasimshahr,IR,26,Asia/Tehran,35.57,51.16,200393
ugep,Ugep,NG,,Africa/Lagos,5.81,8.08,200276
kamina,Kamina,CD,,Africa/Lubumbashi,-8.74,25,200184
yanbu,Yanbu,SA,,Asia/Riyadh,24.09,38.06,200161
nagareyama,Nagareyama,JP,,Asia/Tokyo,35.86,139.9,200136
charleroi,Charleroi,BE,,Europe/Brussels,50.41,4.44,200132
langson,Lạng Sơn,VN,,Asia/Bangkok,21.85,106.76,200108
saojose_br_26,São José,BR,26,America/Sao_Paulo,-28.21,-49.16,200000
nyingchi,Nyingchi,CN,,Asia/Shanghai,29.65,94.36,200000
yuenlongsanhui,Yuen Long San Hui,HK,,Asia/Hong_Kong,22.43,114.03,200000
yuenlong,Yuen Long,HK,,Asia/Hong_Kong,22.45,114.03,200000
sumedang,Sumedang,ID,,Asia/Jakarta,-6.86,107.92,200000
gyanpur,Gyānpur,IN,,Asia/Kolkata,25.33,82.47,200000
azzawiyah,Az Zāwīyah,LY,,Africa/Tripoli,32.76,12.73,200000
salealjadida,Salé Al Jadida,MA,,Africa/Casablanca,34,-6.74,200000
bandarsunway,Bandar Sunway,MY,,Asia/Kuala_Lumpur,3.07,101.61,200000
bandarutama,Bandar Utama,MY,,Asia/Kuala_Lumpur,3.15,101.61,200000
bukitjalil,Bukit Jalil,MY,,Asia/Kuala_Lumpur,3.05,101.68,200000
chakwama,Chakwama,NG,,Africa/Lagos,11.56,9.66,200000
shahkot,Shahkot,PK,,Asia/Karachi,31.57,73.49,200000
severnyy,Severnyy,RU,,Europe/Moscow,55.94,37.55,200000
eldibir,El Dibir,SO,,Africa/Mogadishu,11.77,51.22,200000
rayonktz,Rayon KTZ,UA,,Europe/Kyiv,49.94,36.37,200000
beiliu,Beiliu,CN,,Asia/Shanghai,22.71,110.35,199769
iquique,Iquique,CL,,America/Santiago,-20.21,-70.15,199587
thuanthanh,Thuận Thanh,VN,,Asia/Bangkok,21.05,106.08,199577
balakovo,Balakovo,RU,,Europe/Saratov,52.03,47.8,199572
armavir,Armavir,RU,,Europe/Moscow,45,41.11,199548
yachiyo,Yachiyo,JP,,Asia/Tokyo,35.74,140.12,199498
saidpur,Saidpur,BD,,Asia/Dhaka,25.78,88.89,199422
quanbon,Quận Bốn,VN,,Asia/Ho_Chi_Minh,10.77,106.71,199329
arish,Arīsh,EG,,Africa/Cairo,31.13,33.8,199243
rawang,Rawang,MY,,Asia/Kuala_Lumpur,3.32,101.58,199095
dudley,Dudley,GB,,Europe/London,52.5,-2.08,199059
mushin,Mushin,NG,,Africa/Lagos,6.53,3.35,199000
yuzhnosakhalinsk,Yuzhno-Sakhalinsk,RU,,Asia/Sakhalin,46.95,142.74,198973
hagen,Hagen,DE,,Europe/Berlin,51.36,7.47,198972
guacara,Guacara,VE,,America/Caracas,10.23,-67.88,198883
valparaisodegoias,Valparaíso de Goiás,BR,,America/Sao_Paulo,-16.07,-47.98,198861
khuy,Khūy,IR,,Asia/Tehran,38.55,44.95,198845
gliwice,Gliwice,PL,,Europe/Warsaw,50.3,18.68,198835
changji,Changji,CN,,Asia/Urumqi,44.01,87.3,198776
kodaira,Kodaira,JP,,Asia/Tokyo,35.73,139.49,198739
planopiloto,Plano Piloto,BR,,America/Sao_Paulo,-15.79,-47.88,198697
amarillo,Amarillo,US,,America/Chicago,35.22,-101.83,198645
bulandshahr,Bulandshahr,IN,,Asia/Kolkata,28.4,77.86,198612
lusail,Lusail,QA,,Asia/Qatar,25.42,51.51,198600
aberdeen,Aberdeen,GB,,Europe/London,57.14,-2.1,198590
taranto,Taranto,IT,,Europe/Rome,40.46,17.25,198585
capiata,Capiatá,PY,,America/Asuncion,-25.36,-57.45,198553
gorontalo,Gorontalo,ID,,Asia/Makassar,0.54,123.06,198539
zango,Zango,AO,,Africa/Luanda,-9.01,13.38,198538
duyun,Duyun,CN,,Asia/Shanghai,26.27,107.52,198516
naivasha,Naivasha,KE,,Africa/Nairobi,-0.71,36.43,198444
kaiyuan,Kaiyuan,CN,29,Asia/Shanghai,23.7,103.3,198423
rzeszow,Rzeszów,PL,,Europe/Warsaw,50.04,22,198317
rostock,Rostock,DE,,Europe/Berlin,54.09,12.14,198293
parma,Parma,IT,,Europe/Rome,44.8,10.33,198292
sibu,Sibu,MY,,Asia/Kuching,2.3,111.82,198239
arnavutkoey,Arnavutköy,TR,,Europe/Istanbul,41.18,28.74,198165
itami,Itami,JP,,Asia/Tokyo,34.78,135.4,198138
mentougou,Mentougou,CN,,Asia/Shanghai,39.94,116.09,197772
bhind,Bhind,IN,,Asia/Kolkata,26.57,78.79,197585
akron,Akron,US,,America/New_York,41.08,-81.52,197542
talca,Talca,CL,,America/Santiago,-35.42,-71.65,197479
kassel,Kassel,DE,,Europe/Berlin,51.32,9.5,197230
ciudadmadero,Ciudad Madero,MX,,America/Monterrey,22.25,-97.84,197216
gemena,Gemena,CD,,Africa/Kinshasa,3.26,19.77,197159
bhalswajahangirpur,Bhālswa Jahangirpur,IN,,Asia/Kolkata,28.74,77.17,197148
lushui,Lushui,CN,,Asia/Shanghai,25.82,98.86,197000
birjand,Bīrjand,IR,,Asia/Tehran,32.87,59.22,196982
torun,Toruń,PL,,Europe/Warsaw,53.01,18.6,196935
almeria,Almería,ES,,Europe/Madrid,36.84,-2.46,196851
jijiang,Jijiang,CN,,Asia/Shanghai,29.29,106.25,196787
huanuco,Huánuco,PE,,America/Lima,-9.93,-76.24,196627
higashihiroshima,Higashihiroshima,JP,,Asia/Tokyo,34.41,132.74,196608
izmit,İzmit,TR,,Europe/Istanbul,40.76,29.93,196571
reims,Reims,FR,,Europe/Paris,49.27,4.03,196565
hanfeng,Hanfeng,CN,,Asia/Shanghai,31.17,108.4,196528
vancouver_us,Vancouver,US,,America/Los_Angeles,45.64,-122.66,196442
birmingham_us,Birmingham,US,,America/Chicago,33.52,-86.8,196357
laayoune,Laayoune,EH,,Africa/El_Aaiun,27.14,-13.19,196331
khammam,Khammam,IN,,Asia/Kolkata,17.25,80.14,196283
holon,H̱olon,IL,,Asia/Jerusalem,32.01,34.78,196282
middelburg,Middelburg,ZA,,Africa/Johannesburg,-25.78,29.46,196263
icheonsi,Icheon-si,KR,,Asia/Seoul,37.28,127.44,196230
phrapradaeng,Phra Pradaeng,TH,,Asia/Bangkok,13.66,100.53,196129
moundou,Moundou,TD,,Africa/Ndjamena,8.57,16.08,196124
sambhal,Sambhal,IN,,Asia/Kolkata,28.58,78.57,196109
lhokseumawe,Lhokseumawe,ID,,Asia/Jakarta,5.18,97.15,196067
bhiwani,Bhiwāni,IN,,Asia/Kolkata,28.79,76.14,196057
engels,Engels,RU,,Europe/Saratov,51.48,46.11,196011
ciudadlazarocardenas,Ciudad Lázaro Cárdenas,MX,,America/Mexico_City,17.96,-102.2,196003
mocuba,Mocuba,MZ,,Africa/Maputo,-16.84,36.99,196001
hetauda,Hetauda,NP,,Asia/Kathmandu,27.43,85.03,195951
durres,Durrës,AL,,Europe/Tirane,41.32,19.45,195920
suzuka,Suzuka,JP,,Asia/Tokyo,34.88,136.58,195670
hub,Hub,PK,,Asia/Karachi,25.03,66.89,195661
laplata,La Plata,AR,,America/Argentina/Buenos_Aires,-34.92,-57.95,195443
janakpur,Janakpur,NP,,Asia/Kathmandu,26.73,85.93,195438
kamirenjaku,Kamirenjaku,JP,,Asia/Tokyo,35.69,139.55,195391
panvel,Panvel,IN,,Asia/Kolkata,18.99,73.11,195373
peicheng,Peicheng,CN,,Asia/Shanghai,34.74,116.92,195363
maharagama,Maharagama,LK,,Asia/Colombo,6.85,79.93,195355
montgomery,Montgomery,US,,America/Chicago,32.37,-86.3,195287
liege,Liège,BE,,Europe/Brussels,50.63,5.57,195278
kumagaya,Kumagaya,JP,,Asia/Tokyo,36.13,139.39,195277
gurisi,Guri-si,KR,,Asia/Seoul,37.6,127.14,195236
ambala,Ambāla,IN,,Asia/Kolkata,30.36,76.8,195153
grandrapids,Grand Rapids,US,,America/Detroit,42.96,-85.67,195097
prato,Prato,IT,,Europe/Rome,43.88,11.1,195089
kumarapalayam,Kumarapalayam,IN,,Asia/Kolkata,11.44,77.71,195071
butwal,Butwāl,NP,,Asia/Kathmandu,27.7,83.45,195054
langsa,Langsa,ID,,Asia/Jakarta,4.47,97.97,194730
kayes,Kayes,ML,,Africa/Bamako,14.45,-11.44,194716
kafrashshaykh,Kafr ash Shaykh,EG,,Africa/Cairo,31.11,30.94,194569
cigli,Çiğli,TR,,Europe/Istanbul,38.5,27.07,194525
tebessa,Tébessa,DZ,,Africa/Algiers,35.4,8.12,194461
kualakububaharu,Kuala Kubu Baharu,MY,,Asia/Kuala_Lumpur,3.56,101.66,194387
karuri,Karuri,KE,22,Africa/Nairobi,-1.18,36.76,194342
karuri_ke_38,Karuri,KE,38,Africa/Nairobi,-0.7,37.18,194342
maneah,Manéah,GN,,Africa/Conakry,9.73,-13.42,194297
severodvinsk,Severodvinsk,RU,,Europe/Moscow,64.56,39.83,194292
kowlooncitycentre,Kowloon City Centre,HK,,Asia/Hong_Kong,22.33,114.19,194290
matuga,Matuga,KE,,Africa/Nairobi,-4.17,39.57,194252
duezce,Düzce,TR,,Europe/Istanbul,40.84,31.16,194097
nnewi,Nnewi,NG,,Africa/Lagos,6.02,6.92,193987
yamaguchi,Yamaguchi,JP,,Asia/Tokyo,34.18,131.47,193966
alcaladehenares,Alcalá de Henares,ES,,Europe/Madrid,40.48,-3.36,193751
basaksehir,Başakşehir,TR,,Europe/Istanbul,41.11,28.79,193750
ezhou_cn_12,Ezhou,CN,12,Asia/Shanghai,30.4,114.83,193652
zhengding,Zhengding,CN,,Asia/Shanghai,38.15,114.57,193524
bukan,Būkān,IR,,Asia/Tehran,36.52,46.21,193501
taguatinga,Taguatinga,BR,,America/Sao_Paulo,-15.83,-48.06,193367
braga,Braga,PT,,Europe/Lisbon,41.55,-8.42,193324
garhikhairo,Garhi Khairo,PK,,Asia/Karachi,28.06,67.98,193297
luanshya,Luanshya,ZM,,Africa/Lusaka,-13.14,28.42,193293
bangkhae,Bang Khae,TH,,Asia/Bangkok,13.69,100.41,193002
bagocity,Bago City,PH,,Asia/Manila,10.53,122.83,192993
yongchuan,Yongchuan,CN,,Asia/Shanghai,29.35,105.89,192954
uji,Uji,JP,,Asia/Tokyo,34.89,135.8,192925
machilipatnam,Machilīpatnam,IN,,Asia/Kolkata,16.19,81.14,192827
hepu,Hepu,CN,,Asia/Shanghai,21.66,109.2,192813
aihui,Aihui,CN,,Asia/Shanghai,49.98,127.48,192764
hyesan,Hyesan,KP,,Asia/Pyongyang,41.4,128.18,192680
bayamo,Bayamo,CU,,America/Havana,20.37,-76.64,192632
kielce,Kielce,PL,,Europe/Warsaw,50.87,20.63,192468
parnaogaon,Pār Naogaon,BD,,Asia/Dhaka,24.8,88.95,192464
fuding,Fuding,CN,,Asia/Shanghai,27.33,120.21,192352
nossasenhoradosocorro,Nossa Senhora do Socorro,BR,,America/Maceio,-10.85,-37.13,192330
castanhal,Castanhal,BR,,America/Belem,-1.29,-47.93,192256
cidadetiradentes,Cidade Tiradentes,BR,,America/Sao_Paulo,-23.58,-46.4,192177
zabrze,Zabrze,PL,,Europe/Warsaw,50.32,18.79,192177
hamilton_nz,Hamilton,NZ,,Pacific/Auckland,-37.78,175.28,192100
bojnurd,Bojnūrd,IR,,Asia/Tehran,37.47,57.33,192041
surulere,Surulere,NG,,Africa/Lagos,6.5,3.36,191920
humen,Humen,CN,,Asia/Shanghai,22.82,113.67,191891
benfica,Benfica,AO,,Africa/Luanda,-8.94,13.16,191828
hatyai,Hat Yai,TH,,Asia/Bangkok,7.01,100.48,191696
haicheng,Haicheng,CN,,Asia/Shanghai,40.85,122.75,191651
curug,Curug,ID,,Asia/Jakarta,-6.27,106.56,191406
barrancabermeja,Barrancabermeja,CO,,America/Bogota,7.07,-73.85,191403
zlatoust,Zlatoust,RU,,Asia/Yekaterinburg,55.17,59.65,191366
mukono,Mukono,UG,,Africa/Kampala,0.35,32.76,191300
angren,Angren,UZ,,Asia/Tashkent,41.02,70.14,191300
ciudaddelcarmen,Ciudad del Carmen,MX,,America/Merida,18.65,-91.83,191238
novafriburgo,Nova Friburgo,BR,,America/Sao_Paulo,-22.28,-42.53,191158
khairpurmirs,Khairpur Mir’s,PK,,Asia/Karachi,27.53,68.76,191044
businessbay,Business Bay,AE,,Asia/Dubai,25.19,55.27,191000
khujand,Khujand,TJ,,Asia/Dushanbe,40.28,69.62,191000
peoria,Peoria,US,AZ,America/Phoenix,33.58,-112.24,190985
ashaiman,Ashaiman,GH,,Africa/Accra,5.7,-0.03,190972
providence,Providence,US,,America/New_York,41.82,-71.41,190934
palopo,Palopo,ID,,Asia/Makassar,-2.99,120.2,190867
mahesana,Mahesāna,IN,,Asia/Kolkata,23.6,72.38,190753
knoxville,Knoxville,US,,America/New_York,35.96,-83.92,190740
rangel,Rangel,AO,,Africa/Luanda,-8.83,13.26,190569
fuenlabrada,Fuenlabrada,ES,,Europe/Madrid,40.28,-3.79,190496
hino,Hino,JP,,Asia/Tokyo,35.67,139.4,190435
jhelum,Jhelum,PK,,Asia/Karachi,32.93,73.73,190425
mahbubnagar,Mahbūbnagar,IN,,Asia/Kolkata,16.74,77.99,190400
cork,Cork,IE,,Europe/Dublin,51.9,-8.47,190384
beipiao,Beipiao,CN,,Asia/Shanghai,41.79,120.78,190315
pakkret,Pak Kret,TH,,Asia/Bangkok,13.91,100.5,190272
campha,Cẩm Phả,VN,,Asia/Bangkok,21.01,107.27,190232
alfallujah,Al Fallūjah,IQ,,Asia/Baghdad,33.35,43.79,190159
jinshanlu,Jinshanlu,CN,,Asia/Urumqi,47.85,88.13,190064
iseekiti,Ise-Ekiti,NG,,Africa/Lagos,7.46,5.42,190063
bontang,Bontang,ID,,Asia/Makassar,0.13,117.49,189968
saddiqabad,Saddiqabad,PK,,Asia/Karachi,28.31,70.13,189876
kofu,Kofu,JP,,Asia/Tokyo,35.67,138.57,189591
numazu,Numazu,JP,,Asia/Tokyo,35.1,138.87,189486
joetsu,Jōetsu,JP,,Asia/Tokyo,37.15,138.24,189430
planaltina,Planaltina,BR,07,America/Sao_Paulo,-15.62,-47.65,189412
sunrisemanor,Sunrise Manor,US,,America/Los_Angeles,36.21,-115.07,189372
sambalpur,Sambalpur,IN,,Asia/Kolkata,21.47,83.98,189366
syzran,Syzran,RU,,Europe/Samara,53.16,48.47,189338
danshui,Danshui,TW,,Asia/Taipei,25.17,121.44,189271
bytom,Bytom,PL,,Europe/Warsaw,50.35,18.93,189186
mweneditu,Mwene-Ditu,CD,,Africa/Lubumbashi,-7.01,23.45,189177
panalanoy,Panalanoy,PH,,Asia/Manila,11.25,125.01,189090
santarem,Santarém,BR,,America/Santarem,-2.44,-54.71,189047
guixi,Guixi,CN,,Asia/Shanghai,30.33,107.35,188980
odawara,Odawara,JP,,Asia/Tokyo,35.26,139.16,188856
camacari,Camaçari,BR,,America/Bahia,-12.7,-38.32,188758
labuanbajo,Labuan Bajo,ID,,Asia/Makassar,-8.5,119.89,188724
anjo,Anjō,JP,,Asia/Tokyo,34.96,137.08,188693
boyeros,Boyeros,CU,,America/Havana,23.01,-82.4,188593
george,George,ZA,,Africa/Johannesburg,-33.96,22.46,188580
tottorishi,Tottori-shi,JP,,Asia/Tokyo,35.5,134.23,188465
leganes,Leganés,ES,,Europe/Madrid,40.33,-3.76,188425
acarigua,Acarigua,VE,,America/Caracas,9.55,-69.2,188278
hosaina,Hosa’ina,ET,,Africa/Addis_Ababa,7.55,37.85,188200
saimai,Sai Mai,TH,,Asia/Bangkok,13.92,100.65,188123
yawnghwe,Yawnghwe,MM,,Asia/Yangon,20.66,96.93,188083
mabalacatcity,Mabalacat City,PH,,Asia/Manila,15.22,120.57,188050
riohacha,Riohacha,CO,,America/Bogota,11.54,-72.91,188014
santabarbaradoeste,Santa Bárbara d'Oeste,BR,,America/Sao_Paulo,-22.75,-47.41,188000
laizhou,Laizhou,CN,,Asia/Shanghai,37.18,119.94,188000
riogrande,Rio Grande,BR,,America/Sao_Paulo,-32.03,-52.1,187838
grandprairie,Grand Prairie,US,,America/Chicago,32.75,-97,187809
sorsogon,Sorsogon,PH,,Asia/Manila,12.97,123.99,187670
aitmelloul,Ait Melloul,MA,,Africa/Casablanca,30.34,-9.5,187652
sutton,Sutton,GB,,Europe/London,51.35,-0.2,187600
shreveport,Shreveport,US,,America/Chicago,32.53,-93.75,187593
choachukangnewtown,Choa Chu Kang New Town,SG,,Asia/Singapore,1.38,103.75,187550
getafe,Getafe,ES,,Europe/Madrid,40.31,-3.73,187525
quannam,Quận Năm,VN,,Asia/Ho_Chi_Minh,10.76,106.67,187510
bhusawal,Bhusawal,IN,,Asia/Kolkata,21.04,75.79,187421
miraflores,Miraflores,PE,,America/Lima,-12.11,-77.03,187401
alvorada,Alvorada,BR,,America/Sao_Paulo,-30,-51.08,187315
chilpancingo,Chilpancingo,MX,,America/Mexico_City,17.55,-99.5,187251
cachoeirodeitapemirim,Cachoeiro de Itapemirim,BR,,America/Sao_Paulo,-20.85,-41.11,187019
donaustadt,Donaustadt,AT,,Europe/Vienna,48.23,16.46,187007
pinardelrio,Pinar del Río,CU,,America/Havana,22.42,-83.7,186990
huixing,Huixing,CN,,Asia/Shanghai,29.68,106.61,186972
kirikkale,Kırıkkale,TR,,Europe/Istanbul,39.85,33.51,186960
batumi,Batumi,GE,,Asia/Tbilisi,41.64,41.63,186949
burlington,Burlington,CA,,America/Toronto,43.39,-79.84,186948
pabna,Pābna,BD,,Asia/Dhaka,24.01,89.24,186781
brownsville,Brownsville,US,,America/Chicago,25.9,-97.5,186738
changyuan,Changyuan,CN,,Asia/Shanghai,29.4,105.59,186653
cienfuegos,Cienfuegos,CU,,America/Havana,22.15,-80.45,186644
beersheba,Beersheba,IL,,Asia/Jerusalem,31.25,34.79,186600
eloued,El Oued,DZ,,Africa/Algiers,33.36,6.86,186525
overlandpark,Overland Park,US,,America/Chicago,38.98,-94.67,186515
raebareli,Raebareli,IN,,Asia/Kolkata,26.23,81.23,186433
shangrila,Shangri-La,CN,,Asia/Shanghai,27.83,99.71,186400
springs,Springs,ZA,,Africa/Johannesburg,-26.25,28.4,186394
newportnews,Newport News,US,,America/New_York,36.98,-76.43,186247
yangcheng,Yangcheng,CN,,Asia/Shanghai,30,106.26,186242
mopti,Mopti,ML,,Africa/Bamako,14.48,-4.18,186187
khuraybatassuq,Khuraybat as Sūq,JO,,Asia/Amman,31.88,35.92,186158
zawiya,Zawiya,LY,,Africa/Tripoli,32.75,12.73,186123
zamoradehidalgo,Zamora de Hidalgo,MX,,America/Mexico_City,19.98,-102.29,186102
haridwar,Haridwar,IN,,Asia/Kolkata,29.95,78.16,186079
addamazin,Ad-Damazin,SD,,Africa/Khartoum,11.79,34.36,186051
dunhuang,Dunhuang,CN,,Asia/Shanghai,40.17,94.68,186027
jingan_cn_30,Jing’an,CN,30,Asia/Shanghai,22.21,113.29,186000
lehavre,Le Havre,FR,,Europe/Paris,49.49,0.11,185972
verhunskyi,Verhunskyi,UA,,Europe/Kyiv,48.59,39.37,185593
phusro,Phusro,IN,,Asia/Kolkata,23.76,86.01,185555
sansebastian,Donostia / San Sebastián,ES,,Europe/Madrid,43.31,-1.97,185357
pozaricadehidalgo,Poza Rica de Hidalgo,MX,,America/Mexico_City,20.53,-97.46,185242
bilbeis,Bilbeis,EG,,Africa/Cairo,30.42,31.56,185237
roxascity,Roxas City,PH,,Asia/Manila,11.59,122.75,185236
paris20menilmontant,Paris 20 Ménilmontant,FR,,Europe/Paris,48.86,2.4,185140
kuetahya,Kütahya,TR,,Europe/Istanbul,39.42,29.98,185008
potsdam,Potsdam,DE,,Europe/Berlin,52.4,13.07,184754
modena,Modena,IT,,Europe/Rome,44.65,10.93,184732
bolu,Bolu,TR,,Europe/Istanbul,40.74,31.61,184682
toyokawa,Toyokawa,JP,,Asia/Tokyo,34.82,137.4,184661
adoni,Adoni,IN,,Asia/Kolkata,15.63,77.27,184625
izumi,Izumi,JP,,Asia/Tokyo,34.48,135.43,184615
santaanitalosficus,Santa Anita - Los Ficus,PE,,America/Lima,-12.05,-76.97,184614
zaoyang,Zaoyang,CN,,Asia/Shanghai,32.13,112.75,184509
paltan,Paltan,BD,,Asia/Dhaka,23.74,90.41,184492
ivorypark,Ivory Park,ZA,,Africa/Johannesburg,-26,28.2,184383
alqamishli,Al Qāmishlī,SY,,Asia/Damascus,37.05,41.23,184231
padalarang,Padalarang,ID,,Asia/Jakarta,-6.84,107.47,184182
abakan,Abakan,RU,,Asia/Krasnoyarsk,53.72,91.43,184168
pemalang,Pemalang,ID,,Asia/Jakarta,-6.89,109.38,184149
breda,Breda,NL,,Europe/Amsterdam,51.59,4.78,184126
vinhchau,Vĩnh Châu,VN,,Asia/Ho_Chi_Minh,9.32,105.98,183918
burewala,Burewala,PK,,Asia/Karachi,30.17,72.65,183915
baishan,Baishan,CN,,Asia/Shanghai,41.94,126.42,183880
sujangarh,Sūjāngarh,IN,,Asia/Kolkata,27.7,74.47,183808
tachikawa,Tachikawa,JP,,Asia/Tokyo,35.71,139.42,183581
cergypontoise,Cergy-Pontoise,FR,,Europe/Paris,49.04,2.08,183430
unaizah,Unaizah,SA,,Asia/Riyadh,26.1,44,183319
mobile,Mobile,US,,America/Chicago,30.69,-88.04,183289
sthelens,St Helens,GB,,Europe/London,53.45,-2.73,183200
tanjungbalai,Tanjungbalai,ID,,Asia/Jakarta,2.97,99.8,183170
fortlauderdale,Fort Lauderdale,US,,America/New_York,26.12,-80.14,183146
lembang,Lembang,ID,,Asia/Jakarta,-6.81,107.62,183130
paris18buttesmontmartre,Paris 18 Buttes-Montmartre,FR,,Europe/Paris,48.89,2.34,183127
santsmontjuic,Sants-Montjuïc,ES,,Europe/Madrid,41.37,2.15,183120
oradea,Oradea,RO,,Europe/Bucharest,47.05,21.92,183105
saarbruecken,Saarbrücken,DE,,Europe/Berlin,49.23,7.01,182971
bunda,Bunda,TZ,,Africa/Dar_es_Salaam,-2.02,33.87,182970
skikda,Skikda,DZ,,Africa/Algiers,36.88,6.91,182903
mianeh,Mīāneh,IR,,Asia/Tehran,37.42,47.72,182848
tirmiz,Tirmiz,UZ,,Asia/Samarkand,37.22,67.28,182800
jaraguadosul,Jaraguá do Sul,BR,,America/Sao_Paulo,-26.49,-49.07,182660
cua,Cúa,VE,,America/Caracas,10.16,-66.88,182558
sirsa,Sirsa,IN,,Asia/Kolkata,29.53,75.03,182534
kamenskuralskiy,Kamensk-Ural’skiy,RU,,Asia/Yekaterinburg,56.41,61.93,182500
cidadedutra,Cidade Dutra,BR,,America/Sao_Paulo,-23.73,-46.7,182459
reggiocalabria,Reggio Calabria,IT,,Europe/Rome,38.11,15.66,182455
dinapurnizamat,Dinapur Nizamat,IN,,Asia/Kolkata,25.64,85.05,182429
santaclarita,Santa Clarita,US,,America/Los_Angeles,34.39,-118.54,182371
carletonville,Carletonville,ZA,,Africa/Johannesburg,-26.36,27.4,182304
dubreka,Dubréka,GN,,Africa/Conakry,9.79,-13.52,182296
banha,Banhā,EG,,Africa/Cairo,30.46,31.18,182254
bahraigh,Bahraigh,IN,,Asia/Kolkata,27.57,81.59,182218
ashshatrah,Ash Shaţrah,IQ,,Asia/Baghdad,31.41,46.17,182175
quartooggiaro,Quarto Oggiaro,IT,,Europe/Rome,45.51,9.14,182118
tsingyitown,Tsing Yi Town,HK,,Asia/Hong_Kong,22.35,114.1,182100
guarapuava,Guarapuava,BR,,America/Sao_Paulo,-25.39,-51.47,182093
monywa,Monywa,MM,,Asia/Yangon,22.11,95.14,182011
dessalines,Dessalines,HT,,America/Port-au-Prince,19.26,-72.52,181903
mwala,Mwala,KE,,Africa/Nairobi,-1.35,37.45,181896
karaikkudi,Kāraikkudi,IN,,Asia/Kolkata,10.07,78.77,181851
araure,Araure,VE,,America/Caracas,9.58,-69.24,181820
sultanpurmajra,Sultan Pur Majra,IN,,Asia/Kolkata,28.69,77.08,181554
zhenping,Zhenping,CN,,Asia/Shanghai,33.03,112.23,181528
anda,Anda,CN,,Asia/Shanghai,46.45,125.3,181271
paris13gobelins,Paris 13 Gobelins,FR,,Europe/Paris,48.83,2.36,181271
petropavlovskkamchatsky,Petropavlovsk-Kamchatsky,RU,,Asia/Kamchatka,53.06,158.63,181216
wadiassir,Wādī as Sīr,JO,,Asia/Amman,31.95,35.82,181212
fardis,Fardīs,IR,,Asia/Tehran,35.76,51,181174
chattanooga,Chattanooga,US,,America/New_York,35.05,-85.31,181099
guna,Guna,IN,,Asia/Kolkata,24.65,77.31,180935
odense,Odense,DK,,Europe/Copenhagen,55.4,10.39,180863
singosari,Singosari,ID,,Asia/Jakarta,-7.89,112.67,180740
sacaba,Sacaba,BO,,America/La_Paz,-17.4,-66.04,180726
quetzaltenango,Quetzaltenango,GT,,America/Guatemala,14.84,-91.52,180706
chandannagar,Chandannagar,IN,,Asia/Kolkata,22.86,88.37,180623
baharampur,Baharampur,IN,,Asia/Kolkata,24.1,88.25,180547
ploiesti,Ploieşti,RO,,Europe/Bucharest,44.95,26.02,180540
berazategui,Berazategui,AR,,America/Argentina/Buenos_Aires,-34.77,-58.21,180523
shahuwadi,Shahuwadi,IN,,Asia/Kolkata,16.91,73.95,180322
madanapalle,Madanapalle,IN,,Asia/Kolkata,13.55,78.5,180180
tangail,Tangail,BD,,Asia/Dhaka,24.25,89.92,180144
shulin,Shulin,TW,,Asia/Taipei,24.99,121.42,180044
edirne,Edirne,TR,,Europe/Istanbul,41.68,26.56,180002
nepean,Nepean,CA,,America/Toronto,45.34,-75.72,180000
pingwucounty,Pingwu County,CN,,Asia/Shanghai,32.41,104.53,180000
kyaukpyu,Kyaukpyu,MM,,Asia/Yangon,19.43,93.55,180000
yasenevo,Yasenevo,RU,,Europe/Moscow,55.61,37.52,180000
phucyen,Phúc Yên,VN,,Asia/Bangkok,21.24,105.7,180000
shivpuri,Shivpuri,IN,,Asia/Kolkata,25.42,77.66,179977
yangju,Yangju,KR,,Asia/Seoul,37.83,127.06,179923
borshchahivka,Borshchahivka,UA,,Europe/Kyiv,50.43,30.39,179900
pragapoludnie,Praga Południe,PL,,Europe/Warsaw,52.24,21.09,179836
pirituba,Pirituba,BR,,America/Sao_Paulo,-23.49,-46.73,179724
kasama,Kasama,ZM,,Africa/Lusaka,-10.21,31.18,179636
surendranagar,Surendranagar,IN,,Asia/Kolkata,22.73,71.65,179628
alexandra,Alexandra,ZA,,Africa/Johannesburg,-26.11,28.1,179624
obuase,Obuase,GH,,Africa/Accra,6.2,-1.67,179604
desnyanskyi,Desnyanskyi,UA,,Europe/Kyiv,51.51,31.32,179600
novozavodskyi,Novozavodskyi,UA,,Europe/Kyiv,51.49,31.26,179600
tsentralnyi,Tsentralnyi,UA,,Europe/Kyiv,47.1,37.55,179582
passofundo,Passo Fundo,BR,,America/Sao_Paulo,-28.26,-52.41,179529
legaspi,Legaspi,PH,,Asia/Manila,13.14,123.74,179481
phuquoc_vn_91,Phú Quốc,VN,91,Asia/Ho_Chi_Minh,10.29,104.01,179480
podolsk,Podolsk,RU,,Europe/Moscow,55.42,37.55,179400
purwakarta,Purwakarta,ID,,Asia/Jakarta,-6.56,107.44,179233
jizzax,Jizzax,UZ,,Asia/Samarkand,40.13,67.83,179200
ferrazdevasconcelos,Ferraz de Vasconcelos,BR,,America/Sao_Paulo,-23.54,-46.37,179198
ilaorangun,Ila Orangun,NG,,Africa/Lagos,8.02,4.9,179192
thitrangjaitu,Thị Trấn Đại Từ,VN,,Asia/Ho_Chi_Minh,21.63,105.64,179192
neyveli,Neyveli,IN,,Asia/Kolkata,11.61,79.5,179150
angradosreis,Angra dos Reis,BR,,America/Sao_Paulo,-23.01,-44.32,179120
qianjiang,Qianjiang,CN,12,Asia/Shanghai,30.42,112.89,179079
hamm,Hamm,DE,,Europe/Berlin,51.68,7.82,178967
siracha,Si Racha,TH,,Asia/Bangkok,13.17,100.93,178916
tiaret,Tiaret,DZ,,Africa/Algiers,35.37,1.32,178915
larioja,La Rioja,AR,,America/Argentina/La_Rioja,-29.41,-66.86,178872
silchar,Silchar,IN,,Asia/Kolkata,24.83,92.8,178865
amadora,Amadora,PT,,Europe/Lisbon,38.75,-9.23,178858
cuautitlan,Cuautitlán,MX,,America/Mexico_City,19.67,-99.18,178847
ipswich,Ipswich,GB,,Europe/London,52.06,1.16,178835
njeru,Njeru,UG,,Africa/Kampala,0.44,33.18,178800
toliara,Toliara,MG,,Indian/Antananarivo,-23.35,43.67,178725
paris19butteschaumont,Paris 19 Buttes-Chaumont,FR,,Europe/Paris,48.88,2.38,178691
saki,Saki,NG,,Africa/Lagos,8.67,3.39,178677
chlef,Chlef,DZ,,Africa/Algiers,36.17,1.33,178616
fontanar,Fontanar,CU,,America/Havana,23.02,-82.41,178601
seogwipo,Seogwipo,KR,,Asia/Seoul,33.25,126.56,178552
concepcion_ph,Concepcion,PH,,Asia/Manila,15.33,120.66,178549
eastflatbush,East Flatbush,US,,America/New_York,40.65,-73.93,178464
springvalley,Spring Valley,US,,America/Los_Angeles,36.11,-115.24,178395
metro,Metro,ID,,Asia/Jakarta,-5.11,105.31,178381
livingstone,Livingstone,ZM,,Africa/Lusaka,-17.84,25.85,178361
potchefstroom,Potchefstroom,ZA,,Africa/Johannesburg,-26.72,27.1,178285
santarosa_us,Santa Rosa,US,,America/Los_Angeles,38.44,-122.71,178127
ciudadcamilocienfuegos,Ciudad Camilo Cienfuegos,CU,,America/Havana,23.16,-82.33,178041
paris13earrondissement,Paris 13e Arrondissement,FR,,Europe/Paris,48.83,2.36,177833
sambizanga,Sambizanga,AO,,Africa/Luanda,-8.79,13.28,177808
proddatur,Proddatūr,IN,,Asia/Kolkata,14.75,78.55,177797
sittwe,Sittwe,MM,,Asia/Yangon,20.15,92.9,177743
dundo,Dundo,AO,,Africa/Luanda,-7.37,20.82,177604
basel,Basel,CH,,Europe/Zurich,47.56,7.57,177595
meiktila,Meiktila,MM,,Asia/Yangon,20.88,95.86,177442
gulu,Gulu,UG,,Africa/Kampala,2.77,32.3,177400
nijmegen,Nijmegen,NL,,Europe/Amsterdam,51.84,5.85,177359
tovuz,Tovuz,AZ,,Asia/Baku,40.99,45.63,177200
idku,Idkū,EG,,Africa/Cairo,31.31,30.3,177152
uppsala,Uppsala,SE,,Europe/Stockholm,59.86,17.64,177074
hugli,Hugli,IN,,Asia/Kolkata,22.91,88.4,177005
hashtsal,Hashtsāl,IN,,Asia/Kolkata,28.63,77.06,176877
bragancapaulista,Bragança Paulista,BR,,America/Sao_Paulo,-22.95,-46.54,176811
teresopolis,Teresópolis,BR,,America/Sao_Paulo,-22.42,-42.98,176692
sanluisriocolorado,San Luis Río Colorado,MX,,America/Hermosillo,32.46,-114.77,176685
santaana_sv,Santa Ana,SV,,America/El_Salvador,13.99,-89.56,176661
eugene,Eugene,US,,America/Los_Angeles,44.05,-123.09,176654
nador,Nador,MA,,Africa/Casablanca,35.17,-2.93,176600
almuharraq,Al Muharraq,BH,,Asia/Bahrain,26.26,50.61,176583
bielskobiala,Bielsko-Biala,PL,,Europe/Warsaw,49.82,19.05,176515
marsamatruh,Marsá Maţrūḩ,EG,,Africa/Cairo,31.35,27.24,176498
almerestad,Almere Stad,NL,,Europe/Amsterdam,52.37,5.21,176432
burgos,Burgos,ES,,Europe/Madrid,42.34,-3.7,176418
gijang,Gijang,KR,,Asia/Seoul,35.24,129.21,176388
lander,Lander,VE,,America/Caracas,10.18,-66.7,176346
saintetienne,Saint-Étienne,FR,,Europe/Paris,45.43,4.39,176280
amroha,Amroha,IN,,Asia/Kolkata,28.9,78.47,176253
narashino,Narashino,JP,,Asia/Tokyo,35.68,140.04,176197
bejaia,Béjaïa,DZ,,Africa/Algiers,36.76,5.08,176139
zhenzhou,Zhenzhou,CN,,Asia/Shanghai,32.28,119.17,176006
tempe,Tempe,US,,America/Phoenix,33.41,-111.91,175826
xindi,Xindi,CN,,Asia/Shanghai,29.82,113.47,175761
oceanside,Oceanside,US,,America/Los_Angeles,33.2,-117.38,175691
bellavista,Bella Vista,DO,,America/Santo_Domingo,18.46,-69.95,175683
fengcheng,Fengcheng,CN,33,Asia/Shanghai,29.83,107.06,175576
salem_us,Salem,US,,America/Los_Angeles,44.94,-123.04,175535
wigan,Wigan,GB,,Europe/London,53.54,-2.64,175405
gardengrove,Garden Grove,US,,America/Los_Angeles,33.77,-117.94,175393
karaman,Karaman,TR,,Europe/Istanbul,37.18,33.22,175390
oshawa,Oshawa,CA,,America/Toronto,43.9,-78.85,175383
siverek,Siverek,TR,,Europe/Istanbul,37.76,39.32,175341
palhoca,Palhoça,BR,,America/Sao_Paulo,-27.65,-48.67,175272
ranchocucamonga,Rancho Cucamonga,US,,America/Los_Angeles,34.11,-117.59,175236
capecoral,Cape Coral,US,,America/New_York,26.56,-81.95,175229
tanchau,Tân Châu,VN,,Asia/Ho_Chi_Minh,10.8,105.24,175211
jiutai,Jiutai,CN,,Asia/Shanghai,44.15,125.83,175115
chhindwara,Chhindwāra,IN,,Asia/Kolkata,22.06,78.94,175052
khanaqin,Khānaqīn,IQ,,Asia/Baghdad,34.35,45.39,175000
naga,Naga,PH,05,Asia/Manila,13.62,123.18,174931
tomakomai,Tomakomai,JP,,Asia/Tokyo,42.64,141.6,174806
tambaram,Tambaram,IN,,Asia/Kolkata,12.92,80.13,174787
sanmigueldeallende,San Miguel de Allende,MX,,America/Mexico_City,20.92,-100.74,174615
cianjur,Cianjur,ID,,Asia/Jakarta,-6.82,107.14,174587
pamulang,Pamulang,ID,,Asia/Jakarta,-6.34,106.74,174557
hitachi,Hitachi,JP,,Asia/Tokyo,36.6,140.65,174508
timon,Timon,BR,,America/Fortaleza,-5.09,-42.84,174465
bhetia,Bhetia,IN,,Asia/Kolkata,22.79,86.14,174355
pathankot,Pathānkot,IN,,Asia/Kolkata,32.27,75.65,174306
badlapur,Badlapur,IN,,Asia/Kolkata,19.16,73.27,174226
cikupa,Cikupa,ID,,Asia/Jakarta,-6.24,106.51,174041
puertocabello,Puerto Cabello,VE,,America/Caracas,10.47,-68.01,174000
latkrabang,Latkrabang,TH,40,Asia/Bangkok,13.73,100.75,173987
sakura,Sakura,JP,,Asia/Tokyo,35.72,140.23,173740
ube,Ube,JP,,Asia/Tokyo,33.94,131.25,173733
daule,Daule,EC,,America/Guayaquil,-1.86,-79.98,173684
bayji,Bayjī,IQ,,Asia/Baghdad,34.93,43.49,173677
cuddalore,Cuddalore,IN,,Asia/Kolkata,11.76,79.77,173636
santander,Santander,ES,,Europe/Madrid,43.47,-3.8,173635
tlemcen,Tlemcen,DZ,,Africa/Algiers,34.88,-1.31,173531
shimla,Shimla,IN,,Asia/Kolkata,31.1,77.17,173503
shahinshahr,Shāhīn Shahr,IR,,Asia/Tehran,32.86,51.55,173329
croydon,Croydon,GB,,Europe/London,51.38,-0.1,173314
myeik,Myeik,MM,,Asia/Yangon,12.44,98.6,173298
eastnewyork,East New York,US,,America/New_York,40.67,-73.88,173198
khanyunis,Khān Yūnis,PS,,Asia/Gaza,31.34,34.31,173183
dharan,Dharān,NP,,Asia/Kathmandu,26.81,87.28,173096
muelheim,Mülheim,DE,,Europe/Berlin,51.43,6.88,173050
albacete,Albacete,ES,,Europe/Madrid,38.99,-1.86,173050
bata,Bata,GQ,,Africa/Malabo,1.86,9.77,173046
kamakura,Kamakura,JP,,Asia/Tokyo,35.31,139.55,172929
chicoloapan,Chicoloapan,MX,,America/Mexico_City,19.42,-98.9,172919
gadagbetageri,Gadag-Betageri,IN,,Asia/Kolkata,15.42,75.62,172813
licheng,Licheng,CN,,Asia/Shanghai,23.3,113.82,172775
izumo,Izumo,JP,,Asia/Tokyo,35.37,132.77,172775
gadag,Gadag,IN,,Asia/Kolkata,15.43,75.63,172612
ongatarongai,Ongata Rongai,KE,,Africa/Nairobi,-1.4,36.76,172569
langata,Lang'ata,KE,,Africa/Nairobi,-1.37,36.73,172569
tunja,Tunja,CO,,America/Bogota,5.54,-73.36,172548
quillacollo,Quillacollo,BO,,America/La_Paz,-17.39,-66.28,172405
alcorcon,Alcorcón,ES,,Europe/Madrid,40.35,-3.82,172384
gisenyi,Gisenyi,RW,,Africa/Kigali,-1.7,29.26,172357
isparta,Isparta,TR,,Europe/Istanbul,37.76,30.55,172334
warrington,Warrington,GB,,Europe/London,53.39,-2.58,172330
klaipeda,Klaipėda,LT,,Europe/Vilnius,55.71,21.14,172292
walsall,Walsall,GB,,Europe/London,52.59,-1.98,172141
herne,Herne,DE,,Europe/Berlin,51.54,7.23,172108
lyublino,Lyublino,RU,,Europe/Moscow,55.68,37.76,172000
mansfield,Mansfield,GB,,Europe/London,53.13,-1.2,171958
reggionellemilia,Reggio nell'Emilia,IT,,Europe/Rome,44.7,10.63,171944
castellodelaplana,Castelló de la Plana,ES,,Europe/Madrid,39.99,-0.05,171857
kengtung,Kēng Tung,MM,,Asia/Yangon,21.63,99.93,171620
siouxfalls,Sioux Falls,US,,America/Chicago,43.54,-96.73,171544
prizren,Prizren,XK,,Europe/Belgrade,42.21,20.74,171464
dongling,Dongling,CN,,Asia/Shanghai,41.81,123.58,171454
ungaran,Ungaran,ID,,Asia/Jakarta,-7.14,110.41,171378
urayasu,Urayasu,JP,,Asia/Tokyo,35.66,139.9,171362
baranovichi,Baranovichi,BY,,Europe/Minsk,53.13,26.01,171361
longkhanh,Long Khánh,VN,,Asia/Ho_Chi_Minh,10.93,107.25,171276
dagupan,Dagupan,PH,,Asia/Manila,16.04,120.33,171271
ontario,Ontario,US,,America/Los_Angeles,34.06,-117.65,171214
watthana,Watthana,TH,,Asia/Bangkok,13.73,100.59,171150
veraval,Verāval,IN,,Asia/Kolkata,20.91,70.37,171121
navsari,Navsari,IN,,Asia/Kolkata,20.94,72.92,171109
imabari,Imabari,JP,,Asia/Tokyo,34.07,133,170986
mansa,Mansa,ZM,,Africa/Lusaka,-11.2,28.89,170965
fortcollins,Fort Collins,US,,America/Denver,40.59,-105.08,170924
baoloc,Bảo Lộc,VN,,Asia/Ho_Chi_Minh,11.55,107.81,170920
kulim,Kulim,MY,,Asia/Kuala_Lumpur,5.36,100.56,170889
oshodi,Oshodi,NG,,Africa/Lagos,6.56,3.34,170870
ramatgan,Ramat Gan,IL,,Asia/Jerusalem,32.08,34.81,170822
bahadurgarh,Bahadurgarh,IN,,Asia/Kolkata,28.69,76.94,170767
haldia,Haldia,IN,,Asia/Kolkata,22.06,88.11,170695
temirtau,Temirtau,KZ,,Asia/Almaty,50.05,72.95,170600
easthelsinki,East Helsinki,FI,,Europe/Helsinki,60.21,25.08,170557
ibirite,Ibirité,BR,,America/Sao_Paulo,-20.02,-44.06,170537
carolina,Carolina,PR,,America/Puerto_Rico,18.38,-65.96,170404
raiganj,Rāiganj,IN,,Asia/Kolkata,25.61,88.12,170252
malayer,Malāyer,IR,,Asia/Tehran,34.3,48.82,170237
springfield,Springfield,US,MO,America/Chicago,37.22,-93.3,170188
sunderland,Sunderland,GB,,Europe/London,54.9,-1.38,170134
takaoka,Takaoka,JP,,Asia/Tokyo,36.75,137.02,170077
malda,Malda,IN,,Asia/Kolkata,25,88.15,170039
guadalupe_mx_32,Guadalupe,MX,32,America/Mexico_City,22.75,-102.52,170029
aracatuba,Araçatuba,BR,,America/Sao_Paulo,-21.21,-50.43,170024
nishio,Nishio,JP,,Asia/Tokyo,34.87,137.05,169984
sanluis,San Luis,AR,,America/Argentina/San_Luis,-33.29,-66.32,169947
ouargla,Ouargla,DZ,,Africa/Algiers,31.95,5.33,169928
olsztyn,Olsztyn,PL,,Europe/Warsaw,53.78,20.49,169793
kipushi,Kipushi,CD,,Africa/Lubumbashi,-11.76,27.25,169635
yuenlongkauhui,Yuen Long Kau Hui,HK,,Asia/Hong_Kong,22.45,114.03,169600
laiyang,Laiyang,CN,,Asia/Shanghai,36.98,120.71,169594
jaunpur,Jaunpur,IN,,Asia/Kolkata,25.75,82.69,169572
khlongsamwa,Khlong Sam Wa,TH,,Asia/Bangkok,13.87,100.74,169489
harburg,Harburg,DE,,Europe/Berlin,53.46,9.98,169221
chuo,Chūō,JP,,Asia/Tokyo,35.67,139.78,169179
mufulira,Mufulira,ZM,,Africa/Lusaka,-12.55,28.24,169136
deoli,Deoli,IN,,Asia/Kolkata,28.5,77.23,169122
jaffna,Jaffna,LK,,Asia/Colombo,9.67,80.01,169102
arad,Arad,RO,,Europe/Bucharest,46.18,21.32,169065
chetumal,Chetumal,MX,,America/Cancun,18.52,-88.3,169028
bharuch,Bharūch,IN,,Asia/Kolkata,21.69,72.98,169007
gurue,Gurúè,MZ,,Africa/Maputo,-15.47,36.98,168971
sanmiguel_ar,San Miguel,AR,,America/Argentina/Buenos_Aires,-34.54,-58.71,168762
hirosaki,Hirosaki,JP,,Asia/Tokyo,40.59,140.47,168739
pilsen,Pilsen,CZ,,Europe/Prague,49.75,13.38,168733
chalco,Chalco,MX,,America/Mexico_City,19.26,-98.9,168720
toulon,Toulon,FR,,Europe/Paris,43.12,5.93,168701
vilaandrade,Vila Andrade,BR,,America/Sao_Paulo,-23.63,-46.73,168669
hoshiarpur,Hoshiārpur,IN,,Asia/Kolkata,31.54,75.91,168653
pocosdecaldas,Poços de Caldas,BR,,America/Sao_Paulo,-21.79,-46.56,168641
calabozo,Calabozo,VE,,America/Caracas,8.92,-67.43,168605
jabalya,Jabālyā,PS,,Asia/Gaza,31.53,34.48,168568
cuauhtemoc_mx_06,Cuauhtémoc,MX,06,America/Chihuahua,28.41,-106.87,168482
araraquara,Araraquara,BR,,America/Sao_Paulo,-21.79,-48.18,168468
yopal,Yopal,CO,,America/Bogota,5.34,-72.39,168433
ituzaingo,Ituzaingó,AR,,America/Argentina/Cordoba,-27.59,-56.69,168419
florencia,Florencia,CO,,America/Bogota,1.62,-75.6,168346
portoseguro,Porto Seguro,BR,,America/Bahia,-16.45,-39.06,168326
tayho,Tây Hồ,VN,,Asia/Bangkok,21.07,105.81,168300
moratuwa,Moratuwa,LK,,Asia/Colombo,6.77,79.88,168280
angers,Angers,FR,,Europe/Paris,47.47,-0.55,168279
ilford,Ilford,GB,,Europe/London,51.56,0.07,168168
riodasostras,Rio das Ostras,BR,,America/Sao_Paulo,-22.53,-41.94,168099
hortaguinardo,Horta-Guinardó,ES,,Europe/Madrid,41.42,2.17,168092
patra,Pátra,GR,,Europe/Athens,38.25,21.74,168034
rutchenkivskyi,Rutchenkivskyi,UA,,Europe/Kyiv,47.98,37.7,168029
gjongxoai,Đồng Xoài,VN,,Asia/Ho_Chi_Minh,11.53,106.88,168000
jamalpur,Jamālpur,BD,,Asia/Dhaka,24.92,89.95,167900
kushiro,Kushiro,JP,,Asia/Tokyo,42.98,144.37,167875
berezniki,Berezniki,RU,,Asia/Yekaterinburg,59.41,56.82,167748
awka,Awka,NG,,Africa/Lagos,6.21,7.07,167738
volgodonsk,Volgodonsk,RU,,Europe/Moscow,47.51,42.15,167731
hollywood,Hollywood,US,CA,America/Los_Angeles,34.1,-118.33,167664
oyama,Oyama,JP,,Asia/Tokyo,36.3,139.8,167647
ijeroekiti,Ijero-Ekiti,NG,,Africa/Lagos,7.82,5.07,167632
jind,Jīnd,IN,,Asia/Kolkata,29.32,76.32,167592
miass,Miass,RU,,Asia/Yekaterinburg,55.05,60.11,167500
fortechnyi,Fortechnyi,UA,,Europe/Kyiv,48.5,32.25,167451
tuguegarao,Tuguegarao,PH,,Asia/Manila,17.62,121.72,167297
carupano,Carúpano,VE,,America/Caracas,10.67,-63.25,167187
kumbakonam,Kumbakonam,IN,,Asia/Kolkata,10.96,79.39,167155
plumbon,Plumbon,ID,,Asia/Jakarta,-6.7,108.47,167105
darmstadt,Darmstadt,DE,,Europe/Berlin,49.87,8.65,167029
mary,Mary,TM,,Asia/Ashgabat,37.59,61.83,167027
novocherkassk,Novocherkassk,RU,,Europe/Moscow,47.42,40.09,166974
elkgrove,Elk Grove,US,,America/Los_Angeles,38.41,-121.37,166913
mohali,Mohali,IN,,Asia/Kolkata,30.68,76.72,166864
linhares,Linhares,BR,,America/Sao_Paulo,-19.39,-40.07,166786
sampit,Sampit,ID,,Asia/Pontianak,-2.53,112.95,166773
clarksville,Clarksville,US,,America/Chicago,36.53,-87.36,166722
wanchai,Wan Chai,HK,,Asia/Hong_Kong,22.28,114.17,166695
linkoeping,Linköping,SE,,Europe/Stockholm,58.41,15.62,166673
iwata,Iwata,JP,,Asia/Tokyo,34.7,137.85,166672
pembrokepines,Pembroke Pines,US,,America/New_York,26,-80.22,166611
maicao,Maicao,CO,,America/Bogota,11.38,-72.24,166603
obihiro,Obihiro,JP,,Asia/Tokyo,42.92,143.2,166536
fatehpur,Fatehpur,IN,,Asia/Kolkata,25.93,80.81,166480
osnabrueck,Osnabrück,DE,,Europe/Berlin,52.27,8.05,166462
calama,Calama,CL,,America/Santiago,-22.46,-68.92,166334
noubarris,Nou Barris,ES,,Europe/Madrid,41.44,2.18,166310
nepalgunj,Nepalgunj,NP,,Asia/Kathmandu,28.05,81.62,166258
comitan,Comitán,MX,,America/Merida,16.24,-92.14,166178
ocumaredeltuy,Ocumare del Tuy,VE,,America/Caracas,10.12,-66.78,166072
niiza,Niiza,JP,,Asia/Tokyo,35.82,139.56,166017
greatersudbury,Greater Sudbury,CA,,America/Toronto,46.49,-80.99,166004
ulanhot,Ulanhot,CN,,Asia/Shanghai,46.08,122.08,165846
khobar,Khobar,SA,,Asia/Riyadh,26.28,50.21,165799
songcheng,Songcheng,CN,,Asia/Shanghai,26.88,120,165730
deervalley,Deer Valley,US,,America/Phoenix,33.68,-112.13,165656
saocaetanodosul,São Caetano do Sul,BR,,America/Sao_Paulo,-23.62,-46.55,165655
sawangan,Sawangan,ID,,Asia/Jakarta,-6.4,106.77,165631
bangkhunthian,Bang Khun Thian,TH,,Asia/Bangkok,13.66,100.43,165491
murfreesboro,Murfreesboro,US,,America/Chicago,35.85,-86.39,165430
pindamonhangaba,Pindamonhangaba,BR,,America/Sao_Paulo,-22.92,-45.46,165428
bushehr,Bushehr,IR,,Asia/Tehran,28.97,50.84,165377
darbouazza,Dar Bouazza,MA,,Africa/Casablanca,33.52,-7.82,165295
tonk,Tonk,IN,,Asia/Kolkata,26.17,75.79,165294
bechar,Béchar,DZ,,Africa/Algiers,31.62,-2.22,165241
tamky,Tam Kỳ,VN,,Asia/Ho_Chi_Minh,15.57,108.47,165240
goelbasi,Gölbaşı,TR,,Europe/Istanbul,39.79,32.81,165201
franciscomorato,Francisco Morato,BR,,America/Sao_Paulo,-23.28,-46.75,165139
muse,Mu-se,MM,,Asia/Yangon,24,97.9,165022
udupi,Udupi,IN,,Asia/Kolkata,13.33,74.75,165000
banjaran,Banjaran,ID,,Asia/Jakarta,-7.05,107.59,164952
thenali,Thenali,IN,,Asia/Kolkata,16.24,80.64,164937
mthatha,Mthatha,ZA,,Africa/Johannesburg,-31.59,28.78,164848
hengshan,Hengshan,CN,,Asia/Shanghai,45.21,130.9,164844
slough,Slough,GB,,Europe/London,51.51,-0.6,164793
lages,Lages,BR,,America/Sao_Paulo,-27.82,-50.33,164676
neukoelln,Neukölln,DE,,Europe/Berlin,52.48,13.43,164636
portsaintlucie,Port Saint Lucie,US,,America/New_York,27.29,-80.35,164603
sitapur,Sītāpur,IN,,Asia/Kolkata,27.56,80.68,164435
alandur,Alandur,IN,,Asia/Kolkata,13,80.21,164430
zenica,Zenica,BA,,Europe/Sarajevo,44.2,17.9,164423
lajeado,Lajeado,BR,,America/Sao_Paulo,-23.53,-46.41,164391
solingen,Solingen,DE,,Europe/Berlin,51.17,7.08,164359
muridke,Muridke,PK,,Asia/Karachi,31.8,74.26,164246
dongha,Ðông Hà,VN,,Asia/Bangkok,16.82,107.1,164228
corona,Corona,US,CA,America/Los_Angeles,33.88,-117.57,164226
hawalli,Ḩawallī,KW,,Asia/Kuwait,29.33,48.03,164212
musoma,Musoma,TZ,,Africa/Dar_es_Salaam,-1.5,33.8,164172
inisa,Inisa,NG,,Africa/Lagos,7.85,4.33,164161
nazran,Nazran,RU,,Europe/Moscow,43.23,44.77,164131
barramansa,Barra Mansa,BR,,America/Sao_Paulo,-22.54,-44.17,164052
ilagan,Ilagan,PH,,Asia/Manila,17.15,121.89,164020
portgentil,Port-Gentil,GA,,Africa/Libreville,-0.72,8.78,164018
bhadravati,Bhadrāvati,IN,,Asia/Kolkata,13.85,75.71,163903
hadano,Hadano,JP,,Asia/Tokyo,35.37,139.22,163787
piraeus,Piraeus,GR,,Europe/Athens,37.94,23.65,163688
vapi,Vapi,IN,,Asia/Kolkata,20.37,72.9,163630
bournemouth,Bournemouth,GB,,Europe/London,50.72,-1.88,163600
pedreira,Pedreira,BR,,America/Sao_Paulo,-23.71,-46.65,163586
sidon,Sidon,LB,,Asia/Beirut,33.56,35.37,163554
ibri,‘Ibrī,OM,,Asia/Muscat,23.23,56.52,163473
jomvu,Jomvu,KE,,Africa/Nairobi,-3.99,39.61,163415
garissa,Garissa,KE,,Africa/Nairobi,-0.45,39.65,163399
moga,Moga,IN,,Asia/Kolkata,30.81,75.17,163397
peterborough,Peterborough,GB,,Europe/London,52.57,-0.25,163379
piedecuesta,Piedecuesta,CO,,America/Bogota,6.99,-73.05,163362
tongzhou,Tongzhou,CN,,Asia/Shanghai,39.9,116.66,163326
ludwigshafenamrhein,Ludwigshafen am Rhein,DE,,Europe/Berlin,49.48,8.45,163196
latkrabang_th_40,Lat Krabang,TH,40,Asia/Bangkok,13.72,100.78,163175
salalah,Şalālah,OM,,Asia/Muscat,17.02,54.09,163140
bueyuekcekmece,Büyükçekmece,TR,,Europe/Istanbul,41.02,28.59,163140
rajnandgaon,Rāj-Nāndgaon,IN,,Asia/Kolkata,21.1,81.03,163114
aydin,Aydın,TR,,Europe/Istanbul,37.85,27.84,163022
envigado,Envigado,CO,,America/Bogota,6.18,-75.59,163007
aljunaynah,Al-Junaynah,SD,,Africa/Khartoum,13.45,22.45,162981
anbu,Anbu,CN,,Asia/Shanghai,23.45,116.68,162964
mckinney,McKinney,US,,America/Chicago,33.2,-96.62,162898
mostaganem,Mostaganem,DZ,,Africa/Algiers,35.93,0.09,162885
chirchiq,Chirchiq,UZ,,Asia/Tashkent,41.47,69.58,162800
bandaremahshahr,Bandar-e Māhshahr,IR,,Asia/Tehran,30.56,49.19,162797
floridsdorf,Floridsdorf,AT,,Europe/Vienna,48.25,16.4,162779
leverkusen,Leverkusen,DE,,Europe/Berlin,51.03,6.98,162738
pandi,Pandi,PH,,Asia/Manila,14.87,120.96,162725
capas,Capas,PH,,Asia/Manila,15.33,120.59,162724
ninger,Ning’er,CN,,Asia/Shanghai,23.04,101.04,162711
haarlem,Haarlem,NL,,Europe/Amsterdam,52.38,4.64,162543
mahabad,Mahābād,IR,,Asia/Tehran,36.76,45.72,162434
arnhem,Arnhem,NL,,Europe/Amsterdam,51.98,5.91,162424
nkongsamba,Nkongsamba,CM,,Africa/Douala,4.95,9.94,162309
elvigia,El Vigía,VE,,America/Caracas,8.61,-71.66,162289
robertsonpet,Robertsonpet,IN,,Asia/Kolkata,12.96,78.28,162230
dourados,Dourados,BR,,America/Campo_Grande,-22.22,-54.81,162202
kitale,Kitale,KE,,Africa/Nairobi,1.02,35.01,162174
suleja,Suleja,NG,,Africa/Lagos,9.18,7.18,162135
taza,Taza,MA,,Africa/Casablanca,34.21,-4.01,162110
oxford,Oxford,GB,,Europe/London,51.75,-1.26,162100
almatariyah,Al Maţarīyah,EG,,Africa/Cairo,31.18,32.03,162045
criciuma,Criciúma,BR,,America/Sao_Paulo,-28.68,-49.37,161954
kunduz,Kunduz,AF,,Asia/Kabul,36.73,68.86,161902
fengcheng_cn_04,Fengcheng,CN,04,Asia/Shanghai,34.7,116.59,161850
trangbang,Trảng Bàng,VN,,Asia/Ho_Chi_Minh,11.03,106.36,161831
unnao,Unnāo,IN,,Asia/Kolkata,26.55,80.49,161671
hortaleza,Hortaleza,ES,,Europe/Madrid,40.47,-3.64,161661
ndalatando,N'dalatando,AO,,Africa/Luanda,-9.3,14.91,161584
budaun,Budaun,IN,,Asia/Kolkata,28.04,79.13,161555
ogaki,Ōgaki,JP,,Asia/Tokyo,35.35,136.62,161539
newport,Newport,GB,,Europe/London,51.59,-3,161506
bima,Bima,ID,,Asia/Makassar,-8.46,118.73,161362
coquimbo,Coquimbo,CL,,America/Santiago,-29.95,-71.34,161317
baubau,Baubau,ID,,Asia/Makassar,-5.46,122.6,161280
gjuctrong,Đưc Trọng,VN,,Asia/Ho_Chi_Minh,11.74,108.37,161232
kwadukuza,KwaDukuza,ZA,,Africa/Johannesburg,-29.33,31.29,161177
miyakonojo,Miyakonojō,JP,,Asia/Tokyo,31.73,131.07,161137
madhyamgram,Madhyamgram,IN,,Asia/Kolkata,22.69,88.45,161126
lancaster,Lancaster,US,,America/Los_Angeles,34.7,-118.14,161103
rubtsovsk,Rubtsovsk,RU,,Asia/Barnaul,51.51,81.21,161065
tacheng,Tacheng,CN,,Asia/Urumqi,46.75,82.96,161037
kindia,Kindia,GN,,Africa/Conakry,10.06,-12.87,161024
tauranga,Tauranga,NZ,,Pacific/Auckland,-37.69,176.17,161000
kalemie,Kalemie,CD,,Africa/Lubumbashi,-5.95,29.19,160961
chatuchak,Chatuchak,TH,,Asia/Bangkok,13.83,100.56,160906
sanjuandelosmorros,San Juan de los Morros,VE,,America/Caracas,9.91,-67.35,160868
sayama,Sayama,JP,,Asia/Tokyo,35.85,139.41,160843
sullana,Sullana,PE,,America/Lima,-4.9,-80.69,160789
shertogenbosch,'s-Hertogenbosch,NL,,Europe/Amsterdam,51.7,5.3,160783
szeged,Szeged,HU,,Europe/Budapest,46.25,20.15,160766
malakal,Malakal,SS,,Africa/Juba,9.53,31.66,160765
chittoor,Chittoor,IN,,Asia/Kolkata,13.21,79.1,160722
salamanca,Salamanca,MX,,America/Mexico_City,20.57,-101.2,160682
bankhlongprawet,Ban Khlong Prawet,TH,,Asia/Bangkok,13.72,100.68,160671
lagi,La Gi,VN,,Asia/Ho_Chi_Minh,10.66,107.77,160652
anderlecht,Anderlecht,BE,,Europe/Brussels,50.84,4.31,160553
mytishchi,Mytishchi,RU,,Europe/Moscow,55.91,37.73,160542
delegacioncuajimalpademorelos,Delegación Cuajimalpa de Morelos,MX,,America/Mexico_City,19.37,-99.29,160491
hebron,Hebron,PS,,Asia/Hebron,31.53,35.09,160470
mejicanos,Mejicanos,SV,,America/El_Salvador,13.72,-89.19,160317
travinh,Trà Vinh,VN,,Asia/Ho_Chi_Minh,9.95,106.34,160310
parepare,Parepare,ID,,Asia/Makassar,-4.01,119.63,160309
jamuria,Jāmuria,IN,,Asia/Kolkata,23.7,87.08,160242
koudougou,Koudougou,BF,,Africa/Ouagadougou,12.25,-2.37,160239
chapeco,Chapecó,BR,,America/Sao_Paulo,-27.1,-52.62,160157
nyzhnodniprovsk,Nyzhnodniprovsk,UA,,Europe/Kyiv,48.48,35.12,160123
taunggyi,Taunggyi,MM,,Asia/Yangon,20.79,97.04,160115
dhamar,Dhamār,YE,,Asia/Aden,14.54,44.41,160114
dubaiinvestmentspark,Dubai Investments Park,AE,,Asia/Dubai,25.01,55.16,160000
ashsharqat,Ash Sharqāt,IQ,,Asia/Baghdad,35.52,43.23,160000
dijon,Dijon,FR,,Europe/Paris,47.31,5.01,159941
salavat,Salavat,RU,,Asia/Yekaterinburg,53.38,55.91,159893
ede,Ede,NG,,Africa/Lagos,7.74,4.44,159866
manzanillo,Manzanillo,MX,,America/Mexico_City,19.12,-104.34,159853
jalapa,Jalapa,GT,,America/Guatemala,14.64,-89.99,159840
paechonup,Paech’ŏn-ŭp,KP,,Asia/Pyongyang,37.99,126.3,159825
cary,Cary,US,,America/New_York,35.79,-78.78,159769
barreiras,Barreiras,BR,,America/Bahia,-12.15,-44.99,159734
skudai,Skudai,MY,,Asia/Kuala_Lumpur,1.54,103.66,159733
tahoua,Tahoua,NE,,Africa/Niamey,14.89,5.27,159468
alexandria_us,Alexandria,US,,America/New_York,38.8,-77.05,159467
tuxtepec,Tuxtepec,MX,,America/Mexico_City,18.09,-96.13,159452
puthia,Puthia,BD,,Asia/Dhaka,24.37,88.83,159406
newton,Newton,CA,,America/Vancouver,49.13,-122.85,159390
paris16passy,Paris 16 Passy,FR,,Europe/Paris,48.86,2.28,159386
zhicheng,Zhicheng,CN,,Asia/Shanghai,30.3,111.5,159383
angmokionewtown,Ang Mo Kio New Town,SG,,Asia/Singapore,1.38,103.84,159340
limuru,Limuru,KE,,Africa/Nairobi,-1.11,36.64,159314
sanmigueldelpadron,San Miguel del Padrón,CU,,America/Havana,23.1,-82.33,159273
tarija,Tarija,BO,,America/La_Paz,-21.54,-64.73,159269
patosdeminas,Patos de Minas,BR,,America/Sao_Paulo,-18.58,-46.52,159235
oldenburg,Oldenburg,DE,,Europe/Berlin,53.14,8.21,159218
paris17batignollesmonceau,Paris 17 Batignolles-Monceau,FR,,Europe/Paris,48.88,2.32,159212
matsusaka,Matsusaka,JP,,Asia/Tokyo,34.58,136.54,159145
catamarca,Catamarca,AR,,America/Argentina/Catamarca,-28.47,-65.79,159139
tochigi,Tochigi,JP,,Asia/Tokyo,36.38,139.73,159056
khoroshevomnevniki,Khoroshëvo-Mnevniki,RU,,Europe/Moscow,55.78,37.47,159000
bibirevo,Bibirevo,RU,,Europe/Moscow,55.88,37.6,159000
bordjbouarreridj,Bordj Bou Arreridj,DZ,,Africa/Algiers,36.07,4.76,158812
dila,Dīla,ET,,Africa/Addis_Ababa,6.42,38.32,158800
jaigaon,Jaigaon,IN,,Asia/Kolkata,26.85,89.38,158664
batala,Batāla,IN,,Asia/Kolkata,31.81,75.2,158621
grenoble,Grenoble,FR,,Europe/Paris,45.18,5.71,158552
itapecericadaserra,Itapecerica da Serra,BR,,America/Sao_Paulo,-23.72,-46.85,158522
samarra,Sāmarrā’,IQ,,Asia/Baghdad,34.2,43.89,158508
tempejunction,Tempe Junction,US,,America/Phoenix,33.41,-111.94,158368
palmdale,Palmdale,US,,America/Los_Angeles,34.58,-118.12,158351
georgetown_my,George Town,MY,,Asia/Kuala_Lumpur,5.41,100.34,158336
elachir,El Achir,DZ,,Africa/Algiers,36.06,4.63,158333
hayward,Hayward,US,,America/Los_Angeles,37.67,-122.08,158289
orai,Orai,IN,,Asia/Kolkata,25.99,79.45,158265
thotnot,Thốt Nốt,VN,,Asia/Ho_Chi_Minh,10.27,105.53,158225
gweru,Gweru,ZW,,Africa/Harare,-19.45,29.82,158200
abaetetuba,Abaetetuba,BR,,America/Belem,-1.72,-48.88,158188
centrohabana,Centro Habana,CU,,America/Havana,23.14,-82.36,158151
panguila,Panguíla,AO,,Africa/Luanda,-8.69,13.45,158068
bukitbatoknewtown,Bukit Batok New Town,SG,,Asia/Singapore,1.36,103.76,158030
chomthong,Chom Thong,TH,,Asia/Bangkok,13.68,100.48,158005
golyanovo,Gol’yanovo,RU,,Europe/Moscow,55.82,37.81,158000
sunggal,Sunggal,ID,,Asia/Jakarta,3.58,98.62,157914
admiralteisky,Admiralteisky,RU,,Europe/Moscow,59.92,30.3,157897
itapetininga,Itapetininga,BR,,America/Sao_Paulo,-23.59,-48.05,157790
diourbel,Diourbel,SN,,Africa/Dakar,14.65,-16.24,157554
ueda,Ueda,JP,,Asia/Tokyo,36.4,138.28,157480
aberdeen_hk,Aberdeen,HK,,Asia/Hong_Kong,22.25,114.15,157400
avtozavodskyi,Avtozavodskyi,UA,,Europe/Kyiv,49.1,33.43,157382
salinas,Salinas,US,,America/Los_Angeles,36.68,-121.66,157380
sanblascanillejas,San Blas-Canillejas,ES,,Europe/Madrid,40.44,-3.62,157367
cuautla,Cuautla,MX,,America/Mexico_City,18.81,-98.94,157336
salzburg,Salzburg,AT,,Europe/Vienna,47.8,13.04,157245
perbaungan,Perbaungan,ID,,Asia/Jakarta,3.57,98.96,157174
nongchok,Nong Chok,TH,,Asia/Bangkok,13.86,100.86,157138
ussuriysk,Ussuriysk,RU,,Asia/Vladivostok,43.8,131.96,157068
arifwala,Arif Wala,PK,,Asia/Karachi,26.32,66.3,157063
nanpiao,Nanpiao,CN,,Asia/Shanghai,41.1,120.75,157044
livorno,Livorno,IT,,Europe/Rome,43.54,10.33,157017
riocuarto,Río Cuarto,AR,,America/Argentina/Cordoba,-33.13,-64.35,157010
harar,Harar,ET,,Africa/Addis_Ababa,9.31,42.12,157000
tiraspol,Tiraspol,MD,,Europe/Chisinau,46.84,29.63,157000
caxias,Caxias,BR,,America/Fortaleza,-4.86,-43.36,156973
enfieldtown,Enfield Town,GB,,Europe/London,51.65,-0.08,156858
westonaria,Westonaria,ZA,,Africa/Johannesburg,-26.32,27.65,156831
lizhi,Lizhi,CN,,Asia/Shanghai,29.7,107.4,156753
hitachinaka,Hitachi-Naka,JP,,Asia/Tokyo,36.4,140.53,156581
saharsa,Saharsa,IN,,Asia/Kolkata,25.87,86.6,156540
qalyub,Qalyub,EG,,Africa/Cairo,30.18,31.21,156363
escuintla,Escuintla,GT,,America/Guatemala,14.3,-90.79,156313
marbella,Marbella,ES,,Europe/Madrid,36.52,-4.89,156295
batupahat,Batu Pahat,MY,,Asia/Kuala_Lumpur,1.85,102.93,156236
sitiawan,Sitiawan,MY,,Asia/Kuala_Lumpur,4.22,100.7,156234
mariveles,Mariveles,PH,,Asia/Manila,14.43,120.49,156200
sanpablodelassalinas,San Pablo de las Salinas,MX,,America/Mexico_City,19.67,-99.09,156191
lampang,Lampang,TH,,Asia/Bangkok,18.29,99.49,156139
york,York,GB,,Europe/London,53.96,-1.08,156135
baclieu,Bạc Liêu,VN,,Asia/Ho_Chi_Minh,9.29,105.73,156110
juja,Juja,KE,,Africa/Nairobi,-1.1,37.01,156041
nekemte,Nek’emtē,ET,,Africa/Addis_Ababa,9.08,36.55,156000
fesalbali,Fès al Bali,MA,,Africa/Casablanca,34.07,-4.95,156000
oerebro,Örebro,SE,,Europe/Stockholm,59.27,15.21,155989
almiqdadiyah,Al Miqdādīyah,IQ,,Asia/Baghdad,33.98,44.94,155968
katsuta,Katsuta,JP,,Asia/Tokyo,36.38,140.53,155968
malabo,Malabo,GQ,,Africa/Malabo,3.76,8.78,155963
vidisha,Vidisha,IN,,Asia/Kolkata,23.53,77.81,155951
tuyhoa,Tuy Hòa,VN,,Asia/Ho_Chi_Minh,13.1,109.32,155921
yizhou,Yizhou,CN,,Asia/Shanghai,24.5,108.67,155872
sunnyvale,Sunnyvale,US,,America/Los_Angeles,37.37,-122.04,155805
tema,Tema,GH,,Africa/Accra,5.67,-0.02,155782
camaragibe,Camaragibe,BR,,America/Recife,-8.02,-34.98,155771
yichun_cn_08,Yichun,CN,08,Asia/Shanghai,47.72,128.88,155762
gjucpho,Đức Phổ,VN,,Asia/Ho_Chi_Minh,14.81,108.96,155743
sanmartintexmelucandelabastida,San Martin Texmelucan de Labastida,MX,,America/Mexico_City,19.28,-98.44,155738
itajai,Itajaí,BR,,America/Sao_Paulo,-26.91,-48.66,155716
arramtha,Ar Ramthā,JO,,Asia/Amman,32.56,36.01,155693
hanumangarh,Hanumāngarh,IN,,Asia/Kolkata,29.58,74.33,155687
saomateus,São Mateus,BR,27,America/Sao_Paulo,-23.61,-46.48,155682
zemun,Zemun,RS,,Europe/Belgrade,44.85,20.4,155591
telford,Telford,GB,,Europe/London,52.68,-2.45,155570
kisi,Kisi,NG,,Africa/Lagos,9.08,3.85,155510
ilheus,Ilhéus,BR,,America/Bahia,-14.8,-39.03,155499
villacanales,Villa Canales,GT,,America/Guatemala,14.48,-90.53,155423
guyong,Guyong,PH,,Asia/Manila,14.84,120.98,155391
settat,Settat,MA,,Africa/Casablanca,33,-7.62,155333
portlouis,Port Louis,MU,,Indian/Mauritius,-20.16,57.5,155226
kawanishi,Kawanishi,JP,,Asia/Tokyo,34.82,135.42,155165
thanesar,Thānesar,IN,,Asia/Kolkata,29.97,76.83,155152
alhawamidiyah,Al Ḩawāmidīyah,EG,,Africa/Cairo,29.9,31.25,155055
hassan,Hassan,IN,,Asia/Kolkata,13.01,76.1,155006
lianghu,Lianghu,CN,,Asia/Shanghai,29.99,120.9,155000
tetuandelasvictorias,Tetuán de las Victorias,ES,,Europe/Madrid,40.46,-3.7,155000
kishangarh,Kishangarh,IN,,Asia/Kolkata,26.59,74.85,154886
birendranagar,Birendranagar,NP,,Asia/Kathmandu,28.6,81.62,154886
dalupura,Dalūpura,IN,,Asia/Kolkata,28.61,77.32,154791
guangshui,Guangshui,CN,,Asia/Shanghai,31.62,114,154771
saintdenis,Saint-Denis,RE,,Indian/Reunion,-20.88,55.45,154765
braila,Brăila,RO,,Europe/Bucharest,45.27,27.97,154686
lyubertsy,Lyubertsy,RU,,Europe/Moscow,55.68,37.89,154650
bumba,Bumba,CD,,Africa/Kinshasa,2.19,22.47,154586
rudrapur,Rudrapur,IN,,Asia/Kolkata,28.98,79.4,154554
laserena,La Serena,CL,,America/Santiago,-29.91,-71.25,154521
miskolc,Miskolc,HU,,Europe/Budapest,48.1,20.78,154521
abukabir,Abū Kabīr,EG,,Africa/Cairo,30.73,31.67,154466
fuan,Fu’an,CN,,Asia/Shanghai,27.09,119.64,154439
kitengela,Kitengela,KE,,Africa/Nairobi,-1.48,36.96,154436
frisco,Frisco,US,,America/Chicago,33.15,-96.82,154407
zhaodong,Zhaodong,CN,,Asia/Shanghai,46.05,125.96,154406
wujiaqu,Wujiaqu,CN,,Asia/Urumqi,44.16,87.52,154400
shomolu,Shomolu,NG,,Africa/Lagos,6.54,3.37,154390
janzur,Janzūr,LY,,Africa/Tripoli,32.82,13.02,154389
xaixai,Xai-Xai,MZ,,Africa/Maputo,-25.05,33.64,154356
springfield_us_ma,Springfield,US,MA,America/New_York,42.1,-72.59,154341
nalgonda,Nalgonda,IN,,Asia/Kolkata,17.05,79.27,154326
katabi,Katabi,UG,,Africa/Kampala,0.08,32.47,154300
gwangyang,Gwangyang,KR,,Asia/Seoul,34.94,127.7,154266
kovrov,Kovrov,RU,,Europe/Moscow,56.36,41.32,154224
viransehir,Viranşehir,TR,,Europe/Istanbul,37.22,39.76,154163
noda,Noda,JP,,Asia/Tokyo,35.95,139.87,154114
santanadeparnaiba,Santana de Parnaíba,BR,,America/Sao_Paulo,-23.44,-46.92,154105
sancristobal_do,San Cristóbal,DO,,America/Santo_Domingo,18.42,-70.11,154040
eastchattanooga,East Chattanooga,US,,America/New_York,35.07,-85.25,154024
limassol,Limassol,CY,,Asia/Nicosia,34.68,33.04,154000
kariya,Kariya,JP,,Asia/Tokyo,34.98,136.98,153834
pasadena,Pasadena,US,TX,America/Chicago,29.69,-95.21,153784
mitghamr,Mīt Ghamr,EG,,Africa/Cairo,30.72,31.26,153754
sanshui,Sanshui,CN,,Asia/Shanghai,23.15,112.89,153714
jackson,Jackson,US,,America/Chicago,32.3,-90.18,153701
parelheiros,Parelheiros,BR,,America/Sao_Paulo,-23.83,-46.73,153695
mogiguacu,Mogi Guaçu,BR,,America/Sao_Paulo,-22.37,-46.95,153658
enschede,Enschede,NL,,Europe/Amsterdam,52.22,6.9,153655
boshan,Boshan,CN,,Asia/Shanghai,36.48,117.83,153596
hazaribagh,Hazāribāgh,IN,,Asia/Kolkata,23.99,85.36,153595
yangchun,Yangchun,CN,,Asia/Shanghai,22.17,111.78,153547
soukahras,Souk Ahras,DZ,,Africa/Algiers,36.29,7.95,153479
musanze,Musanze,RW,,Africa/Kigali,-1.5,29.63,153368
medinipur,Medinīpur,IN,,Asia/Kolkata,22.42,87.32,153349
andong,Andong,KR,,Asia/Seoul,36.57,128.72,153348
balurghat,Bālurghāt,IN,,Asia/Kolkata,25.22,88.78,153279
pomona,Pomona,US,,America/Los_Angeles,34.06,-117.75,153266
valledelapascua,Valle de La Pascua,VE,,America/Caracas,9.22,-66.01,153136
kreuzberg,Kreuzberg,DE,,Europe/Berlin,52.5,13.4,153135
chinchaalta,Chincha Alta,PE,,America/Lima,-13.41,-76.13,153076
cairns,Cairns,AU,,Australia/Brisbane,-16.92,145.77,153075
fyzabad,Fyzābād,IN,,Asia/Kolkata,26.78,82.15,153047
thitranthuanchau,Thị Trấn Thuận Châu,VN,,Asia/Ho_Chi_Minh,21.44,103.69,153000
dinapore,Dinapore,IN,,Asia/Kolkata,25.64,85.05,152940
dingzhou,Dingzhou,CN,,Asia/Shanghai,38.51,114.99,152934
kansascity_us_ks,Kansas City,US,KS,America/Chicago,39.11,-94.63,152933
assamawah,As Samawah,IQ,,Asia/Baghdad,31.33,45.29,152890
porbandar,Porbandar,IN,,Asia/Kolkata,21.64,69.61,152760
sinpo,Sinp’o,KP,,Asia/Pyongyang,40.04,128.19,152759
pengpu,Pengpu,CN,,Asia/Shanghai,31.29,121.44,152725
washingtonheights,Washington Heights,US,,America/New_York,40.85,-73.94,152613
lakewood,Lakewood,US,,America/Denver,39.7,-105.08,152597
baqubah,Baqubah,IQ,,Asia/Baghdad,33.75,44.61,152550
sumayl,Sumayl,IQ,,Asia/Baghdad,36.86,42.85,152512
simele,Simele,IQ,,Asia/Baghdad,36.86,42.85,152512
neuss,Neuss,DE,,Europe/Berlin,51.2,6.69,152457
chenghua,Chenghua,CN,,Asia/Shanghai,23.46,116.77,152453
songnimni,Songnim-ni,KP,,Asia/Pyongyang,38.76,125.64,152425
banda,Bānda,IN,,Asia/Kolkata,25.48,80.33,152218
pousoalegre,Pouso Alegre,BR,,America/Sao_Paulo,-22.23,-45.94,152217
cangiuoc,Cần Giuộc,VN,,Asia/Ho_Chi_Minh,10.61,106.67,152200
balvanera,Balvanera,AR,,America/Argentina/Buenos_Aires,-34.61,-58.4,152198
longfeng,Longfeng,CN,,Asia/Shanghai,46.53,125.1,152074
beining,Beining,CN,,Asia/Shanghai,41.6,121.79,152033
strogino,Strogino,RU,,Europe/Moscow,55.82,37.41,152000
gonbadekavus,Gonbad-e Kāvūs,IR,,Asia/Tehran,37.25,55.17,151910
etwatwa,Etwatwa,ZA,,Africa/Johannesburg,-26.13,28.45,151866
higashimurayama,Higashimurayama,JP,,Asia/Tokyo,35.75,139.47,151815
hindupur,Hindupur,IN,,Asia/Kolkata,13.83,77.49,151677
araucaria,Araucária,BR,,America/Sao_Paulo,-25.59,-49.41,151666
bintulu,Bintulu,MY,,Asia/Kuching,3.17,113.03,151617
poole,Poole,GB,,Europe/London,50.71,-1.98,151500
akhmim,Akhmīm,EG,,Africa/Cairo,26.56,31.75,151430
kohat,Kohat,PK,,Asia/Karachi,33.58,71.45,151427
regensburg,Regensburg,DE,,Europe/Berlin,49.02,12.1,151389
layyah,Layyah,PK,,Asia/Karachi,30.96,70.94,151274
girga,Girga,EG,,Africa/Cairo,26.34,31.89,151256
koforidua,Koforidua,GH,,Africa/Accra,6.09,-0.26,151255
bukitmerahestate,Bukit Merah Estate,SG,,Asia/Singapore,1.28,103.82,151250
saqqez,Saqqez,IR,,Asia/Tehran,36.25,46.27,151237
logrono,Logroño,ES,,Europe/Madrid,42.47,-2.45,151164
beawar,Beāwar,IN,,Asia/Kolkata,26.1,74.32,151152
sykhiv,Sykhiv,UA,,Europe/Kyiv,49.79,24.06,151131
garanhuns,Garanhuns,BR,,America/Recife,-8.88,-36.5,151064
escondido,Escondido,US,,America/Los_Angeles,33.12,-117.09,151038
suwaylih,Ṣuwayliḥ,JO,,Asia/Amman,32.02,35.84,151016
erzincan,Erzincan,TR,,Europe/Istanbul,39.74,39.49,150714
kirsehir,Kırşehir,TR,,Europe/Istanbul,39.15,34.16,150700
zarichnyi,Zarichnyi,UA,,Europe/Kyiv,50.9,34.81,150694
lalaguna,La Laguna,ES,,Atlantic/Canary,28.49,-16.32,150661
kokshetau,Kokshetau,KZ,,Asia/Almaty,53.28,69.39,150649
anantnag,Anantnag,IN,,Asia/Kolkata,33.73,75.15,150592
kukichuo,Kukichūō,JP,,Asia/Tokyo,36.07,139.67,150582
badajoz,Badajoz,ES,,Europe/Madrid,38.88,-6.97,150530
serilingampalle,Serilingampalle,IN,,Asia/Kolkata,17.49,78.3,150525
malatiasebastia,Malatia-Sebastia,AM,,Asia/Yerevan,40.17,44.45,150500
talcahuano,Talcahuano,CL,,America/Santiago,-36.72,-73.12,150499
chillan,Chillán,CL,,America/Santiago,-36.61,-72.1,150396
blitar,Blitar,ID,,Asia/Jakarta,-8.1,112.17,150371
kyanh,Kỳ Anh,VN,,Asia/Bangkok,18.06,106.3,150226
nongkhaem,Nong Khaem,TH,,Asia/Bangkok,13.71,100.35,150218
piedrasnegras,Piedras Negras,MX,,America/Matamoros,28.7,-100.52,150178
kiziltepe,Kızıltepe,TR,,Europe/Istanbul,37.19,40.58,150174
astoria,Astoria,US,,America/New_York,40.77,-73.93,150165
musashino,Musashino,JP,,Asia/Tokyo,35.71,139.56,150149
balashikha,Balashikha,RU,,Europe/Moscow,55.79,37.95,150103
raigarh,Raigarh,IN,,Asia/Kolkata,21.9,83.4,150019
gloucester,Gloucester,CA,,America/Toronto,45.35,-75.63,150012
vryheid,Vryheid,ZA,,Africa/Johannesburg,-27.77,30.79,150012
malkajgiri,Malkajgiri,IN,,Asia/Kolkata,17.45,78.53,150000
gimcheon,Gimcheon,KR,,Asia/Seoul,36.12,128.12,150000
bercham,Bercham,MY,,Asia/Kuala_Lumpur,4.64,101.14,150000
setiaalam,Setia Alam,MY,,Asia/Kuala_Lumpur,3.1,101.46,150000
bandartasikputeri,Bandar Tasik Puteri,MY,,Asia/Kuala_Lumpur,3.29,101.47,150000
tordher,Tordher,PK,,Asia/Karachi,33.99,72.29,150000
zhulebino,Zhulebino,RU,,Europe/Moscow,55.7,37.85,150000
dili,Dili,TL,,Asia/Dili,-8.56,125.57,150000
shantipur,Shāntipur,IN,,Asia/Kolkata,23.25,88.43,149983
playadelcarmen,Playa del Carmen,MX,,America/Cancun,20.63,-87.08,149923
santarita,Santa Rita,BR,,America/Fortaleza,-7.11,-34.98,149910
split,Split,HR,,Europe/Zagreb,43.51,16.44,149830
ursynow,Ursynów,PL,,Europe/Warsaw,52.15,21.05,149775
hollywood_us_fl,Hollywood,US,FL,America/New_York,26.01,-80.15,149728
madridcentro,Madrid Centro,ES,,Europe/Madrid,40.42,-3.7,149718
iguatemi,Iguatemi,BR,,America/Sao_Paulo,-23.61,-46.43,149700
shunan,Shūnan,JP,,Asia/Tokyo,34.08,131.83,149632
agadez,Agadez,NE,,Africa/Niamey,16.97,7.99,149549
burnley,Burnley,GB,,Europe/London,53.8,-2.23,149422
rehovot,Reẖovot,IL,,Asia/Jerusalem,31.89,34.81,149392
watampone,Watampone,ID,,Asia/Makassar,-4.54,120.33,149336
sabha,Sabha,LY,,Africa/Tripoli,27.04,14.43,149329
disuq,Disūq,EG,,Africa/Cairo,31.13,30.65,149291
cagliari,Cagliari,IT,,Europe/Rome,39.23,9.12,149257
boroughpark,Borough Park,US,,America/New_York,40.63,-74,149248
harrow,Harrow,GB,,Europe/London,51.58,-0.33,149246
berrechid,Berrechid,MA,,Africa/Casablanca,33.27,-7.59,149201
queimados,Queimados,BR,,America/Sao_Paulo,-22.72,-43.56,149093
tambacounda,Tambacounda,SN,,Africa/Dakar,13.77,-13.67,149071
huddersfield,Huddersfield,GB,,Europe/London,53.65,-1.78,149017
arabi,Ārabī,ET,,Africa/Addis_Ababa,9.96,42.49,148933
kerch,Kerch,UA,,Europe/Simferopol,45.36,36.48,148932
saguenay,Saguenay,CA,,America/Toronto,48.42,-71.07,148886
prenzlauerbergbezirk,Prenzlauer Berg,DE,,Europe/Berlin,52.54,13.42,148878
fazendariogrande,Fazenda Rio Grande,BR,,America/Sao_Paulo,-25.66,-49.31,148873
komaki,Komaki,JP,,Asia/Tokyo,35.28,136.92,148872
marvdasht,Marvdasht,IR,,Asia/Tehran,29.87,52.8,148858
melitopol,Melitopol,UA,,Europe/Kyiv,46.85,35.38,148851
dunhua,Dunhua,CN,,Asia/Shanghai,43.37,128.23,148844
bhuj,Bhuj,IN,,Asia/Kolkata,23.25,69.67,148834
arganzuela,Arganzuela,ES,,Europe/Madrid,40.4,-3.7,148797
jyvaeskylae,Jyväskylä,FI,,Europe/Helsinki,62.24,25.72,148744
yonago,Yonago,JP,,Asia/Tokyo,35.43,133.33,148720
ruqi,Ruqi,SO,,Africa/Mogadishu,9.97,43.43,148702
rimini,Rimini,IT,,Europe/Rome,44.06,12.57,148688
stavanger,Stavanger,NO,,Europe/Oslo,58.97,5.73,148682
coquitlam,Coquitlam,CA,,America/Vancouver,49.28,-122.78,148625
arar,Arar,SA,,Asia/Riyadh,30.98,41.04,148540
valencia_us,Valencia,US,,America/Los_Angeles,34.44,-118.61,148456
tama,Tama,JP,,Asia/Tokyo,35.64,139.47,148285
rockford,Rockford,US,,America/Chicago,42.27,-89.09,148278
kalabankoro,Kalaban Koro,ML,,Africa/Bamako,12.57,-8.03,148247
ellimon,El Limón,VE,,America/Caracas,10.31,-67.63,148247
nimes,Nîmes,FR,,Europe/Paris,43.84,4.36,148236
dundee,Dundee,GB,,Europe/London,56.47,-2.97,148210
barakpur,Bārākpur,IN,,Asia/Kolkata,22.77,88.36,148174
saorafael,Sao Rafael,BR,,America/Sao_Paulo,-23.63,-46.45,148145
botucatu,Botucatu,BR,,America/Sao_Paulo,-22.89,-48.44,148130
sujiatun,Sujiatun,CN,,Asia/Shanghai,41.66,123.34,148113
astanajapura,Astanajapura,ID,,Asia/Jakarta,-6.8,108.63,148047
ciudaddelicias,Ciudad Delicias,MX,,America/Chihuahua,28.19,-105.47,148045
siguiri,Siguiri,GN,,Africa/Conakry,11.42,-9.17,148018
mbanzakongo,Mbanza Kongo,AO,,Africa/Luanda,-6.27,14.24,148000
easthampton,East Hampton,US,,America/New_York,37.04,-76.33,147993
honggang,Honggang,CN,,Asia/Shanghai,46.4,124.88,147977
sarriasantgervasi,Sarrià-Sant Gervasi,ES,,Europe/Madrid,41.4,2.14,147912
kiambu,Kiambu,KE,,Africa/Nairobi,-1.17,36.84,147870
clermontferrand,Clermont-Ferrand,FR,,Europe/Paris,45.78,3.09,147865
joliet,Joliet,US,,America/Chicago,41.53,-88.08,147861
barrie,Barrie,CA,,America/Toronto,44.4,-79.67,147829
bangkapi,Bang Kapi,TH,,Asia/Bangkok,13.77,100.65,147800
savannah,Savannah,US,,America/New_York,32.08,-81.1,147780
paterson,Paterson,US,,America/New_York,40.92,-74.17,147754
salamanca_es_29,Salamanca,ES,29,Europe/Madrid,40.43,-3.68,147707
kolomna,Kolomna,RU,,Europe/Moscow,55.07,38.78,147690
hajipur,Hājīpur,IN,,Asia/Kolkata,25.69,85.21,147688
rafsanjan,Rafsanjān,IR,,Asia/Tehran,30.41,55.99,147680
hoathanh,Hòa Thành,VN,,Asia/Ho_Chi_Minh,11.29,106.13,147666
mestre,Mestre,IT,,Europe/Rome,45.49,12.25,147662
assalimiyah,As Sālimīyah,KW,,Asia/Kuwait,29.33,48.08,147649
bridgeport,Bridgeport,US,,America/New_York,41.18,-73.19,147629
shevchenko,Shevchenko,UA,,Europe/Kyiv,49.56,34.54,147600
kuntsevo,Kuntsevo,RU,,Europe/Moscow,55.74,37.4,147497
kragujevac,Kragujevac,RS,,Europe/Belgrade,44.02,20.92,147473
aktau,Aktau,KZ,,Asia/Aqtau,43.66,51.17,147443
balcondelalisa,Balcón de la Lisa,CU,,America/Havana,23.05,-82.45,147415
sasaram,Sasarām,IN,,Asia/Kolkata,24.95,84.02,147408
bohuniya,Bohuniya,UA,,Europe/Kyiv,50.28,28.61,147324
nilopolis,Nilópolis,BR,,America/Sao_Paulo,-22.81,-43.41,147281
iruma,Iruma,JP,,Asia/Tokyo,35.82,139.37,147166
renca,Renca,CL,,America/Santiago,-33.4,-70.71,147151
kramatorsk,Kramatorsk,UA,,Europe/Kyiv,48.73,37.57,147145
naperville,Naperville,US,,America/Chicago,41.79,-88.15,147100
manama,Manama,BH,,Asia/Bahrain,26.23,50.59,147074
colima,Colima,MX,,America/Mexico_City,19.24,-103.71,146965
bhimavaram,Bhimavaram,IN,,Asia/Kolkata,16.54,81.52,146961
larisa,Lárisa,GR,,Europe/Athens,39.63,22.42,146926
nakhodka,Nakhodka,RU,,Asia/Vladivostok,42.84,132.92,146920
debrebirhan,Debre Birhan,ET,,Africa/Addis_Ababa,9.68,39.53,146900
cacuaco,Cacuaco,AO,,Africa/Luanda,-8.78,13.37,146867
aixenprovence,Aix-en-Provence,FR,,Europe/Paris,43.53,5.45,146821
camranh,Cam Ranh,VN,,Asia/Ho_Chi_Minh,11.92,109.16,146771
matanzas,Matanzas,CU,,America/Havana,23.04,-81.58,146733
beed,Beed,IN,,Asia/Kolkata,18.99,75.76,146709
khasnahzan,Khasnahzān,IQ,,Asia/Baghdad,36.2,44.14,146639
taozhou,Taozhou,CN,,Asia/Shanghai,30.91,119.41,146610
saintquentinenyvelines,Saint-Quentin-en-Yvelines,FR,,Europe/Paris,48.77,2.02,146598
bandarbukitraja,Bandar Bukit Raja,MY,,Asia/Kuala_Lumpur,3.09,101.43,146534
blackburn,Blackburn,GB,,Europe/London,53.75,-2.48,146521
rosemontlapetitepatrie,Rosemont–La Petite-Patrie,CA,,America/Toronto,45.54,-73.61,146501
colina,Colina,CL,,America/Santiago,-33.2,-70.67,146207
burari,Burāri,IN,,Asia/Kolkata,28.76,77.2,146190
rudaslaska,Ruda Śląska,PL,,Europe/Warsaw,50.26,18.86,146189
nouadhibou,Nouadhibou,MR,,Africa/Nouakchott,20.94,-17.04,146048
puertoplata,Puerto Plata,DO,,America/Santo_Domingo,19.79,-70.69,146000
urdaneta,Urdaneta,PH,,Asia/Manila,15.98,120.57,145935
chamberi,Chamberí,ES,,Europe/Madrid,40.43,-3.7,145934
krishnanagar,Krishnanagar,IN,,Asia/Kolkata,23.41,88.49,145926
xinji,Xinji,CN,,Asia/Shanghai,37.93,115.22,145911
jutiapa,Jutiapa,GT,,America/Guatemala,14.28,-89.89,145880
maraba,Marabá,BR,,America/Belem,-5.38,-49.13,145860
chitradurga,Chitradurga,IN,,Asia/Kolkata,14.22,76.4,145853
buengkum,Bueng Kum,TH,,Asia/Bangkok,13.79,100.67,145830
cambridge,Cambridge,GB,,Europe/London,52.2,0.12,145674
pacodolumiar,Paço do Lumiar,BR,,America/Fortaleza,-2.53,-44.11,145643
kampungpasirgudangbaru,Kampung Pasir Gudang Baru,MY,,Asia/Kuala_Lumpur,1.47,103.88,145639
cikampek,Cikampek,ID,,Asia/Jakarta,-6.42,107.46,145620
kampungsungaiglugur,Kampung Sungai Glugur,MY,,Asia/Kuala_Lumpur,5.37,100.31,145600
dibrugarh,Dibrugarh,IN,,Asia/Kolkata,27.48,94.91,145488
medea,Médéa,DZ,,Africa/Algiers,36.26,2.75,145441
taishan,Taishan,CN,,Asia/Shanghai,22.25,112.78,145440
eleulma,El Eulma,DZ,,Africa/Algiers,36.15,5.69,145380
pecs,Pécs,HU,,Europe/Budapest,46.08,18.23,145347
giarai,Giá Rai,VN,,Asia/Ho_Chi_Minh,9.23,105.46,145340
abohar,Abohar,IN,,Asia/Kolkata,30.14,74.2,145302
tiruvannamalai,Tiruvannamalai,IN,,Asia/Kolkata,12.23,79.07,145278
gainesville,Gainesville,US,,America/New_York,29.65,-82.32,145214
concordia,Concordia,AR,,America/Argentina/Cordoba,-31.39,-58.02,145210
fujieda,Fujieda,JP,,Asia/Tokyo,34.87,138.27,145032
spanishtown,Spanish Town,JM,,America/Jamaica,17.99,-76.96,145018
blackpool,Blackpool,GB,,Europe/London,53.82,-3.05,145007
urganch,Urganch,UZ,,Asia/Samarkand,41.55,60.63,145000
bukoba,Bukoba,TZ,,Africa/Dar_es_Salaam,-1.33,31.81,144938
kaithal,Kaithal,IN,,Asia/Kolkata,29.8,76.4,144915
ingombota,Ingombota,AO,,Africa/Luanda,-8.82,13.23,144911
brest_fr,Brest,FR,,Europe/Paris,48.39,-4.49,144899
basildon,Basildon,GB,,Europe/London,51.57,0.46,144859
francodarocha,Franco da Rocha,BR,,America/Sao_Paulo,-23.32,-46.73,144849
salamanca_es_55,Salamanca,ES,55,Europe/Madrid,40.97,-5.66,144825
villeraysaintmichelparcextension,Villeray–Saint-Michel–Parc-Extension,CA,,America/Toronto,45.56,-73.61,144814
mesquite,Mesquite,US,,America/Chicago,32.77,-96.6,144788
ashikaga,Ashikaga,JP,,Asia/Tokyo,36.33,139.45,144746
huyenlamha,Huyện Lâm Hà,VN,,Asia/Ho_Chi_Minh,11.82,108.21,144707
acheng,Acheng,CN,,Asia/Shanghai,45.55,126.95,144665
kelowna,Kelowna,CA,,America/Vancouver,49.88,-119.49,144576
umarkot,Umarkot,PK,,Asia/Karachi,25.36,69.74,144558
leon,León,NI,,America/Managua,12.44,-86.88,144538
kakamigahara,Kakamigahara,JP,,Asia/Tokyo,35.42,136.87,144521
lemans,Le Mans,FR,,Europe/Paris,48,0.2,144515
lodhran,Lodhran,PK,,Asia/Karachi,29.53,71.63,144512
troisrivieres,Trois-Rivières,CA,,America/Toronto,46.35,-72.55,144472
hailin,Hailin,CN,,Asia/Shanghai,44.57,129.39,144443
tsuchiura,Tsuchiura,JP,,Asia/Tokyo,36.09,140.21,144399
elektrostal,Elektrostal’,RU,,Europe/Moscow,55.79,38.46,144387
balasore,Balasore,IN,,Asia/Kolkata,21.49,86.93,144373
yongan,Yong’an,CN,,Asia/Shanghai,31.02,109.46,144314
paris11earrondissement,Paris 11e Arrondissement,FR,,Europe/Paris,48.86,2.38,144292
kampongpasirris,Kampong Pasir Ris,SG,,Asia/Singapore,1.38,103.93,144260
huelva,Huelva,ES,,Europe/Madrid,37.27,-6.94,144258
navoiy,Navoiy,UZ,,Asia/Samarkand,40.08,65.38,144158
syracuse,Syracuse,US,,America/New_York,43.05,-76.15,144142
atibaia,Atibaia,BR,,America/Sao_Paulo,-23.12,-46.55,144088
ashkelon,Ashkelon,IL,,Asia/Jerusalem,31.67,34.57,144073
pinetown,Pinetown,ZA,,Africa/Johannesburg,-29.82,30.89,144026
teshioldtown,Teshi Old Town,GH,,Africa/Accra,5.58,-0.11,144013
biryulevo,Biryulëvo,RU,,Europe/Moscow,55.59,37.68,144000
orekhovoborisovo,Orekhovo-Borisovo,RU,,Europe/Moscow,55.61,37.73,144000
kusatsu,Kusatsu,JP,,Asia/Tokyo,35.02,135.97,143913
nanjin,Nanjin,CN,,Asia/Shanghai,29.98,106.27,143766
guelph,Guelph,CA,,America/Toronto,43.55,-80.26,143740
qianjiang_cn_33,Qianjiang,CN,33,Asia/Shanghai,29.53,108.77,143727
ramnamaidan,Ramna Maidan,BD,,Asia/Dhaka,23.73,90.4,143677
godhra,Godhra,IN,,Asia/Kolkata,22.78,73.61,143644
khemisset,Khemisset,MA,,Africa/Casablanca,33.82,-6.07,143640
canakkale,Çanakkale,TR,,Europe/Istanbul,40.16,26.41,143622
torrance,Torrance,US,,America/Los_Angeles,33.84,-118.34,143592
sanjose_ph,San Jose,PH,,Asia/Manila,12.35,121.07,143495
ladysmith,Ladysmith,ZA,,Africa/Johannesburg,-28.56,29.78,143446
levis,Lévis,CA,,America/Toronto,46.8,-71.18,143414
cachoeirinha,Cachoeirinha,BR,27,America/Sao_Paulo,-23.45,-46.66,143366
heidelberg,Heidelberg,DE,,Europe/Berlin,49.41,8.69,143345
fresnillo,Fresnillo,MX,,America/Mexico_City,23.17,-102.87,143281
touggourt,Touggourt,DZ,,Africa/Algiers,33.11,6.07,143270
shillong,Shillong,IN,,Asia/Kolkata,25.57,91.88,143229
surprise,Surprise,US,,America/Phoenix,33.63,-112.33,143148
norwich,Norwich,GB,,Europe/London,52.63,1.3,143135
tinhbien,Tịnh Biên,VN,,Asia/Ho_Chi_Minh,10.6,104.94,143098
moriguchi,Moriguchi,JP,,Asia/Tokyo,34.73,135.57,143096
amiens,Amiens,FR,,Europe/Paris,49.9,2.3,143086
cailay,Cai Lậy,VN,,Asia/Ho_Chi_Minh,10.4,106.12,143050
macae,Macaé,BR,,America/Sao_Paulo,-22.38,-41.78,143029
rewari,Rewāri,IN,,Asia/Kolkata,28.2,76.62,143021
basirhatcity,Basirhat City,IN,,Asia/Kolkata,22.66,88.85,143007
novyyekuzminki,Novyye Kuz’minki,RU,,Europe/Moscow,55.7,37.75,143000
kuzminki,Kuz’minki,RU,,Europe/Moscow,55.7,37.8,143000
aalborg,Aalborg,DK,,Europe/Copenhagen,57.05,9.92,142937
latrinidad,La Trinidad,PH,,Asia/Manila,16.45,120.59,142925
ghardaia,Ghardaïa,DZ,,Africa/Algiers,32.49,3.67,142913
timika,Timika,ID,,Asia/Jayapura,-4.61,136.68,142909
pyatigorsk,Pyatigorsk,RU,,Europe/Moscow,44.05,43.05,142865
mbanzangungu,Mbanza-Ngungu,CD,,Africa/Kinshasa,-5.26,14.86,142773
mercierhochelagamaisonneuve,Mercier–Hochelaga-Maisonneuve,CA,,America/Toronto,45.57,-73.55,142753
okinawa,Okinawa,JP,,Asia/Tokyo,26.34,127.8,142752
middlesbrough,Middlesbrough,GB,,Europe/London,54.58,-1.23,142707
shahrisabz,Shahrisabz,UZ,,Asia/Samarkand,39.06,66.83,142700
chongdanup,Ch’ŏngdan-ŭp,KP,,Asia/Pyongyang,37.97,125.94,142607
santandreu,Sant Andreu,ES,,Europe/Madrid,41.44,2.19,142598
rybnik,Rybnik,PL,,Europe/Warsaw,50.1,18.54,142510
saida,Saïda,DZ,,Africa/Algiers,34.83,0.15,142497
metairieterrace,Metairie Terrace,US,,America/Chicago,29.98,-90.16,142489
tuzla,Tuzla,BA,,Europe/Sarajevo,44.54,18.67,142486
kovpakivskyi,Kovpakivskyi,UA,,Europe/Kyiv,50.93,34.79,142447
embalenhle,eMbalenhle,ZA,,Africa/Johannesburg,-26.53,29.07,142443
trindade,Trindade,BR,,America/Sao_Paulo,-16.65,-49.49,142431
khanpur,Khanpur,PK,,Asia/Karachi,28.65,70.66,142426
columbia,Columbia,US,SC,America/New_York,34,-81.03,142416
nawabganj,Nawābganj,BD,,Asia/Dhaka,24.59,88.27,142361
inezgane,Inezgane,MA,,Africa/Casablanca,30.36,-9.54,142320
puertocortez,Puerto Cortez,HN,,America/Tegucigalpa,15.83,-87.93,142311
pasadena_us_ca,Pasadena,US,CA,America/Los_Angeles,34.15,-118.14,142250
toowoomba,Toowoomba,AU,,Australia/Brisbane,-27.56,151.95,142163
paderborn,Paderborn,DE,,Europe/Berlin,51.72,8.75,142161
misatosaitama,"Misato, Saitama",JP,,Asia/Tokyo,35.84,139.88,142145
chhatarpur,Chhatarpur,IN,,Asia/Kolkata,24.92,79.59,142128
kimberley,Kimberley,ZA,,Africa/Johannesburg,-28.73,24.76,142089
altohospicio,Alto Hospicio,CL,,America/Santiago,-20.27,-70.1,142086
ciegodeavila,Ciego de Ávila,CU,,America/Havana,21.84,-78.76,142027
samalut,Samālūţ,EG,,Africa/Cairo,28.31,30.71,142009
chertanovoyuzhnoye,Chertanovo Yuzhnoye,RU,,Europe/Moscow,55.59,37.6,142000
jieshou,Jieshou,CN,,Asia/Shanghai,33.26,115.36,141993
maykop,Maykop,RU,,Europe/Moscow,44.61,40.1,141970
attockcity,Attock City,PK,,Asia/Karachi,33.77,72.36,141945
kisaran,Kisaran,ID,,Asia/Jakarta,2.98,99.62,141915
mojokerto,Mojokerto,ID,,Asia/Jakarta,-7.47,112.43,141785
facatativa,Facatativá,CO,,America/Bogota,4.81,-74.35,141762
masai,Masai,MY,,Asia/Kuala_Lumpur,1.49,103.88,141730
puntofijo,Punto Fijo,VE,,America/Caracas,11.69,-70.2,141729
myingyan,Myingyan,MM,,Asia/Yangon,21.46,95.39,141713
kamalshahr,Kamālshahr,IR,,Asia/Tehran,35.86,50.87,141669
mandsaur,Mandsaur,IN,,Asia/Kolkata,24.07,75.07,141667
zheleznodorozhnyy,Zheleznodorozhnyy,RU,,Europe/Moscow,55.74,38.02,141648
chas,Chas,IN,,Asia/Kolkata,23.64,86.17,141640
jahrom,Jahrom,IR,,Asia/Tehran,28.5,53.56,141634
tours,Tours,FR,,Europe/Paris,47.39,0.7,141621
palanpur,Pālanpur,IN,,Asia/Kolkata,24.17,72.44,141592
bondoukou,Bondoukou,CI,,Africa/Abidjan,8.04,-2.8,141568
chichicastenango,Chichicastenango,GT,,America/Guatemala,14.94,-91.11,141567
tarragona,Tarragona,ES,,Europe/Madrid,41.12,1.25,141542
tobruk,Tobruk,LY,,Africa/Tripoli,32.09,23.95,141499
sinchonup,Sinch’ŏn-ŭp,KP,,Asia/Pyongyang,38.35,125.48,141407
abbotsford,Abbotsford,CA,,America/Vancouver,49.06,-122.25,141397
brusque,Brusque,BR,,America/Sao_Paulo,-27.1,-48.91,141385
circoiscrizioneii,Circoiscrizione II,IT,,Europe/Rome,45.05,7.64,141344
bolton,Bolton,GB,,Europe/London,53.58,-2.43,141331
yushu,Yushu,CN,06,Asia/Shanghai,33,97.01,141308
pitesti,Piteşti,RO,,Europe/Bucharest,44.85,24.87,141275
fukayacho,Fukayachō,JP,,Asia/Tokyo,36.2,139.28,141268
potosi,Potosí,BO,,America/La_Paz,-19.58,-65.75,141251
khuzdar,Khuzdar,PK,,Asia/Karachi,27.81,66.61,141227
usera,Usera,ES,,Europe/Madrid,40.39,-3.7,141189
limoges,Limoges,FR,,Europe/Paris,45.83,1.25,141176
cangaiba,Cangaiba,BR,,America/Sao_Paulo,-23.5,-46.52,141172
asaka,Asaka,JP,,Asia/Tokyo,35.8,139.6,141083
paranagua,Paranaguá,BR,,America/Sao_Paulo,-25.52,-48.53,141013
ghazni,Ghazni,AF,,Asia/Kabul,33.55,68.42,141000
orange,Orange,US,,America/Los_Angeles,33.79,-117.85,140992
wola,Wola,PL,,Europe/Warsaw,52.23,20.96,140958
sanhe_cn_33,Sanhe,CN,33,Asia/Shanghai,29.87,107.73,140954
ilam,Īlām,IR,,Asia/Tehran,33.64,46.42,140940
gongzhuling,Gongzhuling,CN,,Asia/Shanghai,43.5,124.82,140909
shimotoda,Shimotoda,JP,,Asia/Tokyo,35.82,139.69,140899
comodororivadavia,Comodoro Rivadavia,AR,,America/Argentina/Catamarca,-45.86,-67.49,140850
kampungsungaiara,Kampung Sungai Ara,MY,,Asia/Kuala_Lumpur,5.33,100.27,140849
fullerton,Fullerton,US,,America/Los_Angeles,33.87,-117.93,140847
killeen,Killeen,US,,America/Chicago,31.12,-97.73,140806
norilsk,Norilsk,RU,,Asia/Krasnoyarsk,69.35,88.2,140800
lleida,Lleida,ES,,Europe/Madrid,41.62,0.62,140797
coimbra,Coimbra,PT,,Europe/Lisbon,40.21,-8.42,140796
mtwara,Mtwara,TZ,,Africa/Dar_es_Salaam,-10.27,40.18,140793
manjhand,Manjhand,PK,,Asia/Karachi,25.91,68.24,140766
beni,Beni,CD,,Africa/Lubumbashi,0.49,29.47,140731
debremarkos,Debre Mark’os,ET,,Africa/Addis_Ababa,10.35,37.73,140700
norzagaray,Norzagaray,PH,,Asia/Manila,14.91,121.05,140697
qeladize,Qeładizê,IQ,,Asia/Baghdad,36.18,45.13,140688
vilacuruca,Vila Curuca,BR,,America/Sao_Paulo,-23.51,-46.42,140673
nigel,Nigel,ZA,,Africa/Johannesburg,-26.43,28.48,140644
shengavit,Shengavit,AM,,Asia/Yerevan,40.16,44.48,140600
catacamas,Catacamas,HN,,America/Tegucigalpa,14.85,-85.89,140548
buea,Buea,CM,,Africa/Douala,4.15,9.24,140533
shuizhai,Shuizhai,CN,,Asia/Shanghai,23.93,115.76,140493
almetyevsk,Al’met’yevsk,RU,,Europe/Moscow,54.9,52.32,140437
paris12earrondissement,Paris 12e Arrondissement,FR,,Europe/Paris,48.84,2.44,140311
mcallen,McAllen,US,,America/Chicago,26.2,-98.23,140269
lakhimpur,Lakhīmpur,IN,,Asia/Kolkata,27.95,80.78,140223
ishinomaki,Ishinomaki,JP,,Asia/Tokyo,38.42,141.3,140151
mpumalanga,Mpumalanga,ZA,,Africa/Johannesburg,-29.81,30.64,140121
zaanstad,Zaanstad,NL,,Europe/Amsterdam,52.45,4.81,140085
kabinburi,Kabin Buri,TH,,Asia/Bangkok,13.95,101.72,140056
kuwana,Kuwana,JP,,Asia/Tokyo,35.05,136.67,140051
ayacucho,Ayacucho,PE,,America/Lima,-13.16,-74.22,140033
shanhaiguan,Shanhaiguan,CN,,Asia/Shanghai,40,119.75,140000
chamartin,Chamartín,ES,,Europe/Madrid,40.46,-3.68,140000
saham,Şaḩam,OM,,Asia/Muscat,24.17,56.89,140000
abeche,Abéché,TD,,Africa/Ndjamena,13.83,20.83,139983
peristeri,Peristéri,GR,,Europe/Athens,38.02,23.69,139981
amersfoort,Amersfoort,NL,,Europe/Amsterdam,52.16,5.39,139914
darwin,Darwin,AU,,Australia/Darwin,-12.46,130.84,139902
jeongeup,Jeongeup,KR,,Asia/Seoul,35.6,126.92,139876
bellevue,Bellevue,US,,America/Los_Angeles,47.61,-122.2,139820
korolev,Korolev,RU,,Europe/Moscow,55.91,37.83,139798
valsad,Valsād,IN,,Asia/Kolkata,20.61,72.93,139764
shinyanga,Shinyanga,TZ,,Africa/Dar_es_Salaam,-3.66,33.42,139727
gojra,Gojra,PK,,Asia/Karachi,31.15,72.68,139726
sollentuna,Sollentuna,SE,,Europe/Stockholm,59.43,17.95,139606
alhindiyah,Al Hindīyah,IQ,,Asia/Baghdad,32.54,44.22,139578
yaizu,Yaizu,JP,,Asia/Tokyo,34.87,138.32,139578
payakumbuh,Payakumbuh,ID,,Asia/Jakarta,-0.22,100.63,139576
damoh,Damoh,IN,,Asia/Kolkata,23.83,79.44,139561
asela,Āsela,ET,,Africa/Addis_Ababa,7.95,39.13,139500
haldwani,Haldwani,IN,,Asia/Kolkata,29.22,79.53,139497
irewe,Irewe,NG,,Africa/Lagos,6.42,3.14,139494
gbongan,Gbongan,NG,,Africa/Lagos,7.48,4.35,139485
gama,Gama,BR,,America/Sao_Paulo,-16.03,-48.07,139467
siemreap,Siem Reap,KH,,Asia/Phnom_Penh,13.36,103.86,139458
anaco,Anaco,VE,,America/Caracas,9.43,-64.46,139397
purwodadi,Purwodadi,ID,,Asia/Jakarta,-7.09,110.92,139387
koga,Koga,JP,,Asia/Tokyo,36.18,139.72,139344
habra,Hābra,IN,,Asia/Kolkata,22.84,88.66,139297
sidoarjo,Sidoarjo,ID,,Asia/Jakarta,-7.45,112.72,139189
kyivskyi,Kyivskyi,UA,05,Europe/Kyiv,48.05,37.78,139177
sabahassalim,Şabāḩ as Sālim,KW,,Asia/Kuwait,29.26,48.06,139163
balneariocamboriu,Balneário Camboriú,BR,,America/Sao_Paulo,-26.99,-48.63,139155
plazadelarevolucion,Plaza de la Revolución,CU,,America/Havana,23.12,-82.39,139135
lausanne,Lausanne,CH,,Europe/Zurich,46.52,6.63,139111
choloma,Choloma,HN,,America/Tegucigalpa,15.61,-87.95,139100
kairouan,Kairouan,TN,,Africa/Tunis,35.68,10.1,139070
stockport,Stockport,GB,,Europe/London,53.41,-2.16,139052
budapestxikeruelet,Budapest XI. kerület,HU,,Europe/Budapest,47.48,19.04,139049
huadian,Huadian,CN,,Asia/Shanghai,42.97,126.74,139047
kousseri,Kousséri,CM,,Africa/Douala,12.08,15.03,139024
weru,Weru,ID,,Asia/Jakarta,-6.71,108.5,139004
alubur,Al-'Ubūr,EG,,Africa/Cairo,30.23,31.48,138987
kolpino,Kolpino,RU,,Europe/Moscow,59.75,30.59,138979
belgrano,Belgrano,AR,,America/Argentina/Buenos_Aires,-34.56,-58.46,138942
sarh,Sarh,TD,,Africa/Ndjamena,9.15,18.38,138928
gingoog,Gingoog,PH,,Asia/Manila,8.83,125.1,138895
sanjuandelrio,San Juan del Río,MX,,America/Mexico_City,20.39,-100,138878
sekonditakoradi,Sekondi-Takoradi,GH,,Africa/Accra,4.93,-1.76,138872
liuzhi,Liuzhi,CN,,Asia/Shanghai,26.23,105.43,138826
naga_ph_07,Naga,PH,07,Asia/Manila,10.21,123.76,138727
fuyu,Fuyu,CN,,Asia/Shanghai,45.18,124.82,138704
whitby,Whitby,CA,,America/Toronto,43.88,-78.93,138501
metairie,Metairie,US,,America/Chicago,29.98,-90.15,138481
chaohu,Chaohu,CN,,Asia/Shanghai,31.6,117.87,138463
kolar,Kolār,IN,,Asia/Kolkata,13.14,78.13,138462
bizerte,Bizerte,TN,,Africa/Tunis,37.27,9.87,138430
tariba,Táriba,VE,,America/Caracas,7.82,-72.22,138402
ejigbo,Ejigbo,NG,,Africa/Lagos,7.9,4.31,138357
ksarelkebir,Ksar El Kebir,MA,,Africa/Casablanca,35,-5.9,138262
paris11popincourt,Paris 11 Popincourt,FR,,Europe/Paris,48.86,2.38,138170
dabou,Dabou,CI,,Africa/Abidjan,5.33,-4.38,138083
bukitpanjangnewtown,Bukit Panjang New Town,SG,,Asia/Singapore,1.38,103.76,138050
saolucas,Sao Lucas,BR,,America/Sao_Paulo,-23.59,-46.54,138038
paris12reuilly,Paris 12 Reuilly,FR,,Europe/Paris,48.84,2.39,138024
parnaiba,Parnaíba,BR,,America/Fortaleza,-2.9,-41.78,138008
bertoua,Bertoua,CM,,Africa/Douala,4.58,13.68,137993
jacmel,Jacmel,HT,,America/Port-au-Prince,18.24,-72.54,137966
srikakulam,Srikakulam,IN,,Asia/Kolkata,18.3,83.9,137944
candelaria,Candelaria,PH,,Asia/Manila,13.93,121.42,137933
vinhlong,Vĩnh Long,VN,,Asia/Ho_Chi_Minh,10.25,105.97,137870
praia,Praia,CV,,Atlantic/Cape_Verde,14.93,-23.51,137868
araruama,Araruama,BR,,America/Sao_Paulo,-22.87,-42.34,137773
liangping,Liangping,CN,,Asia/Shanghai,30.66,107.77,137620
kirdasah,Kirdāsah,EG,,Africa/Cairo,30.03,31.11,137588
itu,Itu,BR,,America/Sao_Paulo,-23.26,-47.3,137586
ponce,Ponce,PR,,America/Puerto_Rico,18.01,-66.62,137491
doilungdeqen,Doilungdêqên,CN,,Asia/Shanghai,29.66,90.99,137451
jieshi,Jieshi,CN,,Asia/Shanghai,22.81,115.83,137444
hejiang,Hejiang,CN,,Asia/Shanghai,28.81,105.83,137437
pasirputeh,Pasir Puteh,MY,,Asia/Kuala_Lumpur,5.83,102.4,137400
mandya,Mandya,IN,,Asia/Kolkata,12.52,76.9,137358
xiayang,Xiayang,CN,,Asia/Shanghai,31.15,121.12,137321
nornork,Nor Nork,AM,,Asia/Yerevan,40.2,44.57,137300
dixinn,Dixinn,GN,,Africa/Conakry,9.55,-13.67,137287
bhisho,Bhisho,ZA,,Africa/Johannesburg,-32.85,27.44,137287
freguesiadoo,Freguesia do Ó,BR,,America/Sao_Paulo,-23.5,-46.7,137240
subang,Subang,ID,,Asia/Jakarta,-6.57,107.76,137234
madhurampurdehri,Madhurampur Dehri,IN,,Asia/Kolkata,24.97,84.2,137231
negombo,Negombo,LK,,Asia/Colombo,7.21,79.84,137223
irakleion,Irákleion,GR,,Europe/Athens,35.33,25.14,137154
hampton,Hampton,US,,America/New_York,37.03,-76.35,137148
wuyishan,Wuyishan,CN,,Asia/Shanghai,27.76,118.03,137133
miramar,Miramar,US,,America/New_York,25.99,-80.23,137132
jiashan,Jiashan,CN,,Asia/Shanghai,30.85,120.93,137112
bilqas,Bilqās,EG,,Africa/Cairo,31.21,31.36,137080
rangkasbitung,Rangkasbitung,ID,,Asia/Jakarta,-6.36,106.25,137041
odintsovo,Odintsovo,RU,,Europe/Moscow,55.67,37.28,137041
foggia,Foggia,IT,,Europe/Rome,41.46,15.55,137032
antsiranana,Antsiranana,MG,,Indian/Antananarivo,-12.32,49.29,136959
kanchrapara,Kānchrāpāra,IN,,Asia/Kolkata,22.96,88.43,136954
sanjuansacatepequez,San Juan Sacatepéquez,GT,,America/Guatemala,14.72,-90.64,136886
minoh,Minoh,JP,,Asia/Tokyo,34.83,135.47,136868
funtua,Funtua,NG,,Africa/Lagos,11.52,7.31,136811
stcatharines,St. Catharines,CA,,America/Toronto,43.17,-79.24,136803
dawei,Dawei,MM,,Asia/Yangon,14.08,98.19,136783
igboho,Igboho,NG,,Africa/Lagos,8.84,3.76,136764
gunungsitoli,Gunungsitoli,ID,,Asia/Jakarta,1.29,97.61,136707
apeldoorn,Apeldoorn,NL,,Europe/Amsterdam,52.21,5.97,136670
cidadelider,Cidade Lider,BR,,America/Sao_Paulo,-23.56,-46.49,136660
marivan,Marīvān,IR,,Asia/Tehran,35.52,46.18,136654
phuly,Phủ Lý,VN,,Asia/Bangkok,20.55,105.91,136654
divo,Divo,CI,,Africa/Abidjan,5.84,-5.36,136627
huinong,Huinong,CN,,Asia/Shanghai,39.23,106.77,136570
ebina,Ebina,JP,,Asia/Tokyo,35.38,139.4,136516
larache,Larache,MA,,Africa/Casablanca,35.19,-6.16,136505
varginha,Varginha,BR,,America/Sao_Paulo,-21.55,-45.43,136467
paris14observatoire,Paris 14 Observatoire,FR,,Europe/Paris,48.83,2.33,136455
vannuys,Van Nuys,US,,America/Los_Angeles,34.19,-118.45,136443
bush,Būsh,EG,,Africa/Cairo,29.15,31.13,136441
mlolongo,Mlolongo,KE,,Africa/Nairobi,-1.4,36.94,136351
campolargo,Campo Largo,BR,,America/Sao_Paulo,-25.46,-49.53,136327
sanjosedelcabo,San José del Cabo,MX,,America/Mazatlan,23.05,-109.7,136285
cachoeirinha_br_23,Cachoeirinha,BR,23,America/Sao_Paulo,-29.95,-51.09,136258
westvalleycity,West Valley City,US,,America/Denver,40.69,-112,136208
kisarazu,Kisarazu,JP,,Asia/Tokyo,35.38,139.93,136166
batang,Batang,ID,,Asia/Jakarta,-6.48,110.71,136145
gejiu,Gejiu,CN,,Asia/Shanghai,23.36,103.15,136135
bacau,Bacău,RO,,Europe/Bucharest,46.57,26.91,136087
saaba,Saaba,BF,,Africa/Ouagadougou,12.37,-1.41,136011
mingaladon,Mingaladon,MM,,Asia/Yangon,16.92,96.1,136000
dimapur,Dimāpur,IN,,Asia/Kolkata,25.91,93.72,135860
sasolburg,Sasolburg,ZA,,Africa/Johannesburg,-26.81,27.82,135828
cheras,Cheras,MY,,Asia/Kuala_Lumpur,3.11,101.73,135823
tasekglugor,Tasek Glugor,MY,,Asia/Kuala_Lumpur,5.48,100.5,135786
osorno,Osorno,CL,,America/Santiago,-40.57,-73.13,135773
jiagedaqi,Jiagedaqi,CN,,Asia/Shanghai,50.42,124.12,135760
tumxuk,Tumxuk,CN,,Asia/Urumqi,39.87,79.06,135727
kushtia,Kushtia,BD,,Asia/Dhaka,23.9,89.12,135724
pitalito,Pitalito,CO,,America/Bogota,1.85,-76.05,135711
barysaw,Barysaw,BY,,Europe/Minsk,54.23,28.51,135696
baliuag,Baliuag,PH,,Asia/Manila,14.95,120.9,135679
hoankiem,Hoàn Kiếm,VN,,Asia/Bangkok,21.03,105.85,135618
kajansi,Kajansi,UG,,Africa/Kampala,0.22,32.53,135600
isahaya,Isahaya,JP,,Asia/Tokyo,32.84,130.04,135546
dayton,Dayton,US,,America/New_York,39.76,-84.19,135512
camphamines,Cẩm Phả Mines,VN,,Asia/Ho_Chi_Minh,21.02,107.3,135477
petapa,Petapa,GT,,America/Guatemala,14.5,-90.56,135447
malerkotla,Māler Kotla,IN,,Asia/Kolkata,30.53,75.88,135424
buguma,Buguma,NG,,Africa/Lagos,4.74,6.86,135404
ahuntsiccartierville,Ahuntsic-Cartierville,CA,,America/Toronto,45.57,-73.67,135336
araras,Araras,BR,,America/Sao_Paulo,-22.36,-47.38,135331
shiqiao,Shiqiao,CN,,Asia/Shanghai,22.95,113.36,135308
pyay,Pyay,MM,,Asia/Yangon,18.82,95.22,135308
rabak,Rabak,SD,,Africa/Khartoum,13.18,32.74,135281
tayninh,Tây Ninh,VN,,Asia/Ho_Chi_Minh,11.31,106.1,135254
levieuxlongueuil,Le Vieux-Longueuil,CA,,America/Toronto,45.54,-73.51,135218
tyre,Tyre,LB,,Asia/Beirut,33.27,35.19,135204
kutaisi,Kutaisi,GE,,Asia/Tbilisi,42.27,42.69,135201
andimeshk,Andīmeshk,IR,,Asia/Tehran,32.46,48.35,135116
siwan,Siwān,IN,,Asia/Kolkata,26.22,84.36,135066
madrid_co,Madrid,CO,,America/Bogota,4.73,-74.26,135000
angono,Angono,PH,,Asia/Manila,14.53,121.15,134975
cartago,Cartago,CO,,America/Bogota,4.75,-75.91,134972
shahreza,Shahreẕā,IR,,Asia/Tehran,32.01,51.86,134952
hinthada,Hinthada,MM,,Asia/Yangon,17.65,95.46,134947
caphaitien,Cap-Haïtien,HT,,America/Port-au-Prince,19.76,-72.2,134815
baturaja,Baturaja,ID,,Asia/Jakarta,-4.13,104.17,134759
inazawa,Inazawa,JP,,Asia/Tokyo,35.25,136.78,134751
rodriguez,Rodriguez,PH,,Asia/Manila,14.76,121.2,134432
kalol,Kalol,IN,,Asia/Kolkata,23.25,72.5,134426
miandoab,Mīāndoāb,IR,,Asia/Tehran,36.97,46.11,134425
laghouat,Laghouat,DZ,,Africa/Algiers,33.8,2.87,134372
nevinnomyssk,Nevinnomyssk,RU,,Europe/Moscow,44.63,41.94,134345
sanmateo,San Mateo,PH,,Asia/Manila,14.7,121.12,134327
tahta,Ţahţā,EG,,Africa/Cairo,26.77,31.5,134314
sanjuan_ph,San Juan,PH,,Asia/Manila,14.6,121.03,134312
sibiu,Sibiu,RO,,Europe/Bucharest,45.8,24.15,134309
olathe,Olathe,US,,America/Chicago,38.88,-94.82,134305
elgeneinafort,El Geneina Fort,SD,,Africa/Khartoum,13.47,22.46,134264
ikirun,Ikirun,NG,,Africa/Lagos,7.91,4.67,134240
shenglilu,Shenglilu,CN,,Asia/Shanghai,29.35,105.88,134218
sannicolasdelosarroyos,San Nicolás de los Arroyos,AR,,America/Argentina/Buenos_Aires,-33.33,-60.21,134217
leogane,Léogâne,HT,,America/Port-au-Prince,18.51,-72.63,134190
vilajacui,Vila Jacui,BR,,America/Sao_Paulo,-23.5,-46.46,134189
adiwerna,Adiwerna,ID,,Asia/Jakarta,-6.94,109.13,134188
cameta,Cametá,BR,,America/Belem,-2.24,-49.5,134184
alqurnah,Al Qurnah,IQ,,Asia/Baghdad,31.02,47.43,134174
abakaliki,Abakaliki,NG,,Africa/Lagos,6.32,8.11,134102
vitoriadesantoantao,Vitória de Santo Antão,BR,,America/Recife,-8.12,-35.29,134084
marianao,Marianao,CU,,America/Havana,23.07,-82.42,134057
warren,Warren,US,,America/Detroit,42.49,-83.01,134056
cizre,Cizre,TR,,Europe/Istanbul,37.33,42.18,134041
circoiscrizioneviii,Circoiscrizione VIII,IT,,Europe/Rome,45.04,7.67,134028
bankura,Bānkura,IN,,Asia/Kolkata,23.23,87.07,133966
inegol,İnegol,TR,,Europe/Istanbul,40.08,29.51,133959
ebetsu,Ebetsu,JP,,Asia/Tokyo,43.11,141.55,133953
anyama,Anyama,CI,,Africa/Abidjan,5.49,-4.05,133905
jiawang,Jiawang,CN,,Asia/Shanghai,34.43,117.44,133861
singaraja,Singaraja,ID,,Asia/Makassar,-8.11,115.09,133784
patan_in,Pātan,IN,,Asia/Kolkata,23.85,72.13,133737
wuerzburg,Würzburg,DE,,Europe/Berlin,49.79,9.95,133731
gjonghoi,Đồng Hới,VN,,Asia/Bangkok,17.47,106.62,133672
randfontein,Randfontein,ZA,,Africa/Johannesburg,-26.18,27.7,133654
pervouralsk,Pervouralsk,RU,,Asia/Yekaterinburg,56.91,59.94,133600
gondacity,Gondā City,IN,,Asia/Kolkata,27.13,81.95,133583
madinathamad,Madīnat Ḩamad,BH,,Asia/Bahrain,26.12,50.51,133550
ome,Ōme,JP,,Asia/Tokyo,35.78,139.24,133535
sinnuris,Sinnūris,EG,,Africa/Cairo,29.41,30.87,133532
milagro,Milagro,EC,,America/Guayaquil,-2.13,-79.59,133508
jau,Jaú,BR,,America/Sao_Paulo,-22.3,-48.56,133497
thornton,Thornton,US,,America/Denver,39.87,-104.97,133451
valdivia,Valdivia,CL,,America/Santiago,-39.81,-73.25,133419
olmaliq,Olmaliq,UZ,,Asia/Tashkent,40.84,69.6,133400
okrika,Okrika,NG,,Africa/Lagos,4.74,7.08,133271
santacruzdosul,Santa Cruz do Sul,BR,,America/Sao_Paulo,-29.72,-52.43,133230
highwycombe,High Wycombe,GB,,Europe/London,51.63,-0.75,133204
carrollton,Carrollton,US,,America/Chicago,32.95,-96.89,133168
talisay,Talisay,PH,07,Asia/Manila,10.24,123.85,133148
gao,Gao,ML,,Africa/Bamako,16.27,-0.04,133110
dhaulpur,Dhaulpur,IN,,Asia/Kolkata,26.69,77.88,133075
tarime,Tarime,TZ,,Africa/Dar_es_Salaam,-1.35,34.37,133043
kentron,Kentron,AM,,Asia/Yerevan,40.18,44.51,133000
milton,Milton,CA,,America/Toronto,43.52,-79.88,132979
msila,M'Sila,DZ,,Africa/Algiers,35.71,4.54,132975
narita,Narita,JP,,Asia/Tokyo,35.78,140.32,132906
franceville,Franceville,GA,,Africa/Libreville,-1.63,13.58,132895
puqi,Puqi,CN,,Asia/Shanghai,29.72,113.88,132891
tondabayashicho,Tondabayashichō,JP,,Asia/Tokyo,34.5,135.6,132873
sandacho,Sandachō,JP,,Asia/Tokyo,34.88,135.23,132858
gondia,Gondiā,IN,,Asia/Kolkata,21.46,80.19,132813
dunedin,Dunedin,NZ,,Pacific/Auckland,-45.87,170.5,132800
kislovodsk,Kislovodsk,RU,,Europe/Moscow,43.91,42.72,132771
kyauktan,Kyauktan,MM,,Asia/Yangon,16.64,96.33,132765
schaerbeek,Schaerbeek,BE,,Europe/Brussels,50.87,4.38,132761
hoofddorp,Hoofddorp,NL,,Europe/Amsterdam,52.3,4.69,132734
machiques,Machiques,VE,,America/Caracas,10.06,-72.55,132734
palakkad,Palakkad,IN,,Asia/Kolkata,10.77,76.65,132728
silifke,Silifke,TR,,Europe/Istanbul,36.38,33.93,132665
charleston,Charleston,US,,America/New_York,32.78,-79.93,132609
langley,Langley,CA,,America/Vancouver,49.1,-122.66,132603
midland,Midland,US,,America/Chicago,32,-102.08,132524
fujinomiya,Fujinomiya,JP,,Asia/Tokyo,35.22,138.62,132507
mingalatangnyunt,Mingala Tangnyunt,MM,,Asia/Yangon,16.79,96.17,132494
innsbruck,Innsbruck,AT,,Europe/Vienna,47.26,11.39,132493
kingston_ca,Kingston,CA,,America/Toronto,44.23,-76.48,132485
wugang,Wugang,CN,,Asia/Shanghai,26.73,110.63,132457
gloucester_gb,Gloucester,GB,,Europe/London,51.87,-2.24,132416
waco,Waco,US,,America/Chicago,31.55,-97.15,132356
cerro,Cerro,CU,,America/Havana,23.11,-82.39,132351
zama,Zama,JP,,Asia/Tokyo,35.49,139.39,132325
manokwari,Manokwari,ID,,Asia/Jayapura,-0.86,134.06,132300
dimitrovgrad,Dimitrovgrad,RU,,Europe/Ulyanovsk,54.21,49.62,132226
zhalantun,Zhalantun,CN,,Asia/Shanghai,48.01,122.74,132224
bettiah,Bettiah,IN,,Asia/Kolkata,26.8,84.5,132209
maijdi,Maijdi,BD,,Asia/Dhaka,22.87,91.1,132185
sanpedrogarzagarcia,San Pedro Garza García,MX,,America/Monterrey,25.66,-100.41,132128
sapucaiadosul,Sapucaia do Sul,BR,,America/Sao_Paulo,-29.82,-51.15,132107
kombolcha,Kombolcha,ET,,Africa/Addis_Ababa,11.08,39.74,132100
muricay,Muricay,PH,,Asia/Manila,7.83,123.48,132094
sterlingheights,Sterling Heights,US,,America/Detroit,42.58,-83.03,132052
suratthani,Surat Thani,TH,,Asia/Bangkok,9.14,99.33,132040
fuerth,Fürth,DE,,Europe/Berlin,49.48,10.99,132036
ferrara,Ferrara,IT,,Europe/Rome,44.84,11.62,132009
quangjucthinh,Quận Đức Thịnh,VN,,Asia/Ho_Chi_Minh,10.31,105.74,132000
omuta,Ōmuta,JP,,Asia/Tokyo,33.03,130.45,131974
villamercedes,Villa Mercedes,CL,,America/Santiago,-37.4,-71.98,131936
fuji_cn,Fuji,CN,,Asia/Shanghai,29.15,105.37,131927
palwal,Palwal,IN,,Asia/Kolkata,28.14,77.33,131926
bielany,Bielany,PL,,Europe/Warsaw,52.29,20.94,131910
shahrud,Shahrud,IR,,Asia/Tehran,36.42,54.98,131889
dawukou,Dawukou,CN,,Asia/Shanghai,39.04,106.4,131880
bulaon,Bulaon,PH,,Asia/Manila,15.08,120.66,131818
garut,Garut,ID,,Asia/Jakarta,-7.24,107.92,131809
ajdabiya,Ajdabiya,LY,,Africa/Tripoli,30.76,20.23,131773
abiko,Abiko,JP,,Asia/Tokyo,35.87,140.02,131771
kadoma,Kadoma,JP,,Asia/Tokyo,34.74,135.57,131727
majie,Majie,CN,,Asia/Shanghai,25.03,102.64,131696
bhakkar,Bhakkar,PK,,Asia/Karachi,31.63,71.06,131658
riopequeno,Rio Pequeno,BR,,America/Sao_Paulo,-23.57,-46.76,131631
jijel,Jijel,DZ,,Africa/Algiers,36.82,5.76,131513
martapura,Martapura,ID,,Asia/Makassar,-3.41,114.86,131449
villeurbanne,Villeurbanne,FR,,Europe/Paris,45.77,4.88,131445
haichau,Hải Châu,VN,,Asia/Ho_Chi_Minh,15.92,108.13,131427
limbe,Limbe,CM,,Africa/Douala,4.02,9.21,131381
raniganj_in_28,Rānīganj,IN,28,Asia/Kolkata,23.62,87.13,131261
hepo,Hepo,CN,,Asia/Shanghai,23.43,115.83,131238
iranshahr,Iranshahr,IR,,Asia/Tehran,27.2,60.68,131232
soubre,Soubré,CI,,Africa/Abidjan,5.78,-6.59,131181
onomichi,Onomichi,JP,,Asia/Tokyo,34.42,133.2,131170
itapipoca,Itapipoca,BR,,America/Fortaleza,-3.49,-39.58,131123
crato,Crato,BR,,America/Fortaleza,-7.23,-39.41,131050
denton,Denton,US,,America/Chicago,33.21,-97.13,131044
etah,Etah,IN,,Asia/Kolkata,27.56,78.66,131023
pilibhit,Pīlibhīt,IN,,Asia/Kolkata,28.63,79.8,131008
shangzhi,Shangzhi,CN,,Asia/Shanghai,45.21,128,131006
lashio,Lashio,MM,,Asia/Yangon,22.94,97.75,131000
novomoskovsk,Novomoskovsk,RU,,Europe/Moscow,54.01,38.29,130982
matsubara,Matsubara,JP,,Asia/Tokyo,34.57,135.55,130855
abengourou,Abengourou,CI,,Africa/Abidjan,6.73,-3.5,130810
albab,Al Bāb,SY,,Asia/Damascus,36.37,37.52,130745
shuangcheng,Shuangcheng,CN,,Asia/Shanghai,45.38,126.31,130710
exeter,Exeter,GB,,Europe/London,50.72,-3.53,130709
circoiscrizioneiii,Circoiscrizione III,IT,,Europe/Rome,45.06,7.63,130709
ho,Ho,GH,,Africa/Accra,6.6,0.47,130701
narowal,Narowal,PK,,Asia/Karachi,32.1,74.87,130692
laocai,Lào Cai,VN,,Asia/Bangkok,22.49,103.97,130671
alajaylat,Al Ajaylat,LY,,Africa/Tripoli,32.76,12.38,130546
udonthani,Udon Thani,TH,,Asia/Bangkok,17.42,102.79,130531
baharkah,Baḥarkah,IQ,,Asia/Baghdad,36.32,44.04,130518
bayanlepas,Bayan Lepas,MY,,Asia/Kuala_Lumpur,5.3,100.26,130455
petrogradka,Petrogradka,RU,,Europe/Moscow,59.97,30.31,130455
rajapalayam,Rajapalayam,IN,,Asia/Kolkata,9.45,77.55,130442
zipaquira,Zipaquirá,CO,,America/Bogota,5.02,-74,130432
jiroft,Jīroft,IR,,Asia/Tehran,28.68,57.74,130429
cedarrapids,Cedar Rapids,US,,America/Chicago,42.01,-91.64,130405
dongyang,Dongyang,CN,,Asia/Shanghai,29.27,120.23,130387
nantou,Nantou,CN,,Asia/Shanghai,22.72,113.29,130370
botad,Botad,IN,,Asia/Kolkata,22.17,71.67,130327
nablus,Nablus,PS,,Asia/Hebron,32.22,35.25,130326
newhaven,New Haven,US,,America/New_York,41.31,-72.93,130322
arcahaie,Arcahaie,HT,,America/Port-au-Prince,18.77,-72.51,130306
jiazi,Jiazi,CN,,Asia/Shanghai,22.88,116.07,130298
foumban,Foumban,CM,,Africa/Douala,5.73,10.9,130287
roseville,Roseville,US,,America/Los_Angeles,38.75,-121.29,130269
quilpue,Quilpué,CL,,America/Santiago,-33.05,-71.44,130263
kati,Kati,ML,,Africa/Bamako,12.74,-8.07,130254
serikembangan,Seri Kembangan,MY,,Asia/Kuala_Lumpur,3.03,101.72,130252
kembangan,Kembangan,SG,,Asia/Singapore,1.32,103.91,130252
colchester,Colchester,GB,,Europe/London,51.89,0.9,130245
umea,Umeå,SE,,Europe/Stockholm,63.83,20.26,130224
dindaeng,Din Daeng,TH,,Asia/Bangkok,13.79,100.57,130220
apucarana,Apucarana,BR,,America/Sao_Paulo,-23.55,-51.46,130134
sennar,Sennar,SD,,Africa/Khartoum,13.57,33.57,130122
masaya,Masaya,NI,,America/Managua,11.97,-86.1,130113
visalia,Visalia,US,,America/Los_Angeles,36.33,-119.29,130104
caala,Caála,AO,,Africa/Luanda,-12.85,15.56,130000
sonargaon,Sonārgaon,BD,,Asia/Dhaka,23.65,90.62,130000
tottenham,Tottenham,GB,,Europe/London,51.6,-0.07,130000
zuglo,Zugló,HU,,Europe/Budapest,47.52,19.11,130000
aley,Aley,LB,,Asia/Beirut,33.81,35.6,130000
sanmartin,San Martin,PE,,America/Lima,-5.19,-80.67,130000
tychy,Tychy,PL,,Europe/Warsaw,50.14,18.97,130000
ramenki,Ramenki,RU,,Europe/Moscow,55.7,37.5,130000
wuda,Wuda,CN,,Asia/Shanghai,39.5,106.71,129922
cambridge_ca,Cambridge,CA,,America/Toronto,43.36,-80.31,129920
mardin,Mardin,TR,,Europe/Istanbul,37.31,40.74,129864
pingxiang_cn_16,Pingxiang,CN,16,Asia/Shanghai,22.1,106.76,129843
zwolle,Zwolle,NL,,Europe/Amsterdam,52.51,6.09,129840
baidoa,Baidoa,SO,,Africa/Mogadishu,3.11,43.65,129839
samson,Sầm Sơn,VN,,Asia/Ho_Chi_Minh,19.73,105.9,129801
santoantonio,Santo António,CN,,Asia/Macau,22.2,113.54,129800
salford,Salford,GB,,Europe/London,53.49,-2.29,129794
mandibahauddin,Mandi Bahauddin,PK,,Asia/Karachi,32.59,73.49,129733
tokat,Tokat,TR,,Europe/Istanbul,40.31,36.55,129702
erebuni,Erebuni,AM,,Asia/Yerevan,40.13,44.53,129700
sukrah,Sukrah,TN,,Africa/Tunis,36.88,10.25,129693
omon,Ô Môn,VN,,Asia/Ho_Chi_Minh,10.11,105.62,129683
gapan,Gapan,PH,,Asia/Manila,15.31,120.95,129610
deoria,Deoria,IN,,Asia/Kolkata,26.5,83.78,129570
bayambang,Bayambang,PH,,Asia/Manila,15.81,120.46,129506
mianwali,Mianwali,PK,,Asia/Karachi,32.58,71.53,129500
coralsprings,Coral Springs,US,,America/New_York,26.27,-80.27,129485
sherbrooke,Sherbrooke,CA,,America/Toronto,45.4,-71.9,129447
albayda,Al Bayḑā’,LY,,Africa/Tripoli,32.76,21.76,129439
jardimhelena,Jardim Helena,BR,,America/Sao_Paulo,-23.48,-46.41,129409
sabara,Sabará,BR,,America/Sao_Paulo,-19.89,-43.81,129380
aciliacastelfusanoostiaantica,Acilia-Castel Fusano-Ostia Antica,IT,,Europe/Rome,41.76,12.33,129362
charlottenburg,Charlottenburg,DE,,Europe/Berlin,52.52,13.28,129359
thousandoaks,Thousand Oaks,US,,America/Los_Angeles,34.17,-118.84,129339
columbia_us_mo,Columbia,US,MO,America/Chicago,38.95,-92.33,129330
gyor,Győr,HU,,Europe/Budapest,47.68,17.64,129301
copiapo,Copiapó,CL,,America/Santiago,-27.37,-70.33,129280
vespasiano,Vespasiano,BR,,America/Sao_Paulo,-19.69,-43.92,129246
kokubunji,Kokubunji,JP,,Asia/Tokyo,35.7,139.48,129242
quibdo,Quibdó,CO,,America/Bogota,5.69,-76.66,129237
guelmim,Guelmim,MA,,Africa/Casablanca,28.99,-10.06,129200
charallave,Charallave,VE,,America/Caracas,10.24,-66.86,129182
shahrekord,Shahr-e Kord,IR,,Asia/Tehran,32.33,50.86,129153
malambo,Malambo,CO,,America/Bogota,10.86,-74.77,129148
iwakuni,Iwakuni,JP,,Asia/Tokyo,34.16,132.22,129125
leiyang,Leiyang,CN,,Asia/Shanghai,26.4,112.86,129116
bialoleka,Białołeka,PL,,Europe/Warsaw,52.32,20.97,129106
cadiz,Cadiz,PH,,Asia/Manila,10.95,123.29,129053
carnot,Carnot,CF,,Africa/Bangui,4.94,15.88,129032
batyam,Bat Yam,IL,,Asia/Jerusalem,32.02,34.75,129012
zacatecas,Zacatecas,MX,,America/Mexico_City,22.77,-102.58,129011
elizabeth,Elizabeth,US,,America/New_York,40.66,-74.21,129007
zyablikovo,Zyablikovo,RU,,Europe/Moscow,55.62,37.77,129000
bingoel,Bingöl,TR,,Europe/Istanbul,38.88,40.49,128935
satkhira,Sātkhira,BD,,Asia/Dhaka,22.71,89.07,128918
palonegro,Palo Negro,VE,,America/Caracas,10.17,-67.54,128875
stamford,Stamford,US,,America/New_York,41.05,-73.54,128874
idlib,Idlib,SY,,Asia/Damascus,35.93,36.63,128840
moanda,Moanda,CD,,Africa/Kinshasa,-5.93,12.37,128804
sinah,Sīnah,IQ,,Asia/Baghdad,36.81,43.04,128776
osaki,Ōsaki,JP,,Asia/Tokyo,38.59,140.97,128763
concord,Concord,US,,America/Los_Angeles,37.98,-122.03,128667
leiria,Leiria,PT,,Europe/Lisbon,39.74,-8.81,128640
puno,Puno,PE,,America/Lima,-15.84,-70.02,128637
kamyshin,Kamyshin,RU,,Europe/Volgograd,50.09,45.41,128626
shuanglonghu,Shuanglonghu,CN,,Asia/Shanghai,29.72,106.61,128563
nimach,Nimach,IN,,Asia/Kolkata,24.46,74.87,128561
kafraddawwar,Kafr ad Dawwār,EG,,Africa/Cairo,31.13,30.13,128539
aguasclaras,Águas Claras,BR,,America/Sao_Paulo,-15.84,-48.03,128486
bosquesaude,Bosque Saúde,BR,,America/Sao_Paulo,-23.61,-46.62,128469
novocheboksarsk,Novocheboksarsk,RU,,Europe/Moscow,56.11,47.48,128468
besancon,Besançon,FR,,Europe/Paris,47.25,6.02,128426
lugazi,Lugazi,UG,,Africa/Kampala,0.37,32.94,128400
thanhphosongcong,Thành phố Sông Công,VN,,Asia/Ho_Chi_Minh,21.48,105.84,128357
rosario_ph,Rosario,PH,,Asia/Manila,13.63,121.22,128352
khardah,Khardah,IN,,Asia/Kolkata,22.72,88.38,128346
sakakah,Sakakah,SA,,Asia/Riyadh,29.97,40.21,128332
khenifra,Khenifra,MA,,Africa/Casablanca,32.93,-5.66,128318
almanaqil,Al Manāqil,SD,,Africa/Khartoum,14.25,32.99,128297
teluknaga,Teluknaga,ID,,Asia/Jakarta,-6.1,106.64,128275
rustavi,Rustavi,GE,,Asia/Tbilisi,41.56,44.98,128249
josebonifacio,Jose Bonifacio,BR,,America/Sao_Paulo,-23.57,-46.43,128243
manzanillo_cu,Manzanillo,CU,,America/Havana,20.34,-77.12,128188
yavatmal,Yavatmāl,IN,,Asia/Kolkata,20.39,78.13,128175
halisahar,Hālīsahar,IN,,Asia/Kolkata,22.93,88.42,128172
serpukhov,Serpukhov,RU,,Europe/Moscow,54.92,37.42,128158
rionegro,Rionegro,CO,,America/Bogota,6.16,-75.37,128153
shache,Shache,CN,,Asia/Urumqi,38.42,77.24,128145
siheungdong,Siheungdong,KR,,Asia/Seoul,37.45,126.91,128142
khanna,Khanna,IN,,Asia/Kolkata,30.71,76.22,128137
koidu,Koidu,SL,,Africa/Freetown,8.64,-10.97,128030
norman,Norman,US,,America/Chicago,35.22,-97.44,128026
mosquera,Mosquera,CO,,America/Bogota,4.71,-74.23,128012
orekhovoborisovosevernoye,Orekhovo-Borisovo Severnoye,RU,,Europe/Moscow,55.62,37.68,128000
ivanovskoye,Ivanovskoye,RU,,Europe/Moscow,55.77,37.83,128000
votorantim,Votorantim,BR,,America/Sao_Paulo,-23.55,-47.44,127923
buonho,Buôn Hồ,VN,,Asia/Ho_Chi_Minh,12.95,108.3,127920
chu,Chũ,VN,,Asia/Bangkok,21.37,106.57,127881
vaesteras,Västerås,SE,,Europe/Stockholm,59.62,16.55,127799
seto,Seto,JP,,Asia/Tokyo,35.23,137.1,127792
alhambra,Alhambra,US,,America/Phoenix,33.5,-112.13,127764
titagarh,Titāgarh,IN,,Asia/Kolkata,22.74,88.37,127751
newcastleunderlyme,Newcastle under Lyme,GB,,Europe/London,53,-2.23,127727
opole,Opole,PL,,Europe/Warsaw,50.67,17.93,127676
worcester_za,Worcester,ZA,,Africa/Johannesburg,-33.65,19.45,127597
elblag,Elbląg,PL,,Europe/Warsaw,54.15,19.41,127558
sirajganj,Sirajganj,BD,,Asia/Dhaka,24.46,89.71,127481
jequie,Jequié,BR,,America/Bahia,-13.86,-40.09,127475
plock,Płock,PL,,Europe/Warsaw,52.55,19.71,127474
siguatepeque,Siguatepeque,HN,,America/Tegucigalpa,14.6,-87.83,127468
walbrzych,Wałbrzych,PL,,Europe/Warsaw,50.77,16.28,127431
yevlakh,Yevlakh,AZ,,Asia/Baku,40.62,47.15,127400
mykilskaborshchahivka,Mykilska Borshchahivka,UA,,Europe/Kyiv,50.43,30.37,127400
almanzalah,Al Manzalah,EG,,Africa/Cairo,31.16,31.94,127394
wau,Wau,SS,,Africa/Juba,7.7,27.99,127384
soedermalm,Södermalm,SE,,Europe/Stockholm,59.31,18.08,127323
athens_us,Athens,US,,America/New_York,33.96,-83.38,127315
amaigbo,Amaigbo,NG,,Africa/Lagos,5.79,7.84,127300
vilamariana,Vila Mariana,BR,,America/Sao_Paulo,-23.59,-46.63,127286
chiangmai,Chiang Mai,TH,,Asia/Bangkok,18.79,98.98,127240
lafia,Lafia,NG,,Africa/Lagos,8.49,8.52,127236
jiangyou,Jiangyou,CN,,Asia/Shanghai,31.77,104.72,127225
mustafabad,Mustafābād,IN,,Asia/Kolkata,28.72,77.27,127167
tengyue,Tengyue,CN,,Asia/Shanghai,24.99,98.51,127133
shajing,Shajing,CN,,Asia/Shanghai,22.75,113.82,127089
jinfeng,Jinfeng,CN,,Asia/Shanghai,28.24,116.6,127076
sanctispiritus,Sancti Spíritus,CU,,America/Havana,21.93,-79.44,127069
mataro,Mataró,ES,,Europe/Madrid,41.54,2.44,126988
kent,Kent,US,,America/Los_Angeles,47.38,-122.23,126952
pakokku,Pakokku,MM,,Asia/Yangon,21.33,95.08,126938
murom,Murom,RU,,Europe/Moscow,55.57,42.02,126931
daskakalan,Daska Kalan,PK,,Asia/Karachi,32.32,74.35,126924
sertaozinho,Sertãozinho,BR,,America/Sao_Paulo,-21.14,-47.99,126887
hathras,Hāthras,IN,,Asia/Kolkata,27.6,78.05,126882
pulongsantacruz,Pulong Santa Cruz,PH,,Asia/Manila,14.27,121.08,126844
klaten,Klaten,ID,,Asia/Jakarta,-7.71,110.61,126831
khasavyurt,Khasavyurt,RU,,Europe/Moscow,43.25,46.59,126829
neftekamsk,Neftekamsk,RU,,Asia/Yekaterinburg,56.09,54.26,126805
villaverde,Villaverde,ES,,Europe/Madrid,40.35,-3.7,126802
simivalley,Simi Valley,US,,America/Los_Angeles,34.27,-118.78,126788
bayawan,Bayawan,PH,,Asia/Manila,9.36,122.8,126744
jorhat,Jorhat,IN,,Asia/Kolkata,26.76,94.2,126736
santacruz,Santa Cruz,PH,NCR,Asia/Manila,14.6,120.98,126735
lavictoria,La Victoria,VE,,America/Caracas,10.23,-67.33,126721
pakpattan,Pakpattan,PK,,Asia/Karachi,30.34,73.39,126706
jingzhi,Jingzhi,CN,,Asia/Shanghai,36.31,119.39,126703
danshui_cn,Danshui,CN,,Asia/Shanghai,22.8,114.47,126701
bahawalnagar_pk_04,Bahawalnagar,PK,04,Asia/Karachi,30.55,73.39,126700
circoiscrizionev,Circoiscrizione V,IT,,Europe/Rome,45.1,7.66,126666
barcarena,Barcarena,BR,,America/Belem,-1.51,-48.63,126650
solihull,Solihull,GB,,Europe/London,52.41,-1.78,126577
eastlosangeles,East Los Angeles,US,,America/Los_Angeles,34.02,-118.17,126496
lalitpur,Lalitpur,IN,,Asia/Kolkata,24.69,78.42,126475
jombang,Jombang,ID,,Asia/Jakarta,-7.55,112.23,126465
maxixe,Maxixe,MZ,,Africa/Maputo,-23.86,35.35,126408
nakhonratchasima,Nakhon Ratchasima,TH,,Asia/Bangkok,14.97,102.1,126391
chinandega,Chinandega,NI,,America/Managua,12.63,-87.13,126387
aljadid,Al Jadīd,LY,,Africa/Tripoli,27.05,14.4,126386
lambare,Lambaré,PY,,America/Asuncion,-25.35,-57.61,126377
valinhos,Valinhos,BR,,America/Sao_Paulo,-22.97,-47,126373
macheng,Macheng,CN,,Asia/Shanghai,31.18,115.02,126366
iizuka,Iizuka,JP,,Asia/Tokyo,33.64,130.69,126364
huahin,Hua Hin,TH,,Asia/Bangkok,12.57,99.96,126355
sancarlosdelzulia,San Carlos del Zulia,VE,,America/Caracas,9,-71.93,126353
vilkhivskyi,Vilkhivskyi,UA,,Europe/Kyiv,48.54,39.28,126340
rafah,Rafaḩ,PS,,Asia/Gaza,31.3,34.24,126305
ampang,Ampang,MY,,Asia/Kuala_Lumpur,3.15,101.77,126285
altamira,Altamira,BR,,America/Santarem,-3.2,-52.21,126279
guntakal,Guntakal,IN,,Asia/Kolkata,15.17,77.36,126270
alaer,Ālā'ĕr,CN,,Asia/Urumqi,40.54,81.27,126259
santaclara_us,Santa Clara,US,,America/Los_Angeles,37.35,-121.96,126215
pithampur,Pithampur,IN,,Asia/Kolkata,22.6,75.7,126200
paseh,Paseh,ID,,Asia/Jakarta,-7.07,107.79,126181
mothihari,Mothīhāri,IN,,Asia/Kolkata,26.65,84.92,126158
koganei,Koganei,JP,,Asia/Tokyo,35.7,139.51,126074
retiro,Retiro,ES,,Europe/Madrid,40.41,-3.68,126058
nossasenhoradefatima,Nossa Senhora de Fátima,CN,,Asia/Macau,22.21,113.55,126000
sunsetpark,Sunset Park,US,,America/New_York,40.65,-74.01,126000
topeka,Topeka,US,,America/Chicago,39.05,-95.68,125963
orleans,Orléans,CA,,America/Toronto,45.46,-75.5,125937
paekak,Paek'ak,KP,,Asia/Pyongyang,39.46,125.61,125924
huicheng,Huicheng,CN,,Asia/Shanghai,23.04,116.29,125919
puertoayacucho,Puerto Ayacucho,VE,,America/Caracas,5.66,-67.58,125840
gashua,Gashua,NG,,Africa/Lagos,12.87,11.04,125817
lescayes,Les Cayes,HT,,America/Port-au-Prince,18.19,-73.75,125799
salerno,Salerno,IT,,Europe/Rome,40.68,14.79,125797
savannakhet,Savannakhet,LA,,Asia/Vientiane,16.57,104.76,125760
munuf,Munūf,EG,,Africa/Cairo,30.47,30.93,125707
watford,Watford,GB,,Europe/London,51.66,-0.4,125707
giresun,Giresun,TR,,Europe/Istanbul,40.92,38.39,125682
xiazhen,Xiazhen,CN,,Asia/Shanghai,34.8,117.11,125667
torbateheydariyeh,Torbat-e Ḩeydarīyeh,IR,,Asia/Tehran,35.27,59.22,125633
chaeryongni,Chaeryŏng-ni,KP,,Asia/Pyongyang,38.74,125.23,125631
kastamonu,Kastamonu,TR,,Europe/Istanbul,41.38,33.78,125622
tandoadam,Tando Adam,PK,,Asia/Karachi,25.77,68.66,125598
kanhangad,Kanhangad,IN,,Asia/Kolkata,12.31,75.11,125564
ajlun,‘Ajlūn,JO,,Asia/Amman,32.33,35.75,125557
derince,Derince,TR,,Europe/Istanbul,40.76,29.81,125485
sukawati,Sukawati,ID,,Asia/Makassar,-8.49,115.05,125470
jagdalpur,Jagdalpur,IN,,Asia/Kolkata,19.08,82.02,125463
kuopio,Kuopio,FI,,Europe/Helsinki,62.89,27.68,125462
bangsue,Bang Sue,TH,,Asia/Bangkok,13.81,100.53,125440
losangeles_cl,Los Ángeles,CL,,America/Santiago,-37.47,-72.35,125430
haimen,Haimen,CN,,Asia/Shanghai,23.19,116.61,125427
karabuek,Karabük,TR,,Europe/Istanbul,41.2,32.63,125403
ntuzuma,Ntuzuma,ZA,,Africa/Johannesburg,-29.74,30.95,125394
tsuruoka,Tsuruoka,JP,,Asia/Tokyo,38.72,139.82,125389
saintpeters,Saint Peters,GB,,Europe/London,51.37,1.42,125370
barbacena,Barbacena,BR,,America/Sao_Paulo,-21.23,-43.77,125317
uruma,Uruma,JP,,Asia/Tokyo,26.38,127.86,125303
debretabor,Debre Tabor,ET,,Africa/Addis_Ababa,11.85,38.02,125300
nzega,Nzega,TZ,,Africa/Dar_es_Salaam,-4.22,33.18,125193
abilene,Abilene,US,,America/Chicago,32.45,-99.73,125182
bansamaedam,Ban Samae Dam,TH,,Asia/Bangkok,13.59,100.39,125133
shahecheng,Shahecheng,CN,,Asia/Shanghai,36.94,114.51,125132
kumbo,Kumbo,CM,,Africa/Douala,6.2,10.67,125124
ottawasouth,Ottawa South,CA,,America/Toronto,45.39,-75.69,125090
willemstad,Willemstad,CW,,America/Curacao,12.12,-68.89,125000
balti,Bălţi,MD,,Europe/Chisinau,47.76,27.93,125000
tyoplystan,Tyoply Stan,RU,,Europe/Moscow,55.62,37.49,125000
azzulfi,Az Zulfī,SA,,Asia/Riyadh,26.3,44.82,125000
sultankudarat,Sultan Kudarat,PH,,Asia/Manila,7.23,124.26,124965
betshemesh,Bet Shemesh,IL,,Asia/Jerusalem,31.73,34.99,124957
jagadhri,Jagādhri,IN,,Asia/Kolkata,30.17,77.3,124894
huixquilucan,Huixquilucan,MX,,America/Mexico_City,19.36,-99.35,124846
semnan,Semnan,IR,,Asia/Tehran,35.58,53.39,124826
leon_es,León,ES,,Europe/Madrid,42.6,-5.57,124772
sanfranciscodemacoris,San Francisco de Macorís,DO,,America/Santo_Domingo,19.29,-70.25,124763
yushu_cn_05,Yushu,CN,05,Asia/Shanghai,44.83,126.54,124736
yuanlin,Yuanlin,TW,,Asia/Taipei,23.96,120.58,124725
santatecla,Santa Tecla,SV,,America/El_Salvador,13.68,-89.28,124694
guarapari,Guarapari,BR,,America/Sao_Paulo,-20.67,-40.5,124656
ciudadvalles,Ciudad Valles,MX,,America/Mexico_City,22,-99.01,124644
ouahigouya,Ouahigouya,BF,,Africa/Ouagadougou,13.58,-2.42,124587
poblacion,Poblacion,PH,,Asia/Manila,14.38,121.03,124554
kashiharashi,Kashihara-shi,JP,,Asia/Tokyo,34.51,135.79,124521
ashmun,Ashmūn,EG,,Africa/Cairo,30.3,30.98,124483
agri,Ağrı,TR,,Europe/Istanbul,39.71,43.04,124483
leeuwarden,Leeuwarden,NL,,Europe/Amsterdam,53.2,5.81,124481
bentre,Bến Tre,VN,,Asia/Ho_Chi_Minh,10.24,106.38,124449
monza,Monza,IT,,Europe/Rome,45.58,9.27,124398
newmirpurcity,New Mirpur City,PK,,Asia/Karachi,33.15,73.75,124352
jiparana,Ji Paraná,BR,,America/Porto_Velho,-10.89,-61.95,124333
chia,Chía,CO,,America/Bogota,4.86,-74.06,124309
pinsk,Pinsk,BY,,Europe/Minsk,52.12,26.07,124295
olanchito,Olanchito,HN,,America/Tegucigalpa,15.48,-86.57,124286
koreatown,Koreatown,US,,America/Los_Angeles,34.06,-118.3,124281
targowek,Targówek,PL,,Europe/Warsaw,52.29,21.05,124279
lecheng,Lecheng,CN,,Asia/Shanghai,25.13,113.35,124268
nancun,Nancun,CN,,Asia/Shanghai,36.53,120.13,124210
marand,Marand,IR,,Asia/Tehran,38.43,45.77,124191
assinbillawayn,As Sinbillāwayn,EG,,Africa/Cairo,30.88,31.46,124020
crawley,Crawley,GB,,Europe/London,51.11,-0.18,124008
rudnyy,Rudnyy,KZ,,Asia/Qostanay,52.97,63.11,124000
magangue,Magangué,CO,,America/Bogota,9.24,-74.75,123982
itaguai,Itaguaí,BR,,America/Sao_Paulo,-22.85,-43.78,123980
bemowo,Bemowo,PL,,Europe/Warsaw,52.25,20.91,123932
metz,Metz,FR,,Europe/Paris,49.12,6.17,123914
jiupu,Jiupu,CN,,Asia/Shanghai,41.07,122.95,123843
darjiling,Dārjiling,IN,,Asia/Kolkata,27.03,88.27,123797
baoshan_cn_08,Baoshan,CN,08,Asia/Shanghai,46.57,131.39,123791
salvaleondehigueey,Salvaleón de Higüey,DO,,America/Santo_Domingo,18.62,-68.71,123787
saomateus_br_08,São Mateus,BR,08,America/Sao_Paulo,-18.72,-39.86,123752
butanta,Butanta,BR,,America/Sao_Paulo,-23.57,-46.73,123748
thaton,Thaton,MM,,Asia/Yangon,16.92,97.37,123727
budapestiiikeruelet,Budapest III. kerület,HU,,Europe/Budapest,47.54,19.05,123723
kurichchi,Kurichchi,IN,,Asia/Kolkata,10.96,76.97,123667
lumajang,Lumajang,ID,,Asia/Jakarta,-8.13,113.22,123626
ise,Ise,JP,,Asia/Tokyo,34.48,136.7,123533
hagonoy,Hagonoy,PH,,Asia/Manila,14.83,120.73,123531
uruguaiana,Uruguaiana,BR,,America/Sao_Paulo,-29.75,-57.09,123480
samandag,Samandağ,TR,,Europe/Istanbul,36.08,35.98,123447
caraguatatuba,Caraguatatuba,BR,,America/Sao_Paulo,-23.62,-45.41,123389
itaituba,Itaituba,BR,,America/Santarem,-4.28,-55.98,123314
telde,Telde,ES,,Atlantic/Canary,27.99,-15.42,123265
indramayu,Indramayu,ID,,Asia/Jakarta,-6.33,108.32,123263
relizane,Relizane,DZ,,Africa/Algiers,35.74,0.56,123255
bordjelkiffan,Bordj el Kiffan,DZ,,Africa/Algiers,36.75,3.19,123246
manas,Manas,KG,,Asia/Bishkek,40.94,72.99,123239
kirishima,Kirishima,JP,,Asia/Tokyo,31.74,130.76,123205
orizaba,Orizaba,MX,,America/Mexico_City,18.85,-97.1,123182
bentogoncalves,Bento Gonçalves,BR,,America/Sao_Paulo,-29.17,-51.52,123151
luoyang_cn_30,Luoyang,CN,30,Asia/Shanghai,23.16,114.27,123144
tobateksingh,Toba Tek Singh,PK,,Asia/Karachi,30.97,72.48,123102
braganca,Bragança,BR,,America/Belem,-1.05,-46.77,123082
parung,Parung,ID,,Asia/Jakarta,-6.42,106.73,123078
honmachi,Honmachi,JP,,Asia/Tokyo,32.5,130.6,123067
wolfsburg,Wolfsburg,DE,,Europe/Berlin,52.42,10.78,123064
niihama,Niihama,JP,,Asia/Tokyo,33.96,133.31,123059
jiaohe,Jiaohe,CN,,Asia/Shanghai,43.72,127.33,123018
tsaritsyno,Tsaritsyno,RU,,Europe/Moscow,55.63,37.65,123000
tatui,Tatuí,BR,,America/Sao_Paulo,-23.36,-47.86,122967
doshermanas,Dos Hermanas,ES,,Europe/Madrid,37.28,-5.92,122943
ajapnyak,Ajapnyak,AM,,Asia/Yerevan,40.2,44.47,122800
tabuk_ph_15,Tabuk,PH,15,Asia/Manila,17.47,121.47,122771
tabuk_ph_15_2,Tabuk,PH,15,Asia/Manila,17.41,121.28,122771
damdam,Dam Dam,IN,,Asia/Kolkata,22.63,88.42,122719
hoima,Hoima,UG,,Africa/Kampala,1.43,31.35,122700
alagoinhas,Alagoinhas,BR,,America/Bahia,-12.14,-38.42,122688
azzubayr,Az Zubayr,IQ,,Asia/Baghdad,30.39,47.7,122676
schoeneberg,Schöneberg,DE,,Europe/Berlin,52.5,13.34,122658
beppu,Beppu,JP,,Asia/Tokyo,33.28,131.5,122643
hardoi,Hardoī,IN,,Asia/Kolkata,27.39,80.13,122635
behbahan,Behbahān,IR,,Asia/Tehran,30.6,50.24,122604
itatiba,Itatiba,BR,,America/Sao_Paulo,-23.01,-46.84,122581
huangzhou,Huangzhou,CN,,Asia/Shanghai,30.45,114.8,122563
sheepsheadbay,Sheepshead Bay,US,,America/New_York,40.59,-73.94,122534
puruliya,Puruliya,IN,,Asia/Kolkata,23.33,86.36,122533
ubonratchathani,Ubon Ratchathani,TH,,Asia/Bangkok,15.24,104.85,122533
virginia,Virginia,ZA,,Africa/Johannesburg,-28.1,26.87,122502
brits,Brits,ZA,,Africa/Johannesburg,-25.63,27.78,122497
barretos,Barretos,BR,,America/Sao_Paulo,-20.56,-48.57,122485
beylikduezue,Beylikdüzü,TR,,Europe/Istanbul,40.98,28.64,122452
recklinghausen,Recklinghausen,DE,,Europe/Berlin,51.61,7.2,122438
xiulin,Xiulin,CN,,Asia/Shanghai,29.72,112.4,122411
zhoucun,Zhoucun,CN,,Asia/Shanghai,36.82,117.82,122402
cherkessk,Cherkessk,RU,,Europe/Moscow,44.22,42.05,122395
maastricht,Maastricht,NL,,Europe/Amsterdam,50.85,5.69,122378
amherst,Amherst,US,,America/New_York,42.98,-78.8,122366
igarassu,Igarassu,BR,,America/Recife,-7.83,-34.91,122312
tekirdag,Tekirdağ,TR,,Europe/Istanbul,40.98,27.51,122287
victorville,Victorville,US,,America/Los_Angeles,34.54,-117.29,122225
burtonupontrent,Burton upon Trent,GB,,Europe/London,52.81,-1.64,122199
chishtian,Chishtian,PK,,Asia/Karachi,29.8,72.86,122199
calumpit,Calumpit,PH,,Asia/Manila,14.92,120.77,122187
latphrao,Lat Phrao,TH,,Asia/Bangkok,13.8,100.61,122182
livoberezhnyi,Livoberezhnyi,UA,,Europe/Kyiv,47.11,37.64,122175
goettingen,Göttingen,DE,,Europe/Berlin,51.53,9.93,122149
titiwangsa,Titiwangsa,MY,,Asia/Kuala_Lumpur,3.18,101.7,122096
phasicharoen,Phasi Charoen,TH,,Asia/Bangkok,13.71,100.44,122070
veshnyaki,Veshnyaki,RU,,Europe/Moscow,55.72,37.82,122000
presnenskiy,Presnenskiy,RU,,Europe/Moscow,55.75,37.55,122000
zabol,Zābol,IR,,Asia/Tehran,31.03,61.49,121989
kaya,Kaya,BF,,Africa/Ouagadougou,13.09,-1.08,121970
xiangcheng,Xiangcheng,CN,,Asia/Shanghai,25.47,100.56,121959
dharmavaram,Dharmavaram,IN,,Asia/Kolkata,14.41,77.72,121874
gokalpur,Gokalpur,IN,,Asia/Kolkata,28.7,77.29,121870
adigrat,Ādīgrat,ET,,Africa/Addis_Ababa,14.28,39.46,121800
carora,Carora,VE,,America/Caracas,10.17,-70.08,121741
vallejo,Vallejo,US,,America/Los_Angeles,38.1,-122.26,121692
mackay,Mackay,AU,,Australia/Brisbane,-21.15,149.17,121691
bhadreswar,Bhadreswar,IN,,Asia/Kolkata,22.82,88.34,121662
dorud,Dorūd,IR,,Asia/Tehran,33.49,49.06,121638
bern,Bern,CH,,Europe/Zurich,46.95,7.45,121631
sanpedrodelapaz,San Pedro de la Paz,CL,,America/Santiago,-36.84,-73.1,121631
nagaon,Nagaon,IN,,Asia/Kolkata,26.35,92.67,121628
lahti,Lahti,FI,,Europe/Helsinki,60.98,25.66,121622
vejalpur,Vejalpur,IN,,Asia/Kolkata,22.69,73.56,121610
longshui,Longshui,CN,,Asia/Shanghai,29.57,105.76,121609
siracusa,Siracusa,IT,,Europe/Rome,37.08,15.29,121605
mubende,Mubende,UG,,Africa/Kampala,0.56,31.39,121600
starazagora,Stara Zagora,BG,,Europe/Sofia,42.43,25.64,121582
ondjiva,Ondjiva,AO,,Africa/Luanda,-17.07,15.73,121537
alberton,Alberton,ZA,,Africa/Johannesburg,-26.27,28.12,121536
magelang,Magelang,ID,,Asia/Jakarta,-7.47,110.22,121526
gracia,Gràcia,ES,,Europe/Madrid,41.4,2.16,121502
chikmagalur,Chikmagalūr,IN,,Asia/Kolkata,13.32,75.77,121484
ekibastuz,Ekibastuz,KZ,,Asia/Almaty,51.72,75.32,121470
algeciras,Algeciras,ES,,Europe/Madrid,36.13,-5.45,121414
lafayette,Lafayette,US,,America/Chicago,30.22,-92.02,121374
lianhe,Lianhe,CN,,Asia/Shanghai,47.13,129.27,121367
chico,Chico,US,,America/Los_Angeles,39.73,-121.84,121345
bhadrak,Bhadrak,IN,,Asia/Kolkata,21.05,86.52,121338
northstamford,North Stamford,US,,America/New_York,41.14,-73.54,121230
bergamo,Bergamo,IT,,Europe/Rome,45.7,9.67,121200
ruse,Ruse,BG,,Europe/Sofia,43.85,25.95,121168
sawaimadhopur,Sawai Madhopur,IN,,Asia/Kolkata,26.02,76.34,121106
chonthanh,Chơn Thành,VN,,Asia/Ho_Chi_Minh,11.43,106.64,121083
ambikapur,Ambikāpur,IN,,Asia/Kolkata,23.12,83.2,121071
apalit,Apalit,PH,,Asia/Manila,14.95,120.77,121057
hartford,Hartford,US,,America/New_York,41.76,-72.69,121054
bukittinggi,Bukittinggi,ID,,Asia/Jakarta,-0.31,100.37,121028
dolisie,Dolisie,CG,,Africa/Brazzaville,-4.2,12.67,121000
zyuzino,Zyuzino,RU,,Europe/Moscow,55.66,37.57,121000
sorriso,Sorriso,BR,,America/Cuiaba,-12.55,-55.71,120985
ejido,Ejido,VE,,America/Caracas,8.55,-71.24,120978
berkeley,Berkeley,US,,America/Los_Angeles,37.87,-122.27,120972
xilinhot_cn_20,Xilin Hot,CN,20,Asia/Shanghai,43.97,116.03,120965
plaridel,Plaridel,PH,,Asia/Manila,14.89,120.86,120939
westpalmbeach,West Palm Beach,US,,America/New_York,26.72,-80.05,120932
kashiwara,Kashiwara,JP,,Asia/Tokyo,34.45,135.77,120922
ikoma,Ikoma,JP,,Asia/Tokyo,34.68,135.7,120741
heilbronn,Heilbronn,DE,,Europe/Berlin,49.14,9.22,120733
tuzkhurmatu,Ţūz Khūrmātū,IQ,,Asia/Baghdad,34.89,44.63,120712
trento,Trento,IT,,Europe/Rome,46.07,11.12,120709
shahdadkot,Shahdad Kot,PK,,Asia/Karachi,27.85,67.91,120687
ingolstadt,Ingolstadt,DE,,Europe/Berlin,48.77,11.42,120658
toapayohnewtown,Toa Payoh New Town,SG,,Asia/Singapore,1.34,103.85,120650
guara,Guará,BR,,America/Sao_Paulo,-15.81,-47.97,120641
lichuan,Lichuan,CN,,Asia/Shanghai,30.3,108.85,120587
bangil,Bangil,ID,,Asia/Jakarta,-7.6,112.82,120551
bukitbintang,Bukit Bintang,MY,,Asia/Kuala_Lumpur,3.15,101.71,120529
fengcheng_cn_19,Fengcheng,CN,19,Asia/Shanghai,40.45,124.07,120514
laconcepcion,La Concepción,VE,,America/Caracas,10.62,-71.84,120478
ulm,Ulm,DE,,Europe/Berlin,48.4,9.99,120451
mandoli,Mandoli,IN,,Asia/Kolkata,28.7,77.31,120417
sancarlos,San Carlos,VE,,America/Caracas,9.66,-68.59,120375
wloclawek,Włocławek,PL,,Europe/Warsaw,52.65,19.07,120339
allentown,Allentown,US,,America/New_York,40.61,-75.49,120207
satara,Satara,IN,,Asia/Kolkata,17.69,73.99,120195
baoancentre,Bao'an Centre,CN,,Asia/Shanghai,22.58,113.92,120170
charsadda,Charsadda,PK,,Asia/Karachi,34.15,71.74,120170
fernandodelamora,Fernando de la Mora,PY,,America/Asuncion,-25.34,-57.52,120167
churu,Chūru,IN,,Asia/Kolkata,28.3,74.97,120157
perugia,Perugia,IT,,Europe/Rome,43.11,12.39,120137
gangapur,Gangāpur,IN,,Asia/Kolkata,26.47,76.72,120115
zhujing,Zhujing,CN,,Asia/Shanghai,30.9,121.16,120084
bogje,Bồ Đề,VN,,Asia/Bangkok,21.06,105.87,120028
guelma,Guelma,DZ,,Africa/Algiers,36.46,7.43,120004
internationalcity,International City,AE,,Asia/Dubai,25.16,55.41,120000
dubaimarina,Dubai Marina,AE,,Asia/Dubai,25.09,55.15,120000
zhaoyuan,Zhaoyuan,CN,,Asia/Shanghai,37.36,120.41,120000
nabatiyeettahta,Nabatîyé et Tahta,LB,,Asia/Beirut,33.38,35.48,120000
rustaq,Rustaq,OM,,Asia/Muscat,23.39,57.42,120000
solntsevo,Solntsevo,RU,,Europe/Moscow,55.64,37.38,120000
orekhovozuyevo,Orekhovo-Zuyevo,RU,,Europe/Moscow,55.81,38.99,120000
gereida,Gereida,SD,,Africa/Khartoum,11.28,25.14,120000
cabudwaaq,Cabudwaaq,SO,,Africa/Addis_Ababa,6.25,46.22,120000
cheremushky,Cheremushky,UA,,Europe/Kyiv,46.43,30.71,120000
madhyapurthimi,Madhyapur Thimi,NP,,Asia/Kathmandu,27.68,85.39,119955
saintlouisdeterrebonne,Saint-Louis-de-Terrebonne,CA,,America/Toronto,45.7,-73.79,119944
evansville,Evansville,US,,America/Chicago,37.97,-87.56,119943
bonon,Bonon,CI,,Africa/Abidjan,6.93,-6.05,119938
bottrop,Bottrop,DE,,Europe/Berlin,51.52,6.93,119909
ghotki,Ghotki,PK,,Asia/Karachi,28,69.32,119879
kwekwe,Kwekwe,ZW,,Africa/Harare,-18.93,29.81,119863
malindi,Malindi,KE,,Africa/Nairobi,-3.22,40.12,119859
banichang,Ban I Chang,TH,,Asia/Bangkok,13.71,99.9,119858
rize,Rize,TR,,Europe/Istanbul,41.02,40.52,119828
almirantetamandare,Almirante Tamandaré,BR,,America/Sao_Paulo,-25.32,-49.31,119825
jaranwala,Jaranwala,PK,,Asia/Karachi,31.33,73.42,119785
palmbay,Palm Bay,US,,America/New_York,28.03,-80.59,119760
salto,Salto,BR,,America/Sao_Paulo,-23.2,-47.29,119736
ann,Ann,MM,,Asia/Yangon,19.8,94.05,119714
leiden,Leiden,NL,,Europe/Amsterdam,52.16,4.49,119713
thonburi,Thon Buri,TH,,Asia/Bangkok,13.73,100.49,119708
ajax,Ajax,CA,,America/Toronto,43.85,-79.03,119677
bergedorf,Bergedorf,DE,,Europe/Berlin,53.48,10.23,119665
pescara,Pescara,IT,,Europe/Rome,42.46,14.2,119554
modakeke,Modakeke,NG,,Africa/Lagos,7.38,4.26,119529
nobeoka,Nobeoka,JP,,Asia/Tokyo,32.58,131.67,119521
nazarabad_ir_26,Naz̧arābād,IR,26,Asia/Tehran,35.61,51.16,119512
silang,Silang,PH,,Asia/Manila,14.22,120.97,119475
amanfrom,Amanfrom,GH,,Africa/Accra,5.54,-0.4,119467
mohammadshahr,Moḩammad Shahr,IR,,Asia/Tehran,35.76,50.92,119418
izeh,Īz̄eh,IR,,Asia/Tehran,31.83,49.87,119399
nazilli,Nazilli,TR,,Europe/Istanbul,37.92,28.32,119370
daito,Daitō,JP,,Asia/Tokyo,34.71,135.62,119367
hoacuong,Hòa Cường,VN,,Asia/Ho_Chi_Minh,16.04,108.18,119363
lira,Lira,UG,,Africa/Kampala,2.25,32.9,119323
toledo_br,Toledo,BR,,America/Sao_Paulo,-24.71,-53.74,119313
pforzheim,Pforzheim,DE,,Europe/Berlin,48.88,8.7,119313
salihli,Salihli,TR,,Europe/Istanbul,38.48,28.15,119311
arabkir,Arabkir,AM,,Asia/Yerevan,40.21,44.5,119300
portdickson,Port Dickson,MY,,Asia/Kuala_Lumpur,2.52,101.8,119300
berkane,Berkane,MA,,Africa/Casablanca,34.92,-2.32,119284
dordrecht,Dordrecht,NL,,Europe/Amsterdam,51.81,4.67,119260
battambang,Battambang,KH,,Asia/Phnom_Penh,13.1,103.2,119251
offenbach,Offenbach,DE,,Europe/Berlin,50.1,8.77,119192
arapongas,Arapongas,BR,,America/Sao_Paulo,-23.42,-51.42,119138
kitami,Kitami,JP,,Asia/Tokyo,43.8,143.89,119135
vinhyen,Vĩnh Yên,VN,,Asia/Bangkok,21.31,105.6,119128
madhavaram,Madhavaram,IN,,Asia/Kolkata,13.15,80.23,119105
cagua,Cagua,VE,,America/Caracas,10.19,-67.46,119033
fujairah,Fujairah,AE,,Asia/Dubai,25.12,56.34,118933
mandimba,Mandimba,MZ,,Africa/Maputo,-14.35,35.65,118922
reykjavik,Reykjavík,IS,,Atlantic/Reykjavik,64.14,-21.9,118918
dohad,Dohad,IN,,Asia/Kolkata,22.83,74.26,118846
cheltenham,Cheltenham,GB,,Europe/London,51.9,-2.08,118836
huaraz,Huaraz,PE,,America/Lima,-9.53,-77.53,118836
santacolomadegramenet,Santa Coloma de Gramenet,ES,,Europe/Madrid,41.45,2.21,118821
piraquara,Piraquara,BR,,America/Sao_Paulo,-25.44,-49.07,118730
barshi,Barshi,IN,,Asia/Kolkata,18.23,75.69,118722
lhasa,Lhasa,CN,,Asia/Shanghai,29.65,91.1,118721
bacquang,Bắc Quang,VN,,Asia/Ho_Chi_Minh,22.48,104.87,118690
xunchang,Xunchang,CN,,Asia/Shanghai,28.45,104.71,118664
hungyen,Hưng Yên,VN,,Asia/Bangkok,20.65,106.05,118646
miramar_mx,Miramar,MX,,America/Monterrey,22.36,-97.9,118614
bremerhaven,Bremerhaven,DE,,Europe/Berlin,53.55,8.58,118610
queenstown,Queenstown,ZA,,Africa/Johannesburg,-31.9,26.88,118599
nanbin,Nanbin,CN,,Asia/Shanghai,30,108.11,118597
khlongluang,Khlong Luang,TH,,Asia/Bangkok,14.06,100.65,118551
adilabad,Ādilābād,IN,,Asia/Kolkata,19.67,78.54,118526
fargo,Fargo,US,,America/Chicago,46.88,-96.79,118523
brugge,Brugge,BE,,Europe/Brussels,51.21,3.22,118509
jhunjhunun,Jhunjhunūn,IN,,Asia/Kolkata,28.13,75.4,118473
igualadelaindependencia,Iguala de la Independencia,MX,,America/Mexico_City,18.35,-99.54,118468
sarandi,Sarandi,BR,,America/Sao_Paulo,-23.44,-51.87,118455
senadorcanedo,Senador Canedo,BR,,America/Sao_Paulo,-16.71,-49.09,118451
zomba,Zomba,MW,,Africa/Blantyre,-15.39,35.32,118440
sepatan,Sepatan,ID,,Asia/Jakarta,-6.12,106.58,118439
malita,Malita,PH,,Asia/Manila,6.42,125.61,118438
zielonagora,Zielona Góra,PL,,Europe/Warsaw,51.94,15.51,118433
jetpur,Jetpur,IN,,Asia/Kolkata,21.75,70.62,118302
tsentralnomiskyi,Tsentralno-Miskyi,UA,,Europe/Kyiv,48.3,38.03,118283
uppalkalan,Uppal Kalan,IN,,Asia/Kolkata,17.41,78.56,118259
maghaghah,Maghāghah,EG,,Africa/Cairo,28.65,30.84,118223
pitakotte,Pita Kotte,LK,,Asia/Colombo,6.89,79.9,118179
guiguinto,Guiguinto,PH,,Asia/Manila,14.83,120.88,118173
gudivada,Gudivāda,IN,,Asia/Kolkata,16.44,81,118167
setubal,Setúbal,PT,,Europe/Lisbon,38.52,-8.89,118166
torrejondeardoz,Torrejón de Ardoz,ES,,Europe/Madrid,40.46,-3.47,118162
aizuwakamatsu,Aizu-Wakamatsu,JP,,Asia/Tokyo,37.49,139.95,118159
bama,Bama,NG,,Africa/Lagos,11.52,13.69,118121
ilobu,Ilobu,NG,,Africa/Lagos,7.84,4.49,118089
manolofortich,Manolo Fortich,PH,,Asia/Manila,8.37,124.86,118075
kienan,Kiến An,VN,,Asia/Bangkok,20.81,106.63,118047
jandira,Jandira,BR,,America/Sao_Paulo,-23.53,-46.9,118045
guaratingueta,Guaratinguetá,BR,,America/Sao_Paulo,-22.82,-45.19,118044
sanrafael,San Rafael,AR,,America/Argentina/Mendoza,-34.62,-68.33,118009
shaoshan,Shaoshan,CN,,Asia/Shanghai,27.92,112.52,118000
troparevo,Troparëvo,RU,,Europe/Moscow,55.66,37.48,118000
nghixuan,Nghi Xuân,VN,,Asia/Bangkok,18.66,105.75,118000
baran,Bārān,IN,,Asia/Kolkata,25.1,76.52,117992
narmadapuram,Narmadapuram,IN,,Asia/Kolkata,22.75,77.73,117988
amreli,Amreli,IN,,Asia/Kolkata,21.6,71.21,117967
nakhonpathom,Nakhon Pathom,TH,,Asia/Bangkok,13.82,100.04,117927
manfalut,Manfalūţ,EG,,Africa/Cairo,27.31,30.97,117925
kakegawa,Kakegawa,JP,,Asia/Tokyo,34.77,138.02,117925
handa,Handa,JP,,Asia/Tokyo,34.88,136.93,117884
wushan,Wushan,CN,,Asia/Shanghai,31.08,109.88,117873
friedrichshainbezirk,Friedrichshain,DE,,Europe/Berlin,52.52,13.45,117829
abomey,Abomey,BJ,,Africa/Porto-Novo,7.18,1.99,117824
sokode,Sokodé,TG,,Africa/Lome,8.98,1.13,117811
araguari,Araguari,BR,,America/Sao_Paulo,-18.65,-48.19,117808
tarnow,Tarnów,PL,,Europe/Warsaw,50.01,20.99,117799
bangkoknoi,Bangkok Noi,TH,,Asia/Bangkok,13.76,100.48,117793
jalingo,Jalingo,NG,,Africa/Lagos,8.89,11.36,117757
raposotavares,Raposo Tavares,BR,,America/Sao_Paulo,-23.59,-46.79,117738
saanich,Saanich,CA,,America/Vancouver,48.55,-123.37,117735
ibanda,Ibanda,UG,,Africa/Kampala,-0.13,30.5,117700
bairrodapenha,Bairro da Penha,BR,,America/Sao_Paulo,-23.37,-46.31,117691
nyiregyhaza,Nyíregyháza,HU,,Europe/Budapest,47.96,21.72,117689
sano,Sano,JP,,Asia/Tokyo,36.32,139.58,117669
karatsu,Karatsu,JP,,Asia/Tokyo,33.44,129.97,117663
achinsk,Achinsk,RU,,Asia/Krasnoyarsk,56.27,90.5,117634
pudukkottai,Pudukkottai,IN,,Asia/Kolkata,10.38,78.82,117630
shunyi,Shunyi,CN,,Asia/Shanghai,40.12,116.65,117623
rotherham,Rotherham,GB,,Europe/London,53.43,-1.36,117618
ciudaddevilladealvarez,Ciudad de Villa de Álvarez,MX,,America/Mexico_City,19.27,-103.74,117600
rouiba,Rouiba,DZ,,Africa/Algiers,36.74,3.28,117558
banyuwangi,Banyuwangi,ID,,Asia/Jakarta,-8.23,114.36,117558
tebingtinggi,Tebingtinggi,ID,,Asia/Jakarta,3.33,99.16,117530
tigwav,Tigwav,HT,,America/Port-au-Prince,18.43,-72.87,117504
narasaraopet,Narasaraopet,IN,,Asia/Kolkata,16.23,80.05,117489
lisala,Lisala,CD,,Africa/Kinshasa,2.15,21.52,117464
badin,Badin,PK,,Asia/Karachi,24.66,68.84,117455
banfora,Banfora,BF,,Africa/Ouagadougou,10.64,-4.75,117452
puntaarenas,Punta Arenas,CL,,America/Punta_Arenas,-53.16,-70.91,117430
kadoma_zw,Kadoma,ZW,,Africa/Harare,-18.33,29.92,117381
midsayap,Midsayap,PH,,Asia/Manila,7.19,124.53,117365
pyinoolwin,Pyin Oo Lwin,MM,,Asia/Yangon,22.04,96.46,117303
clearwater,Clearwater,US,,America/New_York,27.97,-82.8,117292
himamaylan,Himamaylan,PH,,Asia/Manila,10.1,122.87,117286
independence,Independence,US,,America/Chicago,39.09,-94.42,117255
heroicaguaymas,Heroica Guaymas,MX,,America/Hermosillo,27.92,-110.9,117253
kedungwuni,Kedungwuni,ID,,Asia/Jakarta,-6.97,109.65,117249
ilebo,Ilebo,CD,,Africa/Lubumbashi,-4.33,20.59,117245
kristiansand,Kristiansand,NO,,Europe/Oslo,58.15,8,117237
longjing,Longjing,CN,,Asia/Shanghai,42.77,129.42,117185
kroonstad,Kroonstad,ZA,,Africa/Johannesburg,-27.65,27.23,117152
remscheid,Remscheid,DE,,Europe/Berlin,51.18,7.19,117118
billings,Billings,US,,America/Denver,45.78,-108.5,117116
moengyang,Möng Yang,MM,,Asia/Yangon,21.85,99.68,117108
umuarama,Umuarama,BR,,America/Sao_Paulo,-23.77,-53.32,117095
cacak,Čačak,RS,,Europe/Belgrade,43.89,20.35,117072
annarbor,Ann Arbor,US,,America/Detroit,42.28,-83.74,117070
losbanos,Los Baños,PH,,Asia/Manila,14.17,121.24,117030
duekoue,Duekoué,CI,,Africa/Abidjan,6.74,-7.35,117023
higashikurume,Higashikurume,JP,,Asia/Tokyo,35.75,139.51,117020
rishra,Rishra,IN,,Asia/Kolkata,22.72,88.35,117014
pinhais,Pinhais,BR,,America/Sao_Paulo,-25.44,-49.19,117000
kyzyl,Kyzyl,RU,,Asia/Krasnoyarsk,51.71,94.44,116983
cadiz_es,Cadiz,ES,,Europe/Madrid,36.53,-6.29,116979
dabrowagornicza,Dąbrowa Górnicza,PL,,Europe/Warsaw,50.33,19.2,116971
faqus,Fāqūs,EG,,Africa/Cairo,30.73,31.8,116945
tacurong,Tacurong,PH,,Asia/Manila,6.69,124.68,116945
hofu,Hōfu,JP,,Asia/Tokyo,34.05,131.57,116925
gabela,Gabela,AO,,Africa/Luanda,-10.85,14.38,116903
serangoon,Serangoon,SG,,Asia/Singapore,1.36,103.9,116900
serangoonnewtown,Serangoon New Town,SG,,Asia/Singapore,1.35,103.87,116900
funza,Funza,CO,,America/Bogota,4.72,-74.21,116890
baripada,Baripāda,IN,,Asia/Kolkata,21.93,86.73,116849
konosu,Kōnosu,JP,,Asia/Tokyo,36.07,139.52,116828
soreang,Soreang,ID,,Asia/Jakarta,-7.03,107.52,116780
smolyanskyi,Smolyanskyi,UA,,Europe/Kyiv,48.01,37.74,116779
dinaig,Dinaig,PH,,Asia/Manila,7.17,124.21,116768
manpo,Manp’o,KP,,Asia/Pyongyang,41.15,126.29,116760
muktsar,Muktsar,IN,,Asia/Kolkata,30.47,74.52,116747
elmonte,El Monte,US,,America/Los_Angeles,34.07,-118.03,116732
forli,Forlì,IT,,Europe/Rome,44.22,12.04,116696
azamgarh,Azamgarh,IN,,Asia/Kolkata,26.07,83.18,116644
santamaria_br_07,Santa Maria,BR,07,America/Sao_Paulo,-16.03,-48.03,116622
masaka,Masaka,UG,,Africa/Kampala,-0.33,31.73,116600
ahmadpureast,Ahmadpur East,PK,,Asia/Karachi,29.14,71.26,116579
cogjo,Cờ Đỏ,VN,,Asia/Ho_Chi_Minh,10.09,105.43,116576
taldykorgan,Taldykorgan,KZ,,Asia/Almaty,45.02,78.37,116558
moncloaaravaca,Moncloa-Aravaca,ES,,Europe/Madrid,40.44,-3.73,116531
gulin,Gulin,CN,,Asia/Shanghai,28.04,105.81,116527
almajaz,Al Majaz,AE,,Asia/Dubai,25.32,55.39,116503
thungkhru,Thung Khru,TH,,Asia/Bangkok,13.63,100.51,116473
barnala,Barnāla,IN,,Asia/Kolkata,30.37,75.55,116449
yelahanka,Yelahanka,IN,,Asia/Kolkata,13.1,77.6,116447
pattaya,Pattaya,TH,,Asia/Bangkok,12.93,100.88,116417
chittorgarh,Chittorgarh,IN,,Asia/Kolkata,24.89,74.62,116406
chenggu,Chenggu,CN,,Asia/Shanghai,33.15,107.33,116375
harlem,Harlem,US,,America/New_York,40.81,-73.95,116345
orleans_fr,Orléans,FR,,Europe/Paris,47.9,1.9,116344
rouen,Rouen,FR,,Europe/Paris,49.44,1.1,116331
tinsukia,Tinsukia,IN,,Asia/Kolkata,27.49,95.36,116322
westminster,Westminster,US,,America/Denver,39.84,-105.04,116317
dasha,Dasha,CN,,Asia/Shanghai,23.11,113.44,116307
yakeshi,Yakeshi,CN,,Asia/Shanghai,49.28,120.73,116284
ipiranga,Ipiranga,BR,,America/Sao_Paulo,-23.6,-46.62,116271
makumbako,Makumbako,TZ,,Africa/Dar_es_Salaam,-8.85,34.83,116232
khargone,Khargone,IN,,Asia/Kolkata,21.82,75.61,116150
mariara,Mariara,VE,,America/Caracas,10.3,-67.72,116142
digos,Digos,PH,,Asia/Manila,6.75,125.36,116122
tshilenge,Tshilenge,CD,,Africa/Lubumbashi,-10.97,22.9,116073
ainbeida,Aïn Beïda,DZ,,Africa/Algiers,35.8,7.39,116064
shahrejadideandisheh,Shahre Jadide Andisheh,IR,,Asia/Tehran,35.68,51.02,116062
andisheh,Andīsheh,IR,,Asia/Tehran,35.75,51.28,116062
alcobendas,Alcobendas,ES,,Europe/Madrid,40.55,-3.64,116037
kissidougou,Kissidougou,GN,,Africa/Conakry,9.18,-10.1,116019
santungchunghang,San Tung Chung Hang,HK,,Asia/Hong_Kong,22.28,113.94,116000
taganskiy,Taganskiy,RU,,Europe/Moscow,55.73,37.67,116000
roundrock,Round Rock,US,,America/Chicago,30.51,-97.68,115997
noginsk,Noginsk,RU,,Europe/Moscow,55.86,38.45,115979
tinaquillo,Tinaquillo,VE,,America/Caracas,9.92,-68.3,115937
wilmington,Wilmington,US,,America/New_York,34.24,-77.95,115933
cavitecity,Cavite City,PH,,Asia/Manila,14.48,120.9,115932
campogrande_br_27,Campo Grande,BR,27,America/Sao_Paulo,-23.67,-46.69,115925
eastharlem,East Harlem,US,,America/New_York,40.79,-73.94,115921
formosa_br,Formosa,BR,,America/Sao_Paulo,-15.54,-47.33,115901
tandil,Tandil,AR,,America/Argentina/Buenos_Aires,-37.33,-59.14,115877
zoetermeer,Zoetermeer,NL,,Europe/Amsterdam,52.06,4.49,115845
saogoncalodoamarante,São Gonçalo do Amarante,BR,,America/Fortaleza,-5.79,-35.33,115838
srijayewardenepurakotte,Sri Jayewardenepura Kotte,LK,,Asia/Colombo,6.88,79.91,115826
nasushiobara,Nasushiobara,JP,,Asia/Tokyo,36.98,140.07,115794
catanduva,Catanduva,BR,,America/Sao_Paulo,-21.14,-48.97,115791
varzeapaulista,Várzea Paulista,BR,,America/Sao_Paulo,-23.21,-46.83,115771
baisha,Baisha,CN,,Asia/Shanghai,29.06,106.12,115761
banimazar,Banī Mazār,EG,,Africa/Cairo,28.49,30.81,115759
urasoe,Urasoe,JP,,Asia/Tokyo,26.26,127.73,115690
santana,Santana,BR,27,America/Sao_Paulo,-23.49,-46.64,115689
yelets,Yelets,RU,,Europe/Moscow,52.61,38.51,115688
suanluang,Suan Luang,TH,,Asia/Bangkok,13.73,100.65,115658
parla,Parla,ES,,Europe/Madrid,40.24,-3.77,115611
myhao,Mỹ Hào,VN,,Asia/Bangkok,20.92,106.08,115608
anliu,Anliu,CN,,Asia/Shanghai,23.7,115.68,115560
ribeiraopires,Ribeirão Pires,BR,,America/Sao_Paulo,-23.71,-46.41,115559
recantodasemas,Recanto das Emas,BR,,America/Sao_Paulo,-15.91,-48.06,115550
chunga,Chunga,ZM,,Africa/Lusaka,-15.32,28.27,115539
novoperedelkino,Novo-Peredelkino,RU,,Europe/Moscow,55.65,37.34,115536
baidyabati,Baidyabāti,IN,,Asia/Kolkata,22.78,88.33,115504
okigwe,Okigwe,NG,,Africa/Lagos,5.83,7.35,115499
arrifa,Ar Rifā‘,BH,,Asia/Bahrain,26.13,50.56,115495
uzhhorod,Uzhhorod,UA,,Europe/Kyiv,48.62,22.29,115449
kasese,Kasese,UG,,Africa/Kampala,0.18,30.08,115400
lengshuijiang,Lengshuijiang,CN,,Asia/Shanghai,27.69,111.43,115399
tianfu,Tianfu,CN,,Asia/Shanghai,37.26,122.05,115370
arvada,Arvada,US,,America/Denver,39.8,-105.09,115368
otaru,Otaru,JP,,Asia/Tokyo,43.19,141,115333
tayabas,Tayabas,PH,,Asia/Manila,14.03,121.59,115318
inkisi,Inkisi,CD,,Africa/Kinshasa,-5.13,15.05,115317
irigacity,Iriga City,PH,,Asia/Manila,13.43,123.41,115306
vacoas,Vacoas,MU,,Indian/Mauritius,-20.3,57.48,115289
beaumont,Beaumont,US,,America/Chicago,30.09,-94.1,115282
vlore,Vlorë,AL,,Europe/Tirane,40.47,19.48,115261
sanxia,Sanxia,TW,,Asia/Taipei,24.93,121.37,115185
provo,Provo,US,,America/Denver,40.23,-111.66,115162
basti,Bastī,IN,,Asia/Kolkata,26.79,82.72,115115
peoria_us_il,Peoria,US,IL,America/Chicago,40.69,-89.59,115070
ezeiza,Ezeiza,AR,,America/Argentina/Buenos_Aires,-34.85,-58.52,115021
xiva,Xiva,UZ,,Asia/Samarkand,41.39,60.36,115000
amasya,Amasya,TR,,Europe/Istanbul,40.65,35.83,114921
mendoza,Mendoza,AR,,America/Argentina/Mendoza,-32.89,-68.85,114893
balkh,Balkh,AF,,Asia/Kabul,36.76,66.9,114883
mingshui,Mingshui,CN,,Asia/Shanghai,36.72,117.5,114858
vilamedeiros,Vila Medeiros,BR,,America/Sao_Paulo,-23.49,-46.58,114839
phonggjien,Phong Điền,VN,,Asia/Bangkok,16.58,107.36,114820
wangthonglang,Wang Thonglang,TH,,Asia/Bangkok,13.79,100.61,114768
carlsbad,Carlsbad,US,,America/Los_Angeles,33.16,-117.35,114746
mandera,Mandera,KE,,Africa/Nairobi,3.94,41.86,114718
qiaotou,Qiaotou,CN,,Asia/Shanghai,36.94,101.67,114712
gyumri,Gyumri,AM,,Asia/Yerevan,40.79,43.85,114667
silopi,Silopi,TR,,Europe/Istanbul,37.24,42.46,114645
gangavati,Gangavati,IN,,Asia/Kolkata,15.43,76.53,114642
ambur,Ambur,IN,,Asia/Kolkata,12.79,78.72,114608
gorzowwielkopolski,Gorzów Wielkopolski,PL,,Europe/Warsaw,52.73,15.23,114567
simoesfilho,Simões Filho,BR,,America/Bahia,-12.78,-38.4,114559
giridih,Giridih,IN,,Asia/Kolkata,24.19,86.31,114533
phoolnagar,Phool Nagar,PK,,Asia/Karachi,31.2,73.95,114530
quezon,Quezon,PH,,Asia/Manila,7.73,125.1,114521
aryanah,Aryanah,TN,,Africa/Tunis,36.86,10.19,114486
tungipara,Tungipara,BD,,Asia/Dhaka,22.9,89.9,114482
ichinoseki,Ichinoseki,JP,,Asia/Tokyo,38.92,141.13,114476
khenchela,Khenchela,DZ,,Africa/Algiers,35.44,7.14,114472
khonkaen,Khon Kaen,TH,,Asia/Bangkok,16.45,102.83,114459
odessa,Odessa,US,,America/Chicago,31.85,-102.37,114428
catalao,Catalão,BR,,America/Sao_Paulo,-18.17,-47.95,114427
tandomuhammadkhan,Tando Muhammad Khan,PK,,Asia/Karachi,25.12,68.54,114406
springfield_us_il,Springfield,US,IL,America/Chicago,39.8,-89.64,114394
somaroboro,Somaroboro,ZA,,Africa/Johannesburg,-25.35,28.83,114369
guadalajaradebuga,Guadalajara de Buga,CO,,America/Bogota,3.9,-76.3,114316
pamanukan,Pamanukan,ID,,Asia/Jakarta,-6.28,107.81,114290
codo,Codó,BR,,America/Fortaleza,-4.46,-43.89,114275
pleiku,Pleiku,VN,,Asia/Ho_Chi_Minh,13.98,108,114225
downey,Downey,US,,America/Los_Angeles,33.94,-118.13,114219
lowerhutt,Lower Hutt,NZ,,Pacific/Auckland,-41.22,174.92,114200
yuyao,Yuyao,CN,,Asia/Shanghai,30.05,121.15,114177
ranyah,Rānyah,IQ,,Asia/Baghdad,36.26,44.88,114173
hatsukaichi,Hatsukaichi,JP,,Asia/Tokyo,34.35,132.33,114173
tungchung,Tung Chung,HK,,Asia/Hong_Kong,22.29,113.94,114100
siirt,Siirt,TR,,Europe/Istanbul,37.93,41.94,114034
korolyov,Korolyov,UA,,Europe/Kyiv,50.24,28.7,114034
zhaozhou,Zhaozhou,CN,,Asia/Shanghai,45.71,125.27,114009
villalugano,Villa Lugano,AR,,America/Argentina/Buenos_Aires,-34.68,-58.47,114000
ochakovomatveyevskoye,Ochakovo-Matveyevskoye,RU,,Europe/Moscow,55.68,37.45,114000
puntacardon,Punta Cardón,VE,,America/Caracas,11.66,-70.21,113999
akishima,Akishima,JP,,Asia/Tokyo,35.72,139.38,113949
chililabombwe,Chililabombwe,ZM,,Africa/Lusaka,-12.36,27.82,113876
rivieredesprairiespointeauxtrembles,Rivière-des-Prairies–Pointe-aux-Trembles,CA,,America/Toronto,45.64,-73.58,113868
worthing,Worthing,GB,,Europe/London,50.82,-0.38,113866
navojoa,Navojoa,MX,,America/Hermosillo,27.07,-109.44,113836
offa,Offa,NG,,Africa/Lagos,8.15,4.72,113830
tobolsk,Tobolsk,RU,,Asia/Yekaterinburg,58.2,68.25,113800
tokai,Tōkai,JP,,Asia/Tokyo,35.02,136.91,113787
wardha,Wardha,IN,,Asia/Kolkata,20.74,78.6,113759
wansheng,Wansheng,CN,,Asia/Shanghai,28.96,106.93,113751
eunapolis,Eunápolis,BR,,America/Bahia,-16.38,-39.58,113710
wayaobu,Wayaobu,CN,,Asia/Shanghai,37.14,109.66,113698
hikone,Hikone,JP,,Asia/Tokyo,35.25,136.25,113647
nagahama,Nagahama,JP,,Asia/Tokyo,35.38,136.27,113636
pingshan,Pingshan,CN,,Asia/Shanghai,22.99,114.71,113631
songyuan,Songyuan,CN,,Asia/Shanghai,45.13,124.83,113611
maba,Maba,CN,,Asia/Shanghai,24.68,113.6,113609
fujimino,Fujimino,JP,,Asia/Tokyo,35.9,139.52,113597
doncaster,Doncaster,GB,,Europe/London,53.52,-1.13,113566
binhthuy,Bình Thủy,VN,,Asia/Ho_Chi_Minh,10.07,105.74,113565
dumaguete,Dumaguete,PH,,Asia/Manila,9.31,123.31,113541
budapestxiiikeruelet,Budapest XIII. kerület,HU,,Europe/Budapest,47.53,19.08,113531
nippes,Nippes,DE,,Europe/Berlin,50.97,6.95,113487
jaen,Jaén,ES,,Europe/Madrid,37.77,-3.79,113457
chengqiao,Chengqiao,CN,,Asia/Shanghai,31.63,121.39,113442
chorzow,Chorzów,PL,,Europe/Warsaw,50.31,18.97,113430
porzamrhein,Porz am Rhein,DE,,Europe/Berlin,50.89,7.06,113415
louga,Louga,SN,,Africa/Dakar,15.62,-16.22,113365
elmhurst,Elmhurst,US,,America/New_York,40.74,-73.88,113364
hoangmai,Hoàng Mai,VN,,Asia/Bangkok,19.27,105.72,113360
kamsar,Kamsar,GN,,Africa/Conakry,10.65,-14.62,113350
itabira,Itabira,BR,,America/Sao_Paulo,-19.62,-43.23,113343
yaritagua,Yaritagua,VE,,America/Caracas,10.08,-69.12,113343
khwisero,Khwisero,KE,,Africa/Nairobi,0.17,34.59,113294
costamesa,Costa Mesa,US,,America/Los_Angeles,33.64,-117.92,113204
miamigardens,Miami Gardens,US,,America/New_York,25.94,-80.25,113187
chesterfield,Chesterfield,GB,,Europe/London,53.25,-1.42,113057
northpeoria,North Peoria,US,,America/Chicago,40.72,-89.58,113004
shchyolkovo,Shchyolkovo,RU,,Europe/Moscow,55.92,37.97,113000
alfashn,Al Fashn,EG,,Africa/Cairo,28.82,30.9,112999
fairfield,Fairfield,US,,America/Los_Angeles,38.25,-122.04,112970
guanabacoa,Guanabacoa,CU,,America/Havana,23.13,-82.3,112964
hammanskraal,Hammanskraal,ZA,,Africa/Johannesburg,-25.41,28.29,112950
oshu,Ōshū,JP,,Asia/Tokyo,39.14,141.17,112937
taourirt,Taourirt,MA,,Africa/Casablanca,34.41,-2.9,112908
pauloafonso,Paulo Afonso,BR,,America/Bahia,-9.41,-38.21,112870
talkha,Ţalkhā,EG,,Africa/Cairo,31.05,31.38,112851
neili,Neili,TW,,Asia/Taipei,24.97,121.26,112845
vihari,Vihari,PK,,Asia/Karachi,30.04,72.36,112840
taonan,Taonan,CN,,Asia/Shanghai,45.33,122.78,112819
youkaichi,Youkaichi,JP,,Asia/Tokyo,35.12,136.2,112819
kazo,Kazo,JP,,Asia/Tokyo,36.12,139.6,112792
santaluciacotzumalguapa,Santa Lucía Cotzumalguapa,GT,,America/Guatemala,14.34,-91.02,112780
joenkoeping,Jönköping,SE,,Europe/Stockholm,57.78,14.16,112766
cityofportphillip,City of Port Phillip,AU,,Australia/Melbourne,-37.83,144.94,112669
tadepalligudem,Tadepalligudem,IN,,Asia/Kolkata,16.81,81.53,112655
haikou_cn_29,Haikou,CN,29,Asia/Shanghai,24.78,102.58,112644
lansing,Lansing,US,,America/Detroit,42.73,-84.56,112644
chanduasi,Chanduasi,IN,,Asia/Kolkata,28.45,78.78,112635
bagaha,Bagaha,IN,,Asia/Kolkata,27.1,84.09,112634
nefteyugansk,Nefteyugansk,RU,,Asia/Yekaterinburg,61.1,72.6,112632
reutlingen,Reutlingen,DE,,Europe/Berlin,48.49,9.2,112627
bushwick,Bushwick,US,,America/New_York,40.69,-73.92,112620
upata,Upata,VE,,America/Caracas,8.02,-62.41,112617
shaowu,Shaowu,CN,,Asia/Shanghai,27.34,117.48,112585
mengmao,Mengmao,CN,,Asia/Shanghai,24,97.86,112578
tangaradaserra,Tangará da Serra,BR,,America/Cuiaba,-14.62,-57.49,112547
lawang,Lawang,ID,,Asia/Jakarta,-7.84,112.69,112540
itacoatiara,Itacoatiara,BR,,America/Manaus,-3.14,-58.44,112520
bouskoura,Bouskoura,MA,,Africa/Casablanca,33.45,-7.65,112501
satumare,Satu Mare,RO,,Europe/Bucharest,47.8,22.86,112490
cubatao,Cubatão,BR,,America/Sao_Paulo,-23.89,-46.43,112476
kaiyuan_cn_19,Kaiyuan,CN,19,Asia/Shanghai,42.53,124.04,112462
kamalia,Kamalia,PK,,Asia/Karachi,30.73,72.65,112426
kisii,Kisii,KE,,Africa/Nairobi,-0.68,34.77,112417
petrzalka,Petržalka,SK,,Europe/Bratislava,48.12,17.13,112380
ermelinomatarazzo,Ermelino Matarazzo,BR,,America/Sao_Paulo,-23.49,-46.47,112333
achalpur,Achalpur,IN,,Asia/Kolkata,21.26,77.51,112311
guanare,Guanare,VE,,America/Caracas,9.04,-69.73,112286
wuzhishan,Wuzhishan,CN,,Asia/Shanghai,18.78,109.5,112269
gravesend,Gravesend,US,,America/New_York,40.6,-73.97,112229
rochester_us_mn,Rochester,US,MN,America/Chicago,44.02,-92.47,112225
gondal,Gondal,IN,,Asia/Kolkata,21.96,70.8,112197
faridpur,Farīdpur,BD,,Asia/Dhaka,23.61,89.84,112187
apopa,Apopa,SV,,America/El_Salvador,13.81,-89.18,112158
carmona,Carmona,PH,,Asia/Manila,14.31,121.06,112140
laoag,Laoag,PH,,Asia/Manila,18.2,120.6,112117
elgin,Elgin,US,,America/Chicago,42.04,-88.28,112111
dharashiv,Dharashiv,IN,,Asia/Kolkata,18.18,76.04,112085
xigang,Xigang,CN,,Asia/Shanghai,38.55,106.35,112061
chongfu,Chóngfú,CN,,Asia/Shanghai,30.53,120.43,112060
taipa,Taipa,MO,,Asia/Macau,22.16,113.56,112051
portblair,Port Blair,IN,,Asia/Kolkata,11.67,92.75,112050
minatitlan,Minatitlán,MX,,America/Mexico_City,18,-94.56,112046
esukoron,Esuk Oron,NG,,Africa/Lagos,4.8,8.25,112033
atbara,Atbara,SD,,Africa/Khartoum,17.7,33.99,112021
paulinia,Paulínia,BR,,America/Sao_Paulo,-22.76,-47.15,112003
vicenza,Vicenza,IT,,Europe/Rome,45.55,11.55,111980
ciudadguzman,Ciudad Guzmán,MX,,America/Mexico_City,19.7,-103.46,111975
ballarat,Ballarat,AU,,Australia/Melbourne,-37.57,143.85,111973
tocoa,Tocoa,HN,,America/Tegucigalpa,15.68,-86,111972
westjordan,West Jordan,US,,America/Denver,40.61,-111.94,111946
passos,Passos,BR,,America/Sao_Paulo,-20.72,-46.61,111939
bagalkot,Bagalkot,IN,,Asia/Kolkata,16.19,75.7,111933
lomasdezamora,Lomas de Zamora,AR,,America/Argentina/Buenos_Aires,-34.76,-58.4,111897
yeoju,Yeoju,KR,,Asia/Seoul,37.3,127.63,111897
duma,Dūmā,SY,,Asia/Damascus,33.57,36.4,111864
winterthur,Winterthur,CH,,Europe/Zurich,47.51,8.72,111840
novokuybyshevsk,Novokuybyshevsk,RU,,Europe/Samara,53.1,49.94,111800
bousaada,Bou Saâda,DZ,,Africa/Algiers,35.21,4.17,111787
marituba,Marituba,BR,,America/Belem,-1.36,-48.34,111785
abnub,Abnūb,EG,,Africa/Cairo,27.27,31.15,111785
quchan,Qūchān,IR,,Asia/Tehran,37.11,58.51,111752
kuningan,Kuningan,ID,,Asia/Jakarta,-6.98,108.48,111742
suriapet,Suriāpet,IN,,Asia/Kolkata,17.14,79.62,111729
kandy,Kandy,LK,,Asia/Colombo,7.29,80.63,111701
zefta,Zefta,EG,,Africa/Cairo,30.71,31.24,111700
novalima,Nova Lima,BR,,America/Sao_Paulo,-19.99,-43.85,111697
bangaon,Bangaon,IN,,Asia/Kolkata,23.05,88.83,111693
araxa,Araxá,BR,,America/Sao_Paulo,-19.59,-46.94,111691
inglewood,Inglewood,US,,America/Los_Angeles,33.96,-118.35,111666
kilis,Kilis,TR,,Europe/Istanbul,36.72,37.12,111648
conselheirolafaiete,Conselheiro Lafaiete,BR,,America/Sao_Paulo,-20.66,-43.79,111596
terrebonne,Terrebonne,CA,,America/Toronto,45.7,-73.65,111575
resende,Resende,BR,,America/Sao_Paulo,-22.47,-44.45,111514
kyimyindine,Kyimyindine,MM,,Asia/Yangon,16.81,96.12,111514
setkalay,Set Ka Lay,MM,,Asia/Yangon,16.81,96.11,111514
chelmsford,Chelmsford,GB,,Europe/London,51.74,0.47,111511
marzahn,Marzahn,DE,,Europe/Berlin,52.55,13.57,111508
chiquimula,Chiquimula,GT,,America/Guatemala,14.8,-89.55,111505
cileunyi,Cileunyi,ID,,Asia/Jakarta,-6.94,107.75,111476
ashoknagarkalyangarh,Ashoknagar Kalyangarh,IN,,Asia/Kolkata,22.86,88.64,111475
mongu,Mongu,ZM,,Africa/Lusaka,-15.25,23.13,111450
mulhouse,Mulhouse,FR,,Europe/Paris,47.75,7.33,111430
alfqihbencalah,Al Fqih Ben Çalah,MA,,Africa/Casablanca,32.5,-6.69,111402
pulilan,Pulilan,PH,,Asia/Manila,14.9,120.85,111384
beaubassinrosehill,Beau Bassin-Rose Hill,MU,,Indian/Mauritius,-20.23,57.47,111355
tuscaloosa,Tuscaloosa,US,,America/Chicago,33.21,-87.57,111338
sogamoso,Sogamoso,CO,,America/Bogota,5.71,-72.93,111336
saintefoy,Sainte-Foy,CA,,America/Toronto,46.78,-71.29,111300
mbale,Mbale,UG,,Africa/Kampala,1.08,34.18,111300
saolourencodamata,São Lourenço da Mata,BR,,America/Recife,-8,-35.02,111249
montreuil,Montreuil,FR,,Europe/Paris,48.86,2.44,111240
terni,Terni,IT,,Europe/Rome,42.56,12.64,111189
deesa,Deesa,IN,,Asia/Kolkata,24.26,72.18,111160
navadwip,Navadwīp,IN,,Asia/Kolkata,23.41,88.37,111123
maran,Maran,MY,,Asia/Kuala_Lumpur,3.59,102.77,111056
nandurbar,Nandurbar,IN,,Asia/Kolkata,21.37,74.24,111037
kasuga,Kasuga,JP,,Asia/Tokyo,33.53,130.46,111023
nsukka,Nsukka,NG,,Africa/Lagos,6.86,7.4,111017
nguru,Nguru,NG,,Africa/Lagos,12.88,10.46,111014
mabopane,Mabopane,ZA,,Africa/Johannesburg,-25.51,28.06,110972
namur,Namur,BE,,Europe/Brussels,50.47,4.87,110939
encheng,Encheng,CN,,Asia/Shanghai,22.19,112.3,110921
turhal,Turhal,TR,,Europe/Istanbul,40.39,36.08,110884
govap,Gò Vấp,VN,,Asia/Ho_Chi_Minh,10.82,106.68,110850
bandareanzali,Bandar-e Anzalī,IR,,Asia/Tehran,37.47,49.46,110826
richardson,Richardson,US,,America/Chicago,32.95,-96.73,110815
bokhtar,Bokhtar,TJ,,Asia/Dushanbe,37.84,68.78,110800
hadejia,Hadejia,NG,,Africa/Lagos,12.45,10.04,110753
zhuji,Zhuji,CN,,Asia/Shanghai,29.72,120.24,110721
perpignan,Perpignan,FR,,Europe/Paris,42.7,2.9,110706
lowell,Lowell,US,,America/New_York,42.63,-71.32,110699
manacapuru,Manacapuru,BR,,America/Manaus,-3.3,-60.62,110691
eastindependence,East Independence,US,,America/Chicago,39.1,-94.36,110675
caen,Caen,FR,,Europe/Paris,49.19,-0.36,110624
kyivskyi_ua_18,Kyivskyi,UA,18,Europe/Kyiv,49.61,34.53,110600
borazjan,Borāzjān,IR,,Asia/Tehran,29.27,51.22,110567
saopedrodaaldeia,São Pedro da Aldeia,BR,,America/Sao_Paulo,-22.84,-42.1,110556
yenangyaung,Yenangyaung,MM,,Asia/Yangon,20.47,94.87,110553
gresham,Gresham,US,,America/Los_Angeles,45.5,-122.43,110553
antioch,Antioch,US,,America/Los_Angeles,38,-121.81,110542
manzini,Manzini,SZ,,Africa/Mbabane,-26.5,31.38,110537
stjohns,St. John's,CA,,America/St_Johns,47.56,-52.71,110525
delicias,Delicias,ES,,Europe/Madrid,41.65,-0.91,110520
masindi,Masindi,UG,,Africa/Kampala,1.67,31.72,110500
kfarsaba,Kfar Saba,IL,,Asia/Jerusalem,32.17,34.91,110456
matsuto,Matsutō,JP,,Asia/Tokyo,36.52,136.57,110408
cambridge_us,Cambridge,US,,America/New_York,42.38,-71.11,110402
sultanpur,Sultānpur,IN,,Asia/Kolkata,26.26,82.07,110368
delhicantonment,Delhi Cantonment,IN,,Asia/Kolkata,28.6,77.13,110351
firozpur,Firozpur,IN,,Asia/Kolkata,30.93,74.61,110313
bayugan,Bayugan,PH,,Asia/Manila,8.76,125.77,110313
highpoint,High Point,US,,America/New_York,35.96,-80.01,110268
datun,Datun,CN,,Asia/Shanghai,34.81,116.9,110258
manchester_us,Manchester,US,,America/New_York,43,-71.45,110229
baneh,Bāneh,IR,,Asia/Tehran,36,45.89,110218
geylang,Geylang,SG,,Asia/Singapore,1.32,103.89,110201
kresek,Kresek,ID,,Asia/Jakarta,-6.13,106.38,110182
bender,Bender,MD,,Europe/Chisinau,46.83,29.48,110175
mbombela,Mbombela,ZA,,Africa/Johannesburg,-25.48,30.97,110159
rodenkirchen,Rodenkirchen,DE,,Europe/Berlin,50.89,6.99,110158
sembawangestate,Sembawang Estate,SG,,Asia/Singapore,1.45,103.83,110090
tubarao,Tubarão,BR,,America/Sao_Paulo,-28.47,-49.01,110088
gabes,Gabès,TN,,Africa/Tunis,33.88,10.1,110075
orkney,Orkney,ZA,,Africa/Johannesburg,-26.98,26.67,110052
qingnian,Qingnian,CN,,Asia/Shanghai,36.84,115.71,110046
temecula,Temecula,US,,America/Los_Angeles,33.49,-117.15,110003
lucapa,Lucapa,AO,,Africa/Luanda,-8.42,20.74,110000
mendip,Mendip,GB,,Europe/London,51.24,-2.63,110000
qalatsukkar,Qal‘at Sukkar,IQ,,Asia/Baghdad,31.86,46.07,110000
annumaniyah,An Nu‘mānīyah,IQ,,Asia/Baghdad,32.56,45.41,110000
kufa,Kufa,IQ,,Asia/Baghdad,32.05,44.44,110000
ressanogarcia,Ressano Garcia,MZ,,Africa/Maputo,-25.44,32,110000
noyabrsk,Noyabrsk,RU,,Asia/Yekaterinburg,63.19,75.44,110000
sengerema,Sengerema,TZ,,Africa/Dar_es_Salaam,-2.67,32.65,110000
bataysk,Bataysk,RU,,Europe/Moscow,47.14,39.76,109962
pisa,Pisa,IT,,Europe/Rome,43.71,10.4,109960
linshui,Linshui,CN,,Asia/Shanghai,36.42,114.2,109955
kamagaya,Kamagaya,JP,,Asia/Tokyo,35.77,140,109932
suttoncoldfield,Sutton Coldfield,GB,,Europe/London,52.57,-1.82,109899
hailun,Hailun,CN,,Asia/Shanghai,47.45,126.92,109881
maramag,Maramag,PH,,Asia/Manila,7.76,125.01,109864
kecskemet,Kecskemét,HU,,Europe/Budapest,46.91,19.69,109847
seversk,Seversk,RU,,Asia/Tomsk,56.6,84.89,109844
ciamis,Ciamis,ID,,Asia/Jakarta,-7.33,108.35,109839
murrieta,Murrieta,US,,America/Los_Angeles,33.55,-117.21,109830
brovary,Brovary,UA,,Europe/Kyiv,50.52,30.81,109806
laksi,Lak Si,TH,,Asia/Bangkok,13.89,100.58,109770
wakefield,Wakefield,GB,,Europe/London,53.68,-1.5,109766
centennial,Centennial,US,,America/Denver,39.58,-104.88,109741
shilong,Shilong,CN,,Asia/Shanghai,23.11,113.85,109733
richmond_us_ca,Richmond,US,CA,America/Los_Angeles,37.94,-122.35,109708
corona_us_ny,Corona,US,NY,America/New_York,40.75,-73.86,109698
thoilai,Thới Lai,VN,,Asia/Ho_Chi_Minh,10.07,105.56,109684
sejoumi,Sejoumi,TN,,Africa/Tunis,36.76,10.12,109672
dchiraeljihadia,Dchira El Jihadia,MA,,Africa/Casablanca,30.37,-9.55,109564
didao,Didao,CN,,Asia/Shanghai,45.35,130.84,109561
arsuz,Arsuz,TR,,Europe/Istanbul,36.41,35.89,109550
pelabuhanratu,Pelabuhanratu,ID,,Asia/Jakarta,-6.99,106.55,109523
marugame,Marugame,JP,,Asia/Tokyo,34.28,133.78,109513
habikino,Habikino,JP,,Asia/Tokyo,34.55,135.59,109479
arzamas,Arzamas,RU,,Europe/Moscow,55.4,43.84,109479
phalaborwa,Phalaborwa,ZA,,Africa/Johannesburg,-23.94,31.14,109468
walthamstow,Walthamstow,GB,,Europe/London,51.59,-0.02,109424
pueblo,Pueblo,US,,America/Denver,38.25,-104.61,109412
guaianases,Guaianases,BR,,America/Sao_Paulo,-23.54,-46.41,109316
ijebuigbo,Ijebu-Igbo,NG,,Africa/Lagos,6.97,4,109261
sergiyevposad,Sergiyev Posad,RU,,Europe/Moscow,56.31,38.14,109252
talisay_ph_06,Talisay,PH,06,Asia/Manila,10.74,122.97,109204
sanjuan_ar,San Juan,AR,,America/Argentina/San_Juan,-31.54,-68.53,109123
sehore,Sehore,IN,,Asia/Kolkata,23.2,77.08,109118
jianchang,Jianchang,CN,,Asia/Shanghai,27.56,116.64,109108
hulan,Hulan,CN,,Asia/Shanghai,45.89,126.58,109104
matagalpa,Matagalpa,NI,,America/Managua,12.93,-85.92,109089
khlongtoei,Khlong Toei,TH,,Asia/Bangkok,13.71,100.58,109041
leninskkuznetsky,Leninsk-Kuznetsky,RU,,Asia/Novokuznetsk,54.66,86.17,109023
kiryu,Kiryū,JP,,Asia/Tokyo,36.4,139.33,108991
handeni,Handeni,TZ,,Africa/Dar_es_Salaam,-5.43,38.02,108968
zhongxiang,Zhongxiang,CN,,Asia/Shanghai,31.17,112.58,108883
thunderbay,Thunder Bay,CA,,America/Toronto,48.38,-89.25,108843
iwatsuki,Iwatsuki,JP,,Asia/Tokyo,35.96,139.7,108833
pearland,Pearland,US,,America/Chicago,29.56,-95.29,108821
dehui,Dehui,CN,,Asia/Shanghai,44.54,125.69,108818
waterbury,Waterbury,US,,America/New_York,41.56,-73.05,108802
greeley,Greeley,US,,America/Denver,40.42,-104.71,108795
boulognebillancourt,Boulogne-Billancourt,FR,,Europe/Paris,48.84,2.24,108782
warisan,Warīsān,AE,,Asia/Dubai,25.17,55.41,108759
kalisz,Kalisz,PL,,Europe/Warsaw,51.76,18.09,108759
baiamare,Baia Mare,RO,,Europe/Bucharest,47.66,23.57,108759
mascara,Mascara,DZ,,Africa/Algiers,35.4,0.14,108629
uromi,Uromi,NG,,Africa/Lagos,6.7,6.33,108608
katumba,Katumba,TZ,,Africa/Dar_es_Salaam,-9.23,33.62,108558
mongcai,Móng Cái,VN,,Asia/Bangkok,21.52,107.97,108553
vilamaria,Vila Maria,BR,,America/Sao_Paulo,-23.51,-46.59,108543
komatsu,Komatsu,JP,,Asia/Tokyo,36.4,136.45,108509
westcovina,West Covina,US,,America/Los_Angeles,34.07,-117.94,108484
enterprise,Enterprise,US,,America/Los_Angeles,36.03,-115.24,108481
bansbaria,Bānsbāria,IN,,Asia/Kolkata,22.95,88.4,108474
giron,Girón,CO,,America/Bogota,7.07,-73.17,108466
baghlan,Baghlān,AF,,Asia/Kabul,36.13,68.71,108449
hanjia,Hanjia,CN,,Asia/Shanghai,29.3,108.16,108430
trincomalee,Trincomalee,LK,,Asia/Colombo,8.58,81.23,108420
lacitelimoilou,La Cité-Limoilou,CA,,America/Toronto,46.83,-71.23,108415
santiago_ph,Santiago,PH,,Asia/Manila,16.69,121.55,108414
taibai,Taibai,CN,,Asia/Shanghai,30.82,108.36,108387
vedado,Vedado,CU,,America/Havana,23.14,-82.39,108369
dagenham,Dagenham,GB,,Europe/London,51.55,0.17,108368
xuyong,Xuyong,CN,,Asia/Shanghai,28.17,105.43,108352
northcharleston,North Charleston,US,,America/New_York,32.85,-79.97,108304
sohar,Sohar,OM,,Asia/Muscat,24.35,56.71,108274
nehe,Nehe,CN,,Asia/Shanghai,48.48,124.87,108253
oktyabrsky,Oktyabrsky,RU,,Asia/Yekaterinburg,54.48,53.47,108200
tadpatri,Tadpatri,IN,,Asia/Kolkata,14.91,78.01,108171
birninkebbi,Birnin Kebbi,NG,,Africa/Lagos,12.45,4.2,108164
santacruz_ph_40,Santa Cruz,PH,40,Asia/Manila,14.28,121.42,108145
everett,Everett,US,,America/Los_Angeles,47.98,-122.2,108010
annuhud,An Nuhūd,SD,,Africa/Khartoum,12.7,28.43,108008
ullyul,Ŭllyul,KP,,Asia/Pyongyang,38.51,125.19,107997
rijeka,Rijeka,HR,,Europe/Zagreb,45.33,14.44,107964
douliu,Douliu,TW,,Asia/Taipei,23.71,120.54,107924
luiseduardomagalhaes,Luis Eduardo Magalhães,BR,,America/Bahia,-12.09,-45.79,107909
catbalogan,Catbalogan,PH,,Asia/Manila,11.78,124.89,107896
collegestation,College Station,US,,America/Chicago,30.63,-96.33,107889
assalt,As Salţ,JO,,Asia/Amman,32.04,35.73,107874
mishima,Mishima,JP,,Asia/Tokyo,35.12,138.92,107851
jalpaiguri,Jalpāiguri,IN,,Asia/Kolkata,26.52,88.73,107832
jalainur,Jalai Nur,CN,,Asia/Shanghai,49.45,117.7,107828
tajimi,Tajimi,JP,,Asia/Tokyo,35.32,137.13,107818
castelar,Castelar,AR,,America/Argentina/Buenos_Aires,-34.65,-58.64,107786
pompanobeach,Pompano Beach,US,,America/New_York,26.24,-80.12,107762
coronel,Coronel,CL,,America/Santiago,-37.03,-73.14,107759
dusit,Dusit,TH,,Asia/Bangkok,13.78,100.52,107655
basingstoke,Basingstoke,GB,,Europe/London,51.26,-1.09,107642
bandirma,Bandırma,TR,,Europe/Istanbul,40.35,27.98,107631
maidstone,Maidstone,GB,,Europe/London,51.27,0.52,107627
tieli,Tieli,CN,,Asia/Shanghai,46.98,128.05,107621
ummqasr,Umm Qaşr,IQ,,Asia/Baghdad,30.04,47.92,107620
santana_br_03,Santana,BR,03,America/Belem,-0.04,-51.17,107618
butterworth,Butterworth,MY,,Asia/Kuala_Lumpur,5.4,100.36,107591
shaping,Shaping,CN,,Asia/Shanghai,22.77,112.96,107589
labe,Labé,GN,,Africa/Conakry,11.32,-12.28,107571
koszalin,Koszalin,PL,,Europe/Warsaw,54.19,16.17,107450
bolzano,Bolzano,IT,,Europe/Rome,46.49,11.34,107436
southfulton,South Fulton,US,,America/New_York,33.59,-84.67,107436
sherpur,Sherpur,BD,,Asia/Dhaka,25.02,90.02,107419
obninsk,Obninsk,RU,,Europe/Moscow,55.11,36.61,107392
circoiscrizionevi,Circoiscrizione VI,IT,,Europe/Rome,45.1,7.7,107369
girardotcity,Girardot City,CO,,America/Bogota,4.3,-74.81,107324
koblenz,Koblenz,DE,,Europe/Berlin,50.35,7.58,107319
itaperuna,Itaperuna,BR,,America/Sao_Paulo,-21.2,-41.89,107246
siegen,Siegen,DE,,Europe/Berlin,50.87,8.02,107242
hirnytskyi,Hirnytskyi,UA,,Europe/Kyiv,48.02,37.97,107216
cambe,Cambé,BR,,America/Sao_Paulo,-23.28,-51.28,107208
mangalagiri,Mangalagiri,IN,,Asia/Kolkata,16.43,80.57,107197
thohoyandou,Thohoyandou,ZA,,Africa/Johannesburg,-22.95,30.48,107144
assuwayq,As Suwayq,OM,,Asia/Muscat,23.85,57.44,107143
norwalk,Norwalk,US,,America/Los_Angeles,33.9,-118.08,107140
yenvinh,Yên Vinh,VN,,Asia/Bangkok,18.67,105.67,107082
mitrovice,Mitrovicë,XK,,Europe/Belgrade,42.88,20.87,107045
yevpatoriya,Yevpatoriya,UA,,Europe/Simferopol,45.2,33.37,107040
pati,Pati,ID,,Asia/Jakarta,-6.76,111.04,107028
elista,Elista,RU,,Europe/Moscow,46.31,44.26,106971
breves,Breves,BR,,America/Belem,-1.68,-50.48,106968
deramuradjamali,Dera Murad Jamali,PK,,Asia/Karachi,28.55,68.22,106952
taungoo,Taungoo,MM,,Asia/Yangon,18.94,96.43,106945
bedford,Bedford,GB,,Europe/London,52.13,-0.47,106940
bagongsilangan,Bagong Silangan,PH,,Asia/Manila,14.71,121.11,106886
kangnyong,Kangnyŏng,KP,,Asia/Pyongyang,37.91,125.51,106827
catialamar,Catia La Mar,VE,,America/Caracas,10.61,-67.03,106822
boulder,Boulder,US,,America/Denver,40.01,-105.27,106803
anning,Anning,CN,,Asia/Shanghai,24.92,102.48,106795
rayong,Rayong,TH,,Asia/Bangkok,12.68,101.26,106737
sirte,Sirte,LY,,Africa/Tripoli,31.21,16.59,106705
cheremushki,Cherëmushki,RU,,Europe/Moscow,55.66,37.56,106587
brokenarrow,Broken Arrow,US,,America/Chicago,36.05,-95.79,106563
dalycity,Daly City,US,,America/Los_Angeles,37.71,-122.46,106562
acailandia,Açailândia,BR,,America/Fortaleza,-4.95,-47.5,106550
cikarang,Cikarang,ID,,Asia/Jakarta,-6.26,107.15,106479
arlit,Arlit,NE,,Africa/Niamey,18.74,7.39,106448
bagjon,Ba Đồn,VN,,Asia/Bangkok,17.75,106.42,106413
ranebennur,Ranebennur,IN,,Asia/Kolkata,14.62,75.63,106406
longjiang,Longjiang,CN,,Asia/Shanghai,47.34,123.2,106384
hwado,Hwado,KR,,Asia/Seoul,37.65,127.31,106358
buhe,Buhe,CN,,Asia/Shanghai,30.29,112.23,106347
pindiga,Pindiga,NG,,Africa/Lagos,9.98,10.95,106322
berdyansk,Berdyansk,UA,,Europe/Kyiv,46.76,36.79,106311
toufen,Toufen,TW,,Asia/Taipei,24.69,120.91,106310
dakhla,Dakhla,EH,,Africa/El_Aaiun,23.68,-15.96,106277
paniqui,Paniqui,PH,,Asia/Manila,15.67,120.58,106190
novotroitsk,Novotroitsk,RU,,Asia/Yekaterinburg,51.2,58.31,106186
bergischgladbach,Bergisch Gladbach,DE,,Europe/Berlin,50.99,7.13,106184
rangamati,Rangamati,BD,,Asia/Dhaka,22.64,92.19,106069
alchevsk,Alchevsk,UA,,Europe/Kyiv,48.47,38.82,106062
sonla,Sơn La,VN,,Asia/Bangkok,21.33,103.92,106052
mingachevir,Mingachevir,AZ,,Asia/Baku,40.76,47.06,106048
legnica,Legnica,PL,,Europe/Warsaw,51.21,16.16,106033
tokoza,Tokoza,ZA,,Africa/Johannesburg,-26.36,28.13,106000
sydney_ca,Sydney,CA,,America/Glace_Bay,46.14,-60.18,105968
derbent,Derbent,RU,,Europe/Moscow,42.07,48.29,105965
xinghua,Xinghua,CN,,Asia/Shanghai,32.94,119.83,105918
khurja,Khurja,IN,,Asia/Kolkata,28.25,77.86,105909
mati,Mati,PH,,Asia/Manila,6.96,126.22,105908
arjawinangun,Arjawinangun,ID,,Asia/Jakarta,-6.65,108.41,105845
leplateaumontroyal,Le Plateau-Mont-Royal,CA,,America/Toronto,45.53,-73.58,105813
funchal,Funchal,PT,,Atlantic/Madeira,32.67,-16.93,105795
kishanganj,Kishanganj,IN,,Asia/Kolkata,26.1,87.96,105782
yautepec,Yautepec,MX,,America/Mexico_City,18.88,-99.07,105780
jatai,Jataí,BR,,America/Sao_Paulo,-17.88,-51.72,105729
sergeli,Sergeli,UZ,,Asia/Tashkent,41.2,69.22,105700
azare,Azare,NG,,Africa/Lagos,11.67,10.19,105687
nantou_tw,Nantou,TW,,Asia/Taipei,23.92,120.66,105682
ipojuca,Ipojuca,BR,,America/Recife,-8.4,-35.06,105638
lahaddatu,Lahad Datu,MY,,Asia/Kuching,5.02,118.33,105622
vilaprudente,Vila Prudente,BR,,America/Sao_Paulo,-23.59,-46.57,105590
novaserrana,Nova Serrana,BR,,America/Sao_Paulo,-19.88,-44.98,105552
paragominas,Paragominas,BR,,America/Belem,-3,-47.35,105550
bukama,Bukama,CD,,Africa/Lubumbashi,-9.2,25.85,105530
ponnani,Ponnāni,IN,,Asia/Kolkata,10.77,75.93,105512
tanza,Tanza,PH,,Asia/Manila,14.68,120.94,105510
inzai,Inzai,JP,,Asia/Tokyo,35.83,140.16,105463
bhairabbazar,Bhairab Bāzār,BD,,Asia/Dhaka,24.05,90.98,105457
chengtangcun,Chengtangcun,CN,,Asia/Shanghai,35.08,117.19,105456
hindaun,Hindaun,IN,,Asia/Kolkata,26.73,77.04,105452
jamalpur_in,Jamālpur,IN,,Asia/Kolkata,25.31,86.49,105434
abutij,Abū Tīj,EG,,Africa/Cairo,27.05,31.32,105418
coatepeque,Coatepeque,GT,,America/Guatemala,14.7,-91.86,105415
baraki,Baraki,DZ,,Africa/Algiers,36.67,3.1,105402
robatkarim,Robāţ Karīm,IR,,Asia/Tehran,35.48,51.08,105393
akra,'Ākra,IQ,,Asia/Baghdad,36.73,43.88,105370
sandysprings,Sandy Springs,US,,America/New_York,33.92,-84.38,105330
burbank,Burbank,US,,America/Los_Angeles,34.18,-118.31,105319
talingchan,Taling Chan,TH,,Asia/Bangkok,13.78,100.46,105299
sanjusto,San Justo,AR,,America/Argentina/Buenos_Aires,-34.68,-58.56,105274
hoabinh,Hòa Bình,VN,,Asia/Bangkok,20.82,105.34,105260
saintpaul_re,Saint-Paul,RE,,Indian/Reunion,-21.01,55.27,105240
ourense,Ourense,ES,,Europe/Madrid,42.34,-7.86,105233
nagaur,Nāgaur,IN,,Asia/Kolkata,27.2,73.73,105218
riachofundoii,Riacho Fundo II,BR,,America/Sao_Paulo,-15.9,-48.05,105210
greenbay,Green Bay,US,,America/Chicago,44.52,-88.02,105207
mityana,Mityana,UG,,Africa/Kampala,0.42,32.02,105200
jizan,Jizan,SA,,Asia/Riyadh,16.89,42.55,105198
texcocodemora,Texcoco de Mora,MX,,America/Mexico_City,19.51,-98.88,105165
bangbon,Bang Bon,TH,,Asia/Bangkok,13.66,100.4,105161
nikopol,Nikopol,UA,,Europe/Kyiv,47.57,34.39,105160
mazyr,Mazyr,BY,,Europe/Minsk,52.04,29.22,105152
slovyansk,Slovyansk,UA,,Europe/Kyiv,48.85,37.6,105141
maranguape,Maranguape,BR,,America/Fortaleza,-3.89,-38.69,105093
santamaria_us,Santa Maria,US,,America/Los_Angeles,34.95,-120.44,105093
assis,Assis,BR,,America/Sao_Paulo,-22.66,-50.41,105087
sanfranciscodeborja,San Francisco De Borja,PE,,America/Lima,-12.09,-77,105076
yidu,Yidu,CN,,Asia/Shanghai,36.77,118.42,105070
nancy,Nancy,FR,,Europe/Paris,48.68,6.18,105058
drammen,Drammen,NO,,Europe/Oslo,59.74,10.2,105042
planaltina_br_29,Planaltina,BR,29,America/Sao_Paulo,-15.45,-47.61,105031
araguaina,Araguaína,BR,,America/Araguaina,-7.19,-48.21,105019
kualakrai,Kuala Krai,MY,,Asia/Kuala_Lumpur,5.53,102.2,105007
zhonghe,Zhonghe,CN,,Asia/Shanghai,28.45,108.99,105003
universalcity,Universal City,US,,America/Los_Angeles,34.14,-118.35,105000
puyangchengguanzhen,Puyang Chengguanzhen,CN,,Asia/Shanghai,35.71,115.03,104994
ikeda,Ikeda,JP,,Asia/Tokyo,34.82,135.43,104993
waterloo,Waterloo,CA,,America/Toronto,43.47,-80.52,104986
ambalasadar,Ambala Sadar,IN,,Asia/Kolkata,30.34,76.86,104974
chinautla,Chinautla,GT,,America/Guatemala,14.7,-90.5,104972
salzgitter,Salzgitter,DE,,Europe/Berlin,52.16,10.42,104970
villemarie,Ville-Marie,CA,,America/Toronto,45.5,-73.57,104944
moratalaz,Moratalaz,ES,,Europe/Madrid,40.41,-3.65,104923
bhiwadi,Bhiwadi,IN,,Asia/Kolkata,28.21,76.86,104921
bundi,Būndi,IN,,Asia/Kolkata,25.44,75.64,104919
miryalaguda,Miryalaguda,IN,,Asia/Kolkata,16.87,79.56,104918
daxing,Daxing,CN,,Asia/Shanghai,39.74,116.33,104904
arturalvim,Artur Alvim,BR,,America/Sao_Paulo,-23.54,-46.49,104864
yezhou,Yezhou,CN,,Asia/Shanghai,30.6,109.72,104839
hidalgodelparral,Hidalgo del Parral,MX,,America/Chihuahua,26.93,-105.67,104836
saijo,Saijō,JP,,Asia/Tokyo,33.92,133.18,104791
lavras,Lavras,BR,,America/Sao_Paulo,-21.25,-45,104761
coronelfabriciano,Coronel Fabriciano,BR,,America/Sao_Paulo,-19.52,-42.63,104736
jena,Jena,DE,,Europe/Berlin,50.93,11.59,104712
wichitafalls,Wichita Falls,US,,America/Chicago,33.91,-98.49,104710
brantford,Brantford,CA,,America/Toronto,43.13,-80.27,104688
gera,Gera,DE,,Europe/Berlin,50.88,12.08,104659
tuyenquang,Tuyên Quang,VN,,Asia/Bangkok,21.82,105.21,104645
ottakring,Ottakring,AT,,Europe/Vienna,48.22,16.3,104627
alfaw,Al Fāw,IQ,,Asia/Baghdad,29.97,48.47,104569
angoche,Angoche,MZ,,Africa/Maputo,-16.23,39.91,104540
elmourouj,El Mourouj,TN,,Africa/Tunis,36.71,10.21,104538
depok_id_10,Depok,ID,10,Asia/Jakarta,-7.76,110.43,104527
toride,Toride,JP,,Asia/Tokyo,35.9,140.08,104524
mostar,Mostar,BA,,Europe/Sarajevo,43.34,17.81,104518
kamloops,Kamloops,CA,,America/Vancouver,50.67,-120.32,104460
mazabuka,Mazabuka,ZM,,Africa/Lusaka,-15.86,27.75,104412
lakeland,Lakeland,US,,America/New_York,28.04,-81.95,104401
pozniaky,Pozniaky,UA,,Europe/Kyiv,50.4,30.62,104400
zhezqazghan,Zhezqazghan,KZ,,Asia/Almaty,47.79,67.71,104357
pailou,Pailou,CN,,Asia/Shanghai,30.8,108.39,104351
loprado,Lo Prado,CL,,America/Santiago,-33.44,-70.73,104316
tiziouzou,Tizi Ouzou,DZ,,Africa/Algiers,36.71,4.05,104312
pulandian,Pulandian,CN,,Asia/Shanghai,39.4,121.97,104277
helsingborg,Helsingborg,SE,,Europe/Stockholm,56.05,12.69,104250
kotaddu,Kot Addu,PK,,Asia/Karachi,30.47,70.97,104217
bouafle,Bouaflé,CI,,Africa/Abidjan,6.99,-5.74,104209
kara,Kara,TG,,Africa/Lome,9.55,1.19,104207
clovis,Clovis,US,,America/Los_Angeles,36.83,-119.7,104180
kafue,Kafue,ZM,,Africa/Lusaka,-15.77,28.18,104174
wuchuan,Wuchuan,CN,,Asia/Shanghai,21.46,110.77,104168
muriae,Muriaé,BR,,America/Sao_Paulo,-21.13,-42.37,104108
salaqi,Salaqi,CN,,Asia/Shanghai,40.54,110.51,104090
kalulushi,Kalulushi,ZM,,Africa/Lusaka,-12.84,28.09,104046
lewisville,Lewisville,US,,America/Chicago,33.05,-96.99,104039
ouedzem,Oued Zem,MA,,Africa/Casablanca,32.86,-6.57,104029
weldiya,Weldiya,ET,,Africa/Addis_Ababa,11.83,39.59,104000
soyibug,Soyībug,IN,,Asia/Kolkata,34.08,74.71,104000
izmaylovo,Izmaylovo,RU,,Europe/Moscow,55.79,37.8,104000
kiselevsk,Kiselëvsk,RU,,Asia/Novokuznetsk,53.99,86.66,104000
jishu,Jishu,CN,,Asia/Shanghai,44.32,126.8,103988
elkelaadessrarhna,El Kelaa des Srarhna,MA,,Africa/Casablanca,32.05,-7.41,103982
seguela,Séguéla,CI,,Africa/Abidjan,7.96,-6.67,103980
ourinhos,Ourinhos,BR,,America/Sao_Paulo,-22.98,-49.87,103970
totonicapan,Totonicapán,GT,,America/Guatemala,14.91,-91.36,103952
abreuelima,Abreu e Lima,BR,,America/Recife,-7.91,-34.9,103945
addamir,Ad-Damir,SD,,Africa/Khartoum,17.6,33.97,103941
jagtial,Jagtiāl,IN,,Asia/Kolkata,18.79,78.92,103930
lida,Lida,BY,,Europe/Minsk,53.88,25.3,103916
woking,Woking,GB,,Europe/London,51.32,-0.56,103900
roorkee,Roorkee,IN,,Asia/Kolkata,29.87,77.89,103894
edea,Edéa,CM,,Africa/Douala,3.8,10.13,103861
yuxi,Yuxi,CN,,Asia/Shanghai,24.36,102.54,103829
lincoln_gb,Lincoln,GB,,Europe/London,53.23,-0.54,103813
novogama,Novo Gama,BR,,America/Sao_Paulo,-16.06,-48.04,103804
poa,Poá,BR,,America/Sao_Paulo,-23.53,-46.34,103765
bashan,Bashan,CN,,Asia/Shanghai,27.77,116.05,103748
nkpor,Nkpor,NG,,Africa/Lagos,6.15,6.83,103733
berberati,Berbérati,CF,,Africa/Bangui,4.26,15.79,103713
bacabal,Bacabal,BR,,America/Fortaleza,-4.23,-44.78,103711
tongren,Tongren,CN,,Asia/Shanghai,35.51,102.02,103700
tyler,Tyler,US,,America/Chicago,32.35,-95.3,103700
male,Male,MV,,Indian/Maldives,4.18,73.51,103693
elcajon,El Cajon,US,,America/Los_Angeles,32.79,-116.96,103679
mandaqui,Mandaqui,BR,,America/Sao_Paulo,-23.46,-46.64,103665
piacenza,Piacenza,IT,,Europe/Rome,45.05,9.69,103607
gardez,Gardez,AF,,Asia/Kabul,33.6,69.23,103601
zhanaozen,Zhanaozen,KZ,,Asia/Aqtau,43.34,52.86,103598
ganguchengguanzhen,Gangu Chengguanzhen,CN,,Asia/Shanghai,34.74,105.33,103589
teziutlan,Teziutlan,MX,,America/Mexico_City,19.82,-97.36,103583
kolda,Kolda,SN,,Africa/Dakar,12.89,-14.94,103574
vilamatilde,Vila Matilde,BR,,America/Sao_Paulo,-23.54,-46.52,103558
udgir,Udgīr,IN,,Asia/Kolkata,18.39,77.12,103550
sanmateo_us,San Mateo,US,,America/Los_Angeles,37.56,-122.33,103536
viseu,Viseu,PT,,Europe/Lisbon,40.66,-7.91,103502
nagda,Nagda,IN,,Asia/Kolkata,23.46,75.42,103501
moers,Moers,DE,,Europe/Berlin,51.45,6.63,103487
brandon,Brandon,US,,America/New_York,27.94,-82.29,103483
buzau,Buzău,RO,,Europe/Bucharest,45.15,26.83,103481
reus,Reus,ES,,Europe/Madrid,41.16,1.11,103477
prabumulih,Prabumulih,ID,,Asia/Jakarta,-3.43,104.23,103470
itabaiana,Itabaiana,BR,,America/Maceio,-10.68,-37.43,103440
francistown,Francistown,BW,,Africa/Gaborone,-21.17,27.51,103417
isehara,Isehara,JP,,Asia/Tokyo,35.4,139.31,103401
queluz,Queluz,PT,,Europe/Lisbon,38.76,-9.25,103399
uba,Ubá,BR,,America/Sao_Paulo,-21.12,-42.94,103365
betul,Betūl,IN,,Asia/Kolkata,21.9,77.9,103330
chikushinoshi,Chikushino-shi,JP,,Asia/Tokyo,33.5,130.52,103311
akademicheskoe,Akademicheskoe,RU,,Europe/Moscow,60.01,30.39,103304
turgutlu,Turgutlu,TR,,Europe/Istanbul,38.5,27.7,103292
taitung,Taitung,TW,,Asia/Taipei,22.76,121.14,103260
kalynivskyi,Kalynivskyi,UA,,Europe/Kyiv,48.01,37.85,103249
san,San,ML,,Africa/Bamako,13.3,-4.9,103227
jahanabad,Jahānābād,IN,,Asia/Kolkata,25.21,84.99,103202
lethbridge,Lethbridge,CA,,America/Edmonton,49.7,-112.82,103197
cursino,Cursino,BR,,America/Sao_Paulo,-23.63,-46.62,103171
velikiyeluki,Velikiye Luki,RU,,Europe/Moscow,56.34,30.54,103149
kashipur,Kashipur,IN,,Asia/Kolkata,29.21,78.96,103138
rialto,Rialto,US,,America/Los_Angeles,34.11,-117.37,103132
westbromwich,West Bromwich,GB,,Europe/London,52.52,-1.99,103112
itanhaem,Itanhaém,BR,,America/Sao_Paulo,-24.18,-46.79,103102
ghazipur,Ghazīpur,IN,,Asia/Kolkata,25.58,83.59,103095
tanjungpandan,Tanjung Pandan,ID,,Asia/Jakarta,-2.73,107.63,103062
santoantoniodejesus,Santo Antônio de Jesus,BR,,America/Bahia,-12.97,-39.26,103055
ikereekiti,Ikere-Ekiti,NG,,Africa/Lagos,7.5,5.23,103054
hildesheim,Hildesheim,DE,,Europe/Berlin,52.15,9.95,103052
bendigo,Bendigo,AU,,Australia/Melbourne,-36.76,144.28,103034
rantauprapat,Rantauprapat,ID,,Asia/Jakarta,2.1,99.83,103009
chumakivskyi,Chumakivskyi,UA,,Europe/Kyiv,47.96,37.94,103005
nkayi,Nkayi,CG,,Africa/Brazzaville,-4.18,13.29,103000
amaravati,Amaravati,IN,,Asia/Kolkata,16.51,80.52,103000
bogorodskoye,Bogorodskoye,RU,,Europe/Moscow,55.81,37.72,103000
lahan,Lahān,NP,,Asia/Kathmandu,26.72,86.48,102955
liberec,Liberec,CZ,,Europe/Prague,50.77,15.06,102951
nagapattinam,Nagapattinam,IN,,Asia/Kolkata,10.76,79.84,102905
qurayyat,Qurayyat,SA,,Asia/Riyadh,31.33,37.34,102903
buxar,Buxar,IN,,Asia/Kolkata,25.58,83.98,102861
portmore,Portmore,JM,,America/Jamaica,17.97,-76.89,102861
santarosa_ar,Santa Rosa,AR,,America/Argentina/Salta,-36.62,-64.29,102860
palmasoriano,Palma Soriano,CU,,America/Havana,20.21,-75.99,102826
pushkino,Pushkino,RU,,Europe/Moscow,55.99,37.83,102816
khushab,Khushāb,PK,,Asia/Karachi,32.3,72.35,102793
lafiagi,Lafiagi,NG,,Africa/Lagos,8.85,5.42,102779
caieiras,Caieiras,BR,,America/Sao_Paulo,-23.36,-46.74,102775
orsha,Orsha,BY,,Europe/Minsk,54.51,30.4,102759
xincheng,Xincheng,CN,,Asia/Urumqi,41.71,82.93,102752
lyon03,Lyon 03,FR,,Europe/Paris,45.76,4.85,102725
belawan,Belawan,ID,,Asia/Jakarta,3.78,98.68,102707
piatraneamt,Piatra Neamţ,RO,,Europe/Bucharest,46.92,26.33,102688
cabudare,Cabudare,VE,,America/Caracas,10.03,-69.26,102686
erlangen,Erlangen,DE,,Europe/Berlin,49.59,11.01,102675
tepexpan,Tepexpan,MX,,America/Mexico_City,19.61,-98.94,102667
tivaouane,Tivaouane,SN,,Africa/Dakar,14.95,-16.82,102658
entebbe,Entebbe,UG,,Africa/Kampala,0.06,32.48,102600
davenport,Davenport,US,,America/Chicago,41.52,-90.58,102582
darnah,Darnah,LY,,Africa/Tripoli,32.77,22.64,102581
dayrut,Dayrūţ,EG,,Africa/Cairo,27.56,30.81,102570
whalley,Whalley,CA,,America/Vancouver,49.18,-122.87,102555
edison,Edison,US,,America/New_York,40.52,-74.41,102548
skhidnikvartaly,Skhidni Kvartaly,UA,,Europe/Kyiv,48.57,39.38,102500
wazirabad,Wazirabad,PK,,Asia/Karachi,32.44,74.12,102444
curico,Curicó,CL,,America/Santiago,-34.98,-71.24,102438
kangson,Kangsŏn,KP,,Asia/Pyongyang,38.94,125.58,102436
lavega,La Vega,DO,,America/Santo_Domingo,19.22,-70.53,102426
shahzadpur,Shāhzādpur,BD,,Asia/Dhaka,24.18,89.6,102420
tulancingo,Tulancingo,MX,,America/Mexico_City,20.08,-98.36,102406
perdizes,Perdizes,BR,,America/Sao_Paulo,-23.54,-46.68,102391
yono,Yono,JP,,Asia/Tokyo,35.88,139.63,102364
apatzingan,Apatzingán,MX,,America/Mexico_City,19.09,-102.36,102362
merauke,Merauke,ID,,Asia/Jayapura,-8.5,140.41,102351
ciutatvella,Ciutat Vella,ES,,Europe/Madrid,41.38,2.17,102347
hillsboro,Hillsboro,US,,America/Los_Angeles,45.52,-122.99,102347
mormugao,Mormugao,IN,,Asia/Kolkata,15.39,73.81,102345
seoni,Seoni,IN,,Asia/Kolkata,22.09,79.55,102343
mitte,Mitte,DE,,Europe/Berlin,52.52,13.4,102338
sabanalarga,Sabanalarga,CO,,America/Bogota,10.63,-74.92,102334
jishou,Jishou,CN,,Asia/Shanghai,28.32,109.73,102332
ngong,Ngong,KE,,Africa/Nairobi,-1.35,36.67,102323
sebeta,Sebeta,ET,,Africa/Addis_Ababa,8.92,38.62,102300
artem,Artëm,RU,,Asia/Vladivostok,43.36,132.19,102300
tsuyama,Tsuyama,JP,,Asia/Tokyo,35.05,134,102294
kashmar,Kāshmar,IR,,Asia/Tehran,35.24,58.47,102282
birigui,Birigui,BR,,America/Sao_Paulo,-21.29,-50.34,102277
aurangabad_in_34,Aurangābād,IN,34,Asia/Kolkata,24.75,84.37,102244
lampa,Lampa,CL,,America/Santiago,-33.29,-70.88,102234
ituiutaba,Ituiutaba,BR,,America/Sao_Paulo,-18.97,-49.46,102217
ukhta,Ukhta,RU,,Europe/Moscow,63.57,53.69,102187
nakhonsithammarat,Nakhon Si Thammarat,TH,,Asia/Bangkok,8.43,99.97,102152
japeri,Japeri,BR,,America/Sao_Paulo,-22.64,-43.65,102149
putatan,Putatan,PH,,Asia/Manila,14.4,121.05,102146
shuifu,Shuifu,CN,,Asia/Shanghai,28.63,104.41,102143
kani,Kani,JP,,Asia/Tokyo,35.4,137.06,102143
onojo,Ōnojō,JP,,Asia/Tokyo,33.54,130.48,102085
aljumayl,Al Jumayl,LY,,Africa/Tripoli,32.85,12.06,102000
shchukino,Shchukino,RU,,Europe/Moscow,55.8,37.45,102000
brateyevo,Brateyevo,RU,,Europe/Moscow,55.64,37.76,102000
venlo,Venlo,NL,,Europe/Amsterdam,51.37,6.17,101988
parintins,Parintins,BR,,America/Manaus,-2.63,-56.74,101956
mairipora,Mairiporã,BR,,America/Sao_Paulo,-23.32,-46.59,101937
novara,Novara,IT,,Europe/Rome,45.45,8.62,101916
shushtar,Shūshtar,IR,,Asia/Tehran,32.05,48.85,101878
wilmersdorf,Wilmersdorf,DE,,Europe/Berlin,52.48,13.32,101877
almusayab,Al-Musayab,IQ,,Asia/Baghdad,32.78,44.29,101873
pordosol,Pôr do Sol,BR,,America/Sao_Paulo,-15.86,-48.12,101866
hedong,Hedong,CN,,Asia/Shanghai,23.92,115.78,101825
hinganghat,Hinganghāt,IN,,Asia/Kolkata,20.55,78.84,101805
balsas,Balsas,BR,,America/Fortaleza,-7.53,-46.04,101767
zonguldak,Zonguldak,TR,,Europe/Istanbul,41.45,31.79,101749
igdir,Iğdır,TR,,Europe/Istanbul,39.92,44.05,101700
kawachinagano,Kawachi-Nagano,JP,,Asia/Tokyo,34.44,135.58,101692
eastbourne,Eastbourne,GB,,Europe/London,50.77,0.28,101689
dhamtari,Dhamtari,IN,,Asia/Kolkata,20.71,81.55,101677
delta,Delta,CA,,America/Vancouver,49.14,-122.91,101668
worcester_gb,Worcester,GB,,Europe/London,52.19,-2.22,101659
lascruces,Las Cruces,US,,America/Denver,32.31,-106.78,101643
szekesfehervar,Székesfehérvár,HU,,Europe/Budapest,47.19,18.41,101600
lagarto,Lagarto,BR,,America/Maceio,-10.92,-37.65,101579
kindrativskyi,Kindrativskyi,UA,,Europe/Kyiv,48.3,38.05,101565
bath,Bath,GB,,Europe/London,51.38,-2.36,101557
sidislimane,Sidi Slimane,MA,,Africa/Casablanca,34.26,-5.93,101541
iida,Iida,JP,,Asia/Tokyo,35.52,137.82,101536
lospuertosdealtagracia,Los Puertos de Altagracia,VE,,America/Caracas,10.71,-71.52,101527
southbend,South Bend,US,,America/Indiana/Indianapolis,41.68,-86.25,101516
kansk,Kansk,RU,,Asia/Krasnoyarsk,56.2,95.72,101502
kalmiuskyi,Kalmiuskyi,UA,,Europe/Kyiv,47.11,37.54,101498
chilliwack,Chilliwack,CA,,America/Vancouver,49.17,-121.95,101491
queenstownestate,Queenstown Estate,SG,,Asia/Singapore,1.29,103.8,101480
argenteuil,Argenteuil,FR,,Europe/Paris,48.95,2.25,101475
khantymansiysk,Khanty-Mansiysk,RU,,Asia/Yekaterinburg,61,69.03,101466
isulan,Isulan,PH,,Asia/Manila,6.63,124.61,101455
itaimbibi,Itaim Bibi,BR,,America/Sao_Paulo,-23.59,-46.68,101452
mbake,Mbaké,SN,,Africa/Dakar,14.79,-15.91,101451
pavlohrad,Pavlohrad,UA,,Europe/Kyiv,48.53,35.87,101430
simmering,Simmering,AT,,Europe/Vienna,48.18,16.43,101420
mustafakemalpasa,Mustafakemalpaşa,TR,,Europe/Istanbul,40.04,28.41,101412
burayu,Burayu,ET,,Africa/Addis_Ababa,9.04,38.66,101400
chilakalurupet,Chilakalūrupet,IN,,Asia/Kolkata,16.09,80.17,101398
malappuram,Malappuram,IN,,Asia/Kolkata,11.04,76.08,101386
ebolowa,Ébolowa,CM,,Africa/Douala,2.9,11.15,101363
dartmouth,Dartmouth,CA,,America/Halifax,44.67,-63.58,101343
orihuela,Orihuela,ES,,Europe/Madrid,38.08,-0.94,101321
kallang,Kallang,SG,,Asia/Singapore,1.33,103.87,101290
sangju,Sangju,KR,,Asia/Seoul,36.42,128.16,101267
perling,Perling,MY,,Asia/Kuala_Lumpur,1.48,103.68,101263
albany,Albany,US,,America/New_York,42.65,-73.76,101228
medinaestates,Medina Estates,GH,,Africa/Accra,5.67,-0.16,101207
chakwal,Chakwal,PK,,Asia/Karachi,32.93,72.85,101200
ngabay,Ngã Bảy,VN,,Asia/Ho_Chi_Minh,9.81,105.82,101192
colatina,Colatina,BR,,America/Sao_Paulo,-19.54,-40.63,101190
gillingham,Gillingham,GB,,Europe/London,51.39,0.55,101187
suruc,Suruç,TR,,Europe/Istanbul,36.98,38.43,101178
teofilootoni,Teófilo Otoni,BR,,America/Sao_Paulo,-17.86,-41.51,101170
huacheng,Huacheng,CN,,Asia/Shanghai,24.07,115.61,101165
ocana,Ocaña,CO,,America/Bogota,8.24,-73.36,101158
hongngu,Hồng Ngự,VN,,Asia/Ho_Chi_Minh,10.8,105.35,101155
daoukro,Daoukro,CI,,Africa/Abidjan,7.06,-3.96,101136
tokuyama,Tokuyama,JP,,Asia/Tokyo,34.05,131.82,101133
tima,Ţimā,EG,,Africa/Cairo,26.91,31.43,101130
donghaecity,Donghae City,KR,,Asia/Seoul,37.54,129.11,101128
standerton,Standerton,ZA,,Africa/Johannesburg,-26.93,29.24,101101
kanoya,Kanoya,JP,,Asia/Tokyo,31.38,130.85,101096
mokopane,Mokopane,ZA,,Africa/Johannesburg,-24.19,29.01,101090
dikirnis,Dikirnis,EG,,Africa/Cairo,31.09,31.59,101082
newbedford,New Bedford,US,,America/New_York,41.64,-70.93,101079
lahijan,Lāhījān,IR,,Asia/Tehran,37.2,50.01,101073
leuven,Leuven,BE,,Europe/Brussels,50.88,4.7,101032
mezhdurechensk,Mezhdurechensk,RU,,Asia/Novokuznetsk,53.69,88.06,101026
banswara,Bānswāra,IN,,Asia/Kolkata,23.54,74.44,101017
jolo,Jolo,PH,,Asia/Manila,6.05,121,101002
ryazanskiy,Ryazanskiy,RU,,Europe/Moscow,55.73,37.77,101000
novyyecheremushki,Novyye Cherëmushki,RU,,Europe/Moscow,55.7,37.58,101000
elbasan,Elbasan,AL,,Europe/Tirane,41.11,20.08,100903
pechersk,Pechersk,UA,,Europe/Kyiv,50.44,30.52,100900
ijok,Ijok,MY,,Asia/Kuala_Lumpur,3.32,101.4,100899
vista,Vista,US,,America/Los_Angeles,33.2,-117.24,100890
davie,Davie,US,,America/New_York,26.06,-80.23,100882
errachidia,Errachidia,MA,,Africa/Casablanca,31.93,-4.43,100870
twifupraso,Twifu Praso,GH,,Africa/Accra,5.61,-1.55,100851
reddeer,Red Deer,CA,,America/Edmonton,52.27,-113.8,100844
solikamsk,Solikamsk,RU,,Asia/Yekaterinburg,59.67,56.74,100812
elprogreso,El Progreso,HN,,America/Tegucigalpa,15.4,-87.8,100810
chirmiri,Chirmiri,IN,,Asia/Kolkata,23.19,82.35,100800
chikusei,Chikusei,JP,,Asia/Tokyo,36.32,139.98,100753
sungailiat,Sungailiat,ID,,Asia/Jakarta,-1.85,106.12,100750
arezzo,Arezzo,IT,,Europe/Rome,43.46,11.88,100734
ujpest,Újpest,HU,,Europe/Budapest,47.57,19.08,100694
calasiao,Calasiao,PH,,Asia/Manila,16.01,120.36,100686
glazov,Glazov,RU,,Europe/Samara,58.14,52.66,100676
rosarito,Rosarito,MX,,America/Tijuana,32.36,-117.05,100660
kallithea,Kallithéa,GR,,Europe/Athens,37.95,23.7,100641
ahar,Ahar,IR,,Asia/Tehran,38.48,47.07,100641
juandiaz,Juan Díaz,PA,,America/Panama,9.04,-79.44,100636
yenbai,Yên Bái,VN,,Asia/Bangkok,21.72,104.91,100631
grogol,Grogol,ID,,Asia/Jakarta,-7.6,110.82,100613
nahiyataliskandariyah,Nāḩiyat al Iskandarīyah,IQ,,Asia/Baghdad,32.89,44.35,100600
puertobarrios,Puerto Barrios,GT,,America/Guatemala,15.73,-88.6,100593
bakwa,Bakwa,CD,,Africa/Lubumbashi,4.13,27.4,100575
itarsi,Itārsi,IN,,Asia/Kolkata,22.61,77.76,100574
chinatown,Chinatown,US,,America/Los_Angeles,37.8,-122.41,100574
simahaphot,Si Maha Phot,TH,,Asia/Bangkok,13.97,101.51,100563
hatien,Hà Tiên,VN,,Asia/Ho_Chi_Minh,10.38,104.49,100560
oleksiyivka,Oleksiyivka,UA,,Europe/Kyiv,50.05,36.19,100500
masjedsoleyman,Masjed Soleymān,IR,,Asia/Tehran,31.94,49.3,100497
losrastrojos,Los Rastrojos,VE,,America/Caracas,10.03,-69.24,100497
vascodagama,Vasco da Gama,IN,,Asia/Kolkata,15.4,73.82,100485
barakaldo,Barakaldo,ES,,Europe/Madrid,43.3,-2.99,100435
lianjiang,Lianjiang,CN,,Asia/Shanghai,21.65,110.28,100341
oleksandrivskyi,Oleksandrivskyi,UA,,Europe/Kyiv,47.97,37.8,100330
ermelo,Ermelo,ZA,,Africa/Johannesburg,-26.53,29.98,100324
klagenfurtamwoerthersee,Klagenfurt am Wörthersee,AT,,Europe/Vienna,46.62,14.31,100316
linxi,Linxi,CN,,Asia/Shanghai,39.71,118.45,100316
tiebo,Tiébo,SN,,Africa/Dakar,14.63,-16.23,100289
gangtok,Gangtok,IN,,Asia/Kolkata,27.33,88.61,100286
datia,Datia,IN,,Asia/Kolkata,25.67,78.46,100284
sakado,Sakado,JP,,Asia/Tokyo,35.96,139.39,100275
sakata,Sakata,JP,,Asia/Tokyo,38.92,139.85,100273
ustilimsk,Ust’-Ilimsk,RU,,Asia/Irkutsk,58,102.66,100271
girona,Girona,ES,,Europe/Madrid,41.98,2.82,100266
renton,Renton,US,,America/Los_Angeles,47.48,-122.22,100242
chust,Chust,UZ,,Asia/Tashkent,41,71.24,100200
kalmunai,Kalmunai,LK,,Asia/Colombo,7.41,81.83,100171
udine,Udine,IT,,Europe/Rome,46.07,13.24,100170
xinzhai,Xinzhai,CN,,Asia/Shanghai,36.4,118.62,100168
phagwara,Phagwāra,IN,,Asia/Kolkata,31.22,75.77,100146
izumisano,Izumisano,JP,,Asia/Tokyo,34.42,135.32,100131
trier,Trier,DE,,Europe/Berlin,49.76,6.64,100129
ginowan,Ginowan,JP,,Asia/Tokyo,26.26,127.76,100125
indasilase,Inda Silasē,ET,,Africa/Addis_Ababa,14.1,38.28,100100
qasrbinghashir,Qaşr Bin Ghashīr,LY,,Africa/Tripoli,32.68,13.18,100069
puntacana,Punta Cana,DO,,America/Santo_Domingo,18.58,-68.4,100023
roanoke,Roanoke,US,,America/New_York,37.27,-79.94,100011
kangding,Kangding,CN,,Asia/Shanghai,30,101.96,100000
alamar,Alamar,CU,,America/Havana,23.16,-82.28,100000
becontree,Becontree,GB,,Europe/London,51.55,0.13,100000
sumedangutara,Sumedang Utara,ID,,Asia/Jakarta,-6.85,107.92,100000
jaffa,Jaffa,IL,,Asia/Jerusalem,32.05,34.75,100000
airoli,Airoli,IN,,Asia/Kolkata,19.15,73,100000
pyongsong,P’yŏngsŏng,KP,,Asia/Pyongyang,39.25,125.87,100000
tajura,Tājūrā’,LY,,Africa/Tripoli,32.88,13.35,100000
colonialindavista,Colonia Lindavista,MX,,America/Mexico_City,19.49,-99.12,100000
sentul,Sentul,MY,,Asia/Kuala_Lumpur,3.18,101.68,100000
serimanjung,Seri Manjung,MY,,Asia/Kuala_Lumpur,4.2,100.67,100000
bandarmahkotacheras,Bandar Mahkota Cheras,MY,,Asia/Kuala_Lumpur,3.05,101.8,100000
modeltown,Model Town,PK,,Asia/Karachi,31.48,74.33,100000
subotica,Subotica,RS,,Europe/Belgrade,46.1,19.67,100000
tekstilshchiki,Tekstil’shchiki,RU,,Europe/Moscow,55.7,37.74,100000
nyagatare,Nyagatare,RW,,Africa/Kigali,-1.3,30.32,100000
sabtalalayah,Sabt Alalayah,SA,,Asia/Riyadh,19.58,41.96,100000
